district_id,district_name,state,year,latitude,longitude,population,urban_population,rural_population,number_of_doctors,number_of_hospitals,hospital_beds,primary_health_centers,disease_burden_index,doctor_to_population_ratio,bed_availability_index,healthcare_access_score,under_served_flag
IND_0001,Agra,Uttar Pradesh,2019,26.272,84.2304,696192,258553,437639,171,10,286,4,0.4456,0.2456,0.0822,0.2545,1
IND_0001,Agra,Uttar Pradesh,2020,26.272,84.2304,706694,265986,440708,165,,219,7,0.5365,0.2335,0.062,0.233,1
IND_0001,Agra,Uttar Pradesh,2021,26.272,84.2304,717630,273691,443939,226,18,547,4,,0.3149,0.1524,0.2439,1
IND_0001,Agra,Uttar Pradesh,2022,26.272,84.2304,724110,279782,,174,15,287,4,0.5918,0.2403,0.0793,0.2011,1
IND_0001,Agra,Uttar Pradesh,2023,26.272,84.2304,742645,290657,451988,315,12,150,,0.4684,0.4242,0.0404,0.2611,1
IND_0002,Aligarh,Uttar Pradesh,2019,29.1336,81.8505,110051,32512,77539,41,2,50,1,0.5298,0.3726,0.0909,0.2783,1
IND_0002,Aligarh,Uttar Pradesh,2020,29.1336,81.8505,111611,33530,78081,61,2,50,1,0.5373,0.5465,0.0896,0.294,1
IND_0002,Aligarh,Uttar Pradesh,2021,29.1336,81.8505,113554,34682,78872,39,2,50,1,0.574,0.3434,0.0881,0.2606,1
IND_0002,Aligarh,Uttar Pradesh,2022,29.1336,81.8505,115946,35992,79954,40,2,50,1,0.6246,0.345,0.0862,0.2206,1
IND_0002,Aligarh,Uttar Pradesh,2023,29.1336,81.8505,117098,36935,80163,16,2,51,1,0.5049,0.1366,0.0871,0.2587,1
IND_0003,Ambedkar Nagar,Uttar Pradesh,2019,25.5503,78.9299,419168,125947,293221,352,14,222,,0.3921,0.8398,0.1059,0.4892,0
IND_0003,Ambedkar Nagar,Uttar Pradesh,2020,25.5503,78.9299,426621,130319,296302,377,12,220,5,0.5297,0.8837,0.1031,0.3751,0
IND_0003,Ambedkar Nagar,Uttar Pradesh,2021,25.5503,78.9299,432843,134384,298459,353,12,338,10,0.5577,0.8155,,0.4945,0
IND_0003,Ambedkar Nagar,Uttar Pradesh,2022,25.5503,78.9299,438047,138190,299857,322,14,178,9,,0.7351,0.0813,0.4598,0
IND_0003,Ambedkar Nagar,Uttar Pradesh,2023,25.5503,78.9299,446337,143037,303300,402,14,390,6,0.4158,0.9007,0.1748,0.432,0
IND_0004,Amethi,Uttar Pradesh,2019,27.4587,81.6879,1415383,267277,1148106,588,32,931,35,0.4211,0.4154,,0.4156,0
IND_0004,Amethi,Uttar Pradesh,2020,27.4587,81.6879,1435548,278263,1157285,1095,55,839,20,0.488,0.7628,0.1169,0.385,0
IND_0004,Amethi,Uttar Pradesh,2021,27.4587,81.6879,1452923,,1164027,662,33,846,21,0.4885,0.4556,0.1165,0.3355,0
IND_0004,Amethi,Uttar Pradesh,2022,27.4587,81.6879,1474321,300522,1173799,800,58,1174,28,0.4665,0.5426,0.1593,0.4059,0
IND_0004,Amethi,Uttar Pradesh,2023,27.4587,81.6879,1516334,316667,1199667,977,61,1121,42,0.4926,0.6443,0.1479,0.4675,0
IND_0005,Amroha,Uttar Pradesh,2019,24.402,80.8082,466523,111671,354852,279,11,268,6,0.3626,0.598,0.1149,0.3727,0
IND_0005,Amroha,Uttar Pradesh,2020,24.402,80.8082,474881,116046,,394,,254,9,0.5326,0.8297,0.107,0.4216,0
IND_0005,Amroha,Uttar Pradesh,2021,24.402,80.8082,483253,120508,,304,18,562,6,0.5381,0.6291,0.2326,0.3683,0
IND_0005,Amroha,Uttar Pradesh,2022,24.402,80.8082,488562,124275,364287,452,13,387,,0.443,0.9252,0.1584,0.4806,0
IND_0005,Amroha,Uttar Pradesh,2023,24.402,80.8082,495573,128536,367037,316,,,12,0.4925,0.6376,0.207,0.4816,0
IND_0006,Auraiya,Uttar Pradesh,2019,27.7213,79.9567,1243774,339709,904065,545,47,1500,25,0.4653,0.4382,0.2412,0.4442,0
IND_0006,Auraiya,Uttar Pradesh,2020,27.7213,79.9567,1263312,351361,911951,,44,1207,24,0.5509,0.6095,,0.4248,0
IND_0006,Auraiya,Uttar Pradesh,2021,27.7213,79.9567,1279104,362149,916955,965,40,758,24,0.5313,0.7544,0.1185,0.4195,0
IND_0006,Auraiya,Uttar Pradesh,2022,27.7213,79.9567,1300417,374686,925731,816,35,510,17,0.3728,,0.0784,0.3862,0
IND_0006,Auraiya,Uttar Pradesh,2023,27.7213,79.9567,1313198,384934,,693,33,532,22,0.4255,,0.081,0.3711,0
IND_0007,Ayodhya,Uttar Pradesh,2019,29.1209,82.7119,305177,74905,230272,227,9,114,5,0.457,,0.0747,0.3967,0
IND_0007,Ayodhya,Uttar Pradesh,2020,29.1209,82.7119,309226,77445,231781,183,12,306,7,0.47,0.5918,0.1979,0.4665,0
IND_0007,Ayodhya,Uttar Pradesh,2021,29.1209,82.7119,313866,80177,233689,309,8,120,5,0.4253,0.9845,0.0765,0.4264,0
IND_0007,Ayodhya,Uttar Pradesh,2022,29.1209,82.7119,320914,83582,237332,182,11,254,6,0.392,0.5671,0.1583,0.4201,0
IND_0007,Ayodhya,Uttar Pradesh,2023,29.1209,82.7119,324526,86145,238381,171,10,187,4,0.3595,0.5269,0.1152,0.3596,0
IND_0008,Azamgarh,Uttar Pradesh,2019,24.6204,82.5815,753267,214828,538439,364,19,290,17,0.4498,0.4832,0.077,0.4164,0
IND_0008,Azamgarh,Uttar Pradesh,2020,24.6204,82.5815,765685,222198,543487,528,30,686,18,0.4906,0.6896,0.1792,0.4768,0
IND_0008,Azamgarh,Uttar Pradesh,2021,24.6204,82.5815,773728,228400,545328,641,25,738,12,0.5198,0.8285,0.1908,0.4326,0
IND_0008,Azamgarh,Uttar Pradesh,2022,24.6204,82.5815,790387,237270,553117,580,22,,15,0.4101,0.7338,0.1678,0.472,0
IND_0008,Azamgarh,Uttar Pradesh,2023,24.6204,82.5815,807507,246447,561060,674,28,573,17,0.4902,0.8347,0.1419,0.4691,0
IND_0009,Baghpat,Uttar Pradesh,2019,27.7024,80.0925,396089,100759,295330,233,12,227,6,0.4606,0.5883,0.1146,0.3511,0
IND_0009,Baghpat,Uttar Pradesh,2020,27.7024,80.0925,400873,103981,,312,16,324,5,0.5697,,0.1616,0.3619,0
IND_0009,Baghpat,Uttar Pradesh,2021,27.7024,80.0925,408373,107968,300405,190,12,249,,0.4833,0.4653,0.1219,0.3736,0
IND_0009,Baghpat,Uttar Pradesh,2022,27.7024,80.0925,410717,110641,300076,226,14,197,9,0.3768,0.5503,0.0959,0.4385,0
IND_0009,Baghpat,Uttar Pradesh,2023,27.7024,80.0925,417469,114548,302921,263,9,145,5,0.3772,0.63,0.0695,0.3416,0
IND_0010,Bahraich,Uttar Pradesh,2019,27.4435,80.3709,1521611,445316,1076295,1339,60,1230,18,0.3903,0.88,0.1617,0.4237,0
IND_0010,Bahraich,Uttar Pradesh,2020,27.4435,80.3709,1540038,458409,1081629,1411,51,1177,32,,0.9162,0.1529,0.4958,0
IND_0010,Bahraich,Uttar Pradesh,2021,27.4435,80.3709,1559879,472114,1087765,1182,46,879,,0.4686,0.7578,,0.4803,0
IND_0010,Bahraich,Uttar Pradesh,2022,27.4435,80.3709,1591013,489492,1101521,1224,60,810,34,0.4243,0.7693,0.1018,0.4606,0
IND_0010,Bahraich,Uttar Pradesh,2023,27.4435,80.3709,1601158,500619,1100539,1595,43,1266,34,0.471,0.9962,,0.5338,0
IND_0011,Ballia,Uttar Pradesh,2019,28.4568,84.0394,535044,108825,,421,21,648,,0.4793,0.7869,0.2422,0.4566,0
IND_0011,Ballia,Uttar Pradesh,2020,28.4568,84.0394,541674,,428792,,20,490,14,0.4964,0.5889,0.1809,0.4687,0
IND_0011,Ballia,Uttar Pradesh,2021,28.4568,84.0394,552958,117998,434960,359,19,601,,,0.6492,0.2174,0.4485,0
IND_0011,Ballia,Uttar Pradesh,2022,28.4568,84.0394,558337,121938,436399,452,23,317,10,0.4819,0.8095,0.1136,0.4287,0
IND_0011,Ballia,Uttar Pradesh,2023,28.4568,84.0394,568046,126898,441148,319,15,413,10,0.3587,0.5616,0.1454,0.4113,0
IND_0012,Balrampur,Uttar Pradesh,2019,24.4038,83.681,194560,47323,147237,170,6,82,3,,0.8738,0.0843,0.4171,0
IND_0012,Balrampur,Uttar Pradesh,2020,24.4038,83.681,197455,49014,148441,147,5,116,3,0.5696,0.7445,0.1175,0.3839,0
IND_0012,Balrampur,Uttar Pradesh,2021,24.4038,83.681,201322,50981,,89,5,134,2,0.5626,0.4421,0.1331,0.2951,0
IND_0012,Balrampur,Uttar Pradesh,2022,24.4038,83.681,204458,52797,151661,,6,113,4,,0.4989,0.1105,0.3816,0
IND_0012,Balrampur,Uttar Pradesh,2023,24.4038,83.681,208797,54962,153835,178,7,87,3,0.4233,0.8525,0.0833,0.4128,0
IND_0013,Banda,Uttar Pradesh,2019,28.3783,78.7558,524741,129167,395574,,16,326,11,0.4096,0.9243,0.1243,0.4976,0
IND_0013,Banda,Uttar Pradesh,2020,28.3783,78.7558,533772,134059,399713,454,20,490,7,0.4501,0.8506,0.1836,0.4129,0
IND_0013,Banda,Uttar Pradesh,2021,28.3783,78.7558,537819,137765,400054,401,20,,6,0.4244,0.7456,0.1569,0.422,0
IND_0013,Banda,Uttar Pradesh,2022,28.3783,78.7558,545238,142391,402847,,,231,9,0.4277,0.7245,0.0847,0.3995,0
IND_0013,Banda,Uttar Pradesh,2023,28.3783,78.7558,553002,147184,405818,289,20,252,14,0.3578,0.5226,0.0911,0.4959,0
IND_0014,Barabanki,Uttar Pradesh,2019,26.7853,81.9268,568381,218348,350033,107,9,140,5,0.5486,0.1883,,0.2421,1
IND_0014,Barabanki,Uttar Pradesh,2020,26.7853,81.9268,575306,223884,351422,141,12,227,4,0.6442,0.2451,0.0789,0.1903,1
IND_0014,Barabanki,Uttar Pradesh,2021,26.7853,81.9268,586411,231138,355273,234,13,217,6,0.5821,0.399,0.074,0.3142,1
IND_0014,Barabanki,Uttar Pradesh,2022,26.7853,81.9268,591798,236220,355578,194,9,150,3,,0.3278,0.0507,0.2581,1
IND_0014,Barabanki,Uttar Pradesh,2023,26.7853,81.9268,602897,,359232,308,10,173,3,,0.5109,0.0574,0.2404,1
IND_0015,Bareilly,Uttar Pradesh,2019,30.1698,77.137,487741,149810,337931,335,17,214,7,0.4557,0.6868,0.0878,0.3945,0
IND_0015,Bareilly,Uttar Pradesh,2020,30.1698,77.137,495593,154700,340893,343,19,239,12,0.534,,0.0965,0.4398,0
IND_0015,Bareilly,Uttar Pradesh,2021,30.1698,77.137,501930,159188,342742,464,16,473,,0.4791,0.9244,0.1885,0.465,0
IND_0015,Bareilly,Uttar Pradesh,2022,30.1698,77.137,511790,164874,346916,334,13,215,6,0.4405,,0.084,0.3731,0
IND_0015,Bareilly,Uttar Pradesh,2023,30.1698,77.137,516205,168877,347328,,16,436,11,0.4577,0.678,0.1689,0.4809,0
IND_0016,Basti,Uttar Pradesh,2019,25.8281,83.1227,538656,89025,449631,299,13,333,9,0.4288,0.5551,,0.383,0
IND_0016,Basti,Uttar Pradesh,2020,25.8281,83.1227,547166,93168,453998,517,20,331,9,0.5063,0.9449,0.121,0.3957,0
IND_0016,Basti,Uttar Pradesh,2021,25.8281,83.1227,552760,96884,455876,471,14,174,13,0.5139,0.8521,0.063,0.4258,0
IND_0016,Basti,Uttar Pradesh,2022,25.8281,83.1227,565437,101933,,483,,370,13,0.3911,0.8542,0.1309,0.4649,0
IND_0016,Basti,Uttar Pradesh,2023,25.8281,83.1227,572155,106005,,356,21,529,12,0.4596,0.6222,0.1849,0.4184,0
IND_0017,Bhadohi,Uttar Pradesh,2019,26.7724,82.7712,1109929,229896,880033,594,28,855,24,,0.5352,0.1541,0.4482,0
IND_0017,Bhadohi,Uttar Pradesh,2020,26.7724,82.7712,1125646,238780,886866,526,37,737,22,0.511,0.4673,0.1309,0.3798,0
IND_0017,Bhadohi,Uttar Pradesh,2021,26.7724,82.7712,1148592,249390,899202,1064,43,585,22,0.4577,0.9264,0.1019,0.4472,0
IND_0017,Bhadohi,Uttar Pradesh,2022,26.7724,82.7712,1160681,257819,902862,753,34,425,17,0.4945,0.6488,0.0732,0.3548,0
IND_0017,Bhadohi,Uttar Pradesh,2023,26.7724,82.7712,1181372,268321,913051,946,28,593,16,0.4992,,0.1004,0.3778,0
IND_0018,Bijnor,Uttar Pradesh,2019,30.3782,83.2048,349423,65671,283752,223,,206,6,,0.6382,0.1179,0.4127,0
IND_0018,Bijnor,Uttar Pradesh,2020,30.3782,83.2048,353903,68282,285621,250,8,252,9,0.5632,0.7064,0.1424,0.4416,0
IND_0018,Bijnor,Uttar Pradesh,2021,30.3782,83.2048,359535,71167,288368,,14,388,6,0.5195,0.6898,0.2158,0.3878,0
IND_0018,Bijnor,Uttar Pradesh,2022,30.3782,83.2048,366122,,,,9,200,8,0.3563,0.4698,0.1093,0.4268,0
IND_0018,Bijnor,Uttar Pradesh,2023,30.3782,83.2048,372281,77412,294869,199,9,245,6,0.3531,0.5345,0.1316,0.3901,0
IND_0019,Budaun,Uttar Pradesh,2019,28.9126,81.9293,294092,83026,211066,166,9,242,6,0.4485,0.5644,0.1646,0.4288,0
IND_0019,Budaun,Uttar Pradesh,2020,28.9126,81.9293,297969,85611,212358,271,8,233,7,0.543,0.9095,0.1564,0.475,0
IND_0019,Budaun,Uttar Pradesh,2021,28.9126,81.9293,304549,89024,215525,134,7,198,4,0.5163,0.44,0.13,0.3354,0
IND_0019,Budaun,Uttar Pradesh,2022,28.9126,81.9293,307316,91369,215947,131,11,153,5,0.47,0.4263,,0.3858,0
IND_0019,Budaun,Uttar Pradesh,2023,28.9126,81.9293,314069,94947,219122,147,8,154,5,0.3723,0.4681,0.0981,0.3994,0
IND_0020,Bulandshahr,Uttar Pradesh,2019,23.8212,81.7469,340788,119273,221515,,,144,3,0.5477,0.3287,0.0845,0.2562,1
IND_0020,Bulandshahr,Uttar Pradesh,2020,23.8212,81.7469,345777,122748,223029,68,3,80,4,0.6695,0.1967,0.0463,0.2496,1
IND_0020,Bulandshahr,Uttar Pradesh,2021,23.8212,81.7469,349124,125682,223442,82,5,85,2,0.6663,0.2349,0.0487,0.1933,1
IND_0020,Bulandshahr,Uttar Pradesh,2022,23.8212,81.7469,358035,130680,227355,88,7,93,,0.4685,,,0.2409,1
IND_0020,Bulandshahr,Uttar Pradesh,2023,23.8212,81.7469,365188,,230072,87,6,151,4,0.5777,0.2382,0.0827,0.263,1
IND_0021,Chandauli,Uttar Pradesh,2019,26.862,84.39,142829,49973,92856,28,2,58,1,0.4809,0.196,0.0812,0.2317,1
IND_0021,Chandauli,Uttar Pradesh,2020,26.862,84.39,145010,51461,93549,29,2,50,1,0.5431,0.2,0.069,0.2269,1
IND_0021,Chandauli,Uttar Pradesh,2021,26.862,84.39,146324,52659,93665,29,2,50,1,0.6325,0.1982,0.0683,0.2044,1
IND_0021,Chandauli,Uttar Pradesh,2022,26.862,84.39,149872,54685,95187,53,2,50,1,0.517,0.3536,0.0667,0.2319,1
IND_0021,Chandauli,Uttar Pradesh,2023,26.862,84.39,151298,,95336,77,2,50,1,0.5367,0.5089,0.0661,0.2803,1
IND_0022,Chitrakoot,Uttar Pradesh,2019,29.2228,80.5445,555740,152567,403173,279,21,352,7,0.4022,0.502,0.1267,0.327,0
IND_0022,Chitrakoot,Uttar Pradesh,2020,29.2228,80.5445,562829,157327,405502,443,20,,13,0.4743,0.7871,0.1098,0.4824,0
IND_0022,Chitrakoot,Uttar Pradesh,2021,29.2228,80.5445,574339,163416,410923,502,15,381,11,0.4335,,0.1327,0.4463,0
IND_0022,Chitrakoot,Uttar Pradesh,2022,29.2228,80.5445,585444,169503,415941,355,16,433,13,0.3527,,0.1479,0.4906,0
IND_0022,Chitrakoot,Uttar Pradesh,2023,29.2228,80.5445,587075,172911,414164,458,17,,14,0.4778,,0.0749,0.4612,0
IND_0023,Deoria,Uttar Pradesh,2019,30.3699,83.5177,264698,74688,190010,124,10,285,6,0.4358,0.4685,0.2153,0.4141,0
IND_0023,Deoria,Uttar Pradesh,2020,30.3699,83.5177,268990,77244,191746,146,,130,5,0.5686,,0.0967,0.3801,0
IND_0023,Deoria,Uttar Pradesh,2021,30.3699,83.5177,271979,79462,192517,262,8,193,4,0.452,0.9633,0.1419,0.437,0
IND_0023,Deoria,Uttar Pradesh,2022,30.3699,83.5177,276029,82025,194004,203,8,254,3,0.3912,0.7354,0.184,0.39,0
IND_0023,Deoria,Uttar Pradesh,2023,30.3699,83.5177,283080,85536,197544,125,6,79,,0.453,0.4416,0.0558,0.3648,0
IND_0024,Etah,Uttar Pradesh,2019,28.2126,82.19,237082,83113,153969,103,3,,2,0.4225,0.4344,0.0422,0.272,1
IND_0024,Etah,Uttar Pradesh,2020,28.2126,82.19,240854,85640,155214,107,3,83,1,0.6935,0.4443,0.0689,0.1971,1
IND_0024,Etah,Uttar Pradesh,2021,28.2126,82.19,243216,87696,155520,89,3,56,1,0.5732,0.3659,,0.2238,1
IND_0024,Etah,Uttar Pradesh,2022,28.2126,82.19,247935,90637,157298,99,2,50,2,0.4977,0.3993,0.0403,0.2704,1
IND_0024,Etah,Uttar Pradesh,2023,28.2126,82.19,251876,93337,158539,61,5,90,1,0.435,0.2422,0.0715,0.2367,1
IND_0025,Etawah,Uttar Pradesh,2019,27.0267,80.1133,956151,380070,576081,595,30,496,20,0.4864,0.6223,0.1037,0.46,0
IND_0025,Etawah,Uttar Pradesh,2020,27.0267,80.1133,970279,390538,579741,930,37,721,12,0.4662,0.9585,0.1486,0.4651,0
IND_0025,Etawah,Uttar Pradesh,2021,27.0267,80.1133,985907,401757,584150,940,,498,19,0.5277,0.9534,0.101,0.4795,0
IND_0025,Etawah,Uttar Pradesh,2022,27.0267,80.1133,996273,410963,585310,648,,841,9,0.4997,0.6504,0.1688,0.3721,0
IND_0025,Etawah,Uttar Pradesh,2023,27.0267,80.1133,1021292,,594902,864,41,564,,0.3616,0.846,0.1104,0.4408,0
IND_0026,Farrukhabad,Uttar Pradesh,2019,24.3073,80.8547,141097,45088,96009,34,2,50,1,0.4959,0.241,0.0709,0.2565,1
IND_0026,Farrukhabad,Uttar Pradesh,2020,24.3073,80.8547,143170,46466,96704,50,2,,1,0.5835,,0.0782,0.227,1
IND_0026,Farrukhabad,Uttar Pradesh,2021,24.3073,80.8547,144583,47648,96935,41,2,53,1,0.5075,0.2836,0.0733,0.2592,1
IND_0026,Farrukhabad,Uttar Pradesh,2022,24.3073,80.8547,148031,49524,98507,43,2,,1,0.621,0.2905,0.0703,0.2181,1
IND_0026,Farrukhabad,Uttar Pradesh,2023,24.3073,80.8547,149605,50799,98806,34,2,56,1,0.4975,0.2273,0.0749,0.2421,1
IND_0027,Fatehpur,Uttar Pradesh,2019,25.8831,81.9362,1307463,306358,1001105,302,,459,8,0.4906,0.231,0.0702,0.2242,1
IND_0027,Fatehpur,Uttar Pradesh,2020,25.8831,81.9362,1329224,318103,1011121,516,13,,9,0.4992,0.3882,0.0549,0.211,1
IND_0027,Fatehpur,Uttar Pradesh,2021,25.8831,81.9362,1339405,327237,1012168,675,20,266,10,,0.504,0.0397,0.2418,1
IND_0027,Fatehpur,Uttar Pradesh,2022,25.8831,81.9362,1359824,339025,1020799,345,19,469,12,,0.2537,,0.2434,1
IND_0027,Fatehpur,Uttar Pradesh,2023,25.8831,81.9362,1391994,354005,,345,21,537,,0.5219,0.2478,0.0772,0.2608,1
IND_0028,Firozabad,Uttar Pradesh,2019,29.435,78.9148,117461,21626,95835,52,4,111,3,0.4916,0.4427,0.189,0.4355,0
IND_0028,Firozabad,Uttar Pradesh,2020,29.435,78.9148,119340,22568,96772,60,4,50,1,,0.5028,0.0838,0.293,0
IND_0028,Firozabad,Uttar Pradesh,2021,29.435,78.9148,120466,23383,97083,70,4,51,3,0.4693,0.5811,0.0847,0.4074,0
IND_0028,Firozabad,Uttar Pradesh,2022,29.435,78.9148,123167,24524,98643,68,4,88,2,0.3558,0.5521,0.1429,0.3951,0
IND_0028,Firozabad,Uttar Pradesh,2023,29.435,78.9148,125990,25716,100274,120,4,,,0.4387,0.9525,0.1381,0.4477,0
IND_0029,Gautam Buddha Nagar,Uttar Pradesh,2019,29.1518,83.3687,1050784,,824092,515,34,697,14,,0.4901,0.1327,0.3767,0
IND_0029,Gautam Buddha Nagar,Uttar Pradesh,2020,29.1518,83.3687,1064807,235042,829765,838,41,740,19,0.5459,0.787,0.139,0.3653,0
IND_0029,Gautam Buddha Nagar,Uttar Pradesh,2021,29.1518,83.3687,1077155,243153,834002,795,27,639,29,0.4123,0.7381,0.1186,0.4721,0
IND_0029,Gautam Buddha Nagar,Uttar Pradesh,2022,29.1518,83.3687,1102963,254494,848469,790,40,1169,18,0.4711,0.7163,0.212,0.4319,0
IND_0029,Gautam Buddha Nagar,Uttar Pradesh,2023,29.1518,83.3687,1115165,262885,852280,722,43,846,,0.4758,0.6474,0.1517,0.3637,0
IND_0030,Ghaziabad,Uttar Pradesh,2019,24.9831,83.1,608259,91725,,117,,221,7,0.569,0.1924,0.0727,0.2526,1
IND_0030,Ghaziabad,Uttar Pradesh,2020,24.9831,83.1,616777,96093,520684,211,10,257,6,0.5425,0.3421,0.0833,0.2765,1
IND_0030,Ghaziabad,Uttar Pradesh,2021,24.9831,83.1,623443,100249,523194,161,7,182,6,0.5476,,,0.2524,1
IND_0030,Ghaziabad,Uttar Pradesh,2022,24.9831,83.1,641148,106301,534847,127,12,147,9,0.5052,0.1981,0.0459,0.2781,1
IND_0030,Ghaziabad,Uttar Pradesh,2023,24.9831,83.1,651450,111267,540183,175,11,260,5,,0.2686,0.0798,0.248,1
IND_0031,Ghazipur,Uttar Pradesh,2019,28.7393,83.9591,143799,36476,,59,4,67,3,,0.4103,0.0932,0.4161,0
IND_0031,Ghazipur,Uttar Pradesh,2020,28.7393,83.9591,146048,37776,108272,114,5,140,,0.5626,0.7806,0.1917,0.4371,0
IND_0031,Ghazipur,Uttar Pradesh,2021,28.7393,83.9591,148212,39077,109135,84,,138,2,0.4994,,0.1862,0.3576,0
IND_0031,Ghazipur,Uttar Pradesh,2022,28.7393,83.9591,150374,40399,109975,68,,163,2,0.4483,0.4522,0.2168,0.3949,0
IND_0031,Ghazipur,Uttar Pradesh,2023,28.7393,83.9591,151221,41383,109838,90,4,90,2,0.4031,0.5952,0.119,0.3847,0
IND_0032,Gonda,Uttar Pradesh,2019,26.392,81.2503,648933,127164,521769,560,23,556,,0.451,0.863,0.1714,0.4248,0
IND_0032,Gonda,Uttar Pradesh,2020,26.392,81.2503,657348,132100,,301,16,269,12,0.4191,0.4579,0.0818,0.4078,0
IND_0032,Gonda,Uttar Pradesh,2021,26.392,81.2503,667985,137577,530408,491,23,506,13,0.5585,0.735,0.1515,0.4121,0
IND_0032,Gonda,Uttar Pradesh,2022,26.392,81.2503,683347,144158,539189,,20,557,9,0.4211,0.5488,0.163,0.3984,0
IND_0032,Gonda,Uttar Pradesh,2023,26.392,81.2503,686048,148158,537890,620,18,,13,0.3614,0.9037,0.1554,0.4934,0
IND_0033,Gorakhpur,Uttar Pradesh,2019,24.2393,81.9624,386248,92777,293471,367,,209,7,0.3603,,0.1082,0.4635,0
IND_0033,Gorakhpur,Uttar Pradesh,2020,24.2393,81.9624,392673,96284,296389,280,14,386,9,0.5415,0.7131,0.1966,0.4198,0
IND_0033,Gorakhpur,Uttar Pradesh,2021,24.2393,81.9624,399140,99865,299275,305,15,369,5,0.5041,,0.1849,0.3723,0
IND_0033,Gorakhpur,Uttar Pradesh,2022,24.2393,81.9624,403052,102859,300193,368,15,387,6,0.4909,0.913,0.192,0.4224,0
IND_0033,Gorakhpur,Uttar Pradesh,2023,24.2393,81.9624,413010,,305545,378,10,259,7,0.4149,0.9152,0.1254,0.4576,0
IND_0034,Hamirpur,Uttar Pradesh,2019,29.3762,78.9676,147951,35147,112804,45,3,50,1,,0.3042,0.0676,0.2622,1
IND_0034,Hamirpur,Uttar Pradesh,2020,29.3762,78.9676,150403,36482,113921,35,2,50,1,0.6908,0.2327,0.0665,0.1692,1
IND_0034,Hamirpur,Uttar Pradesh,2021,29.3762,78.9676,152692,37800,114892,68,2,51,1,0.628,0.4453,0.0668,0.2517,1
IND_0034,Hamirpur,Uttar Pradesh,2022,29.3762,78.9676,154586,39042,115544,67,2,51,1,0.6165,0.4334,,0.2146,1
IND_0034,Hamirpur,Uttar Pradesh,2023,29.3762,78.9676,155298,39998,115300,34,3,,1,0.5526,0.2189,0.0644,0.2588,1
IND_0035,Hapur,Uttar Pradesh,2019,29.3928,77.568,308198,82662,225536,268,7,93,4,0.3844,0.8696,0.0604,0.3799,0
IND_0035,Hapur,Uttar Pradesh,2020,29.3928,77.568,312499,85378,227121,180,7,133,6,0.412,0.576,0.0851,0.4097,0
IND_0035,Hapur,Uttar Pradesh,2021,29.3928,77.568,318654,88653,,159,10,244,5,0.4681,0.499,0.1531,0.3482,0
IND_0035,Hapur,Uttar Pradesh,2022,29.3928,77.568,321213,90971,230242,243,13,252,4,0.4234,0.7565,0.1569,0.3952,0
IND_0035,Hapur,Uttar Pradesh,2023,29.3928,77.568,329144,94863,234281,164,13,303,6,0.4234,0.4983,0.1841,0.4001,0
IND_0036,Hardoi,Uttar Pradesh,2019,29.2497,79.2428,702574,150145,552429,427,23,642,,0.4509,0.6078,0.1828,0.3969,0
IND_0036,Hardoi,Uttar Pradesh,2020,29.2497,79.2428,714167,156194,557973,356,20,434,19,0.4135,0.4985,0.1215,0.4462,0
IND_0036,Hardoi,Uttar Pradesh,2021,29.2497,79.2428,726116,162438,563678,477,,,13,0.5035,0.6569,0.0796,0.3699,0
IND_0036,Hardoi,Uttar Pradesh,2022,29.2497,79.2428,728494,166612,561882,496,17,241,16,0.3922,0.6809,0.0662,0.4352,0
IND_0036,Hardoi,Uttar Pradesh,2023,29.2497,79.2428,743701,,569892,343,29,797,12,0.4018,0.4612,0.2143,0.3817,0
IND_0037,Hathras,Uttar Pradesh,2019,30.0513,83.7364,237407,80081,157326,50,5,,1,0.4925,0.2106,0.0783,0.2311,1
IND_0037,Hathras,Uttar Pradesh,2020,30.0513,83.7364,241634,,,71,4,108,2,0.7028,0.2938,0.0894,0.2092,1
IND_0037,Hathras,Uttar Pradesh,2021,30.0513,83.7364,244044,84760,159284,74,3,85,1,0.6207,0.3032,0.0697,0.1667,1
IND_0037,Hathras,Uttar Pradesh,2022,30.0513,83.7364,250156,88134,162022,107,4,50,,0.5306,0.4277,,0.2645,1
IND_0037,Hathras,Uttar Pradesh,2023,30.0513,83.7364,252922,,,61,3,85,2,0.5359,0.2412,0.0672,0.2142,1
IND_0038,Jalaun,Uttar Pradesh,2019,29.2354,83.2552,242251,36371,205880,142,5,108,6,0.3832,0.5862,0.0892,0.4344,0
IND_0038,Jalaun,Uttar Pradesh,2020,29.2354,83.2552,246152,38188,207964,172,7,106,,0.5694,0.6988,0.0861,0.402,0
IND_0038,Jalaun,Uttar Pradesh,2021,29.2354,83.2552,250558,40124,,222,7,98,5,,0.886,0.0782,0.4244,0
IND_0038,Jalaun,Uttar Pradesh,2022,29.2354,83.2552,255024,42115,212909,189,8,249,4,0.4829,0.7411,0.1953,0.4225,0
IND_0038,Jalaun,Uttar Pradesh,2023,29.2354,83.2552,257361,43787,213574,240,7,,7,,0.9325,0.0925,0.5254,0
IND_0039,Jaunpur,Uttar Pradesh,2019,26.408,82.5628,1105278,231302,873976,691,30,375,25,0.4489,0.6252,0.0679,0.4092,0
IND_0039,Jaunpur,Uttar Pradesh,2020,26.408,82.5628,1121314,240265,881049,,26,364,14,0.5254,0.8419,0.0649,0.3619,0
IND_0039,Jaunpur,Uttar Pradesh,2021,26.408,82.5628,1137603,249443,888160,505,38,477,25,0.4389,0.4439,0.0839,0.3954,0
IND_0039,Jaunpur,Uttar Pradesh,2022,26.408,82.5628,1156787,259433,897354,531,46,758,19,0.4726,0.459,,0.36,0
IND_0039,Jaunpur,Uttar Pradesh,2023,26.408,82.5628,1172894,268910,903984,812,36,548,,,0.6923,0.0934,0.4163,0
IND_0040,Jhansi,Uttar Pradesh,2019,25.0767,81.9113,608731,189561,419170,324,16,456,12,0.4737,0.5323,0.1498,0.4158,0
IND_0040,Jhansi,Uttar Pradesh,2020,25.0767,81.9113,619645,196057,423588,597,21,615,9,0.4973,0.9635,0.1985,0.4243,0
IND_0040,Jhansi,Uttar Pradesh,2021,25.0767,81.9113,623547,200410,423137,543,24,429,8,0.52,0.8708,0.1376,0.3703,0
IND_0040,Jhansi,Uttar Pradesh,2022,25.0767,81.9113,637701,208147,429554,,19,520,9,,0.828,0.1631,0.4365,0
IND_0040,Jhansi,Uttar Pradesh,2023,25.0767,81.9113,645756,214005,431751,629,20,272,9,0.3542,,0.0842,0.4339,0
IND_0041,Kannauj,Uttar Pradesh,2019,27.6074,81.3294,257517,72112,185405,,3,67,2,0.6143,0.3378,,0.2426,1
IND_0041,Kannauj,Uttar Pradesh,2020,27.6074,81.3294,261733,74601,187132,77,,85,3,0.5719,,0.065,0.281,1
IND_0041,Kannauj,Uttar Pradesh,2021,27.6074,81.3294,266402,77264,189138,120,3,72,2,0.5044,0.4504,0.0541,0.268,1
IND_0041,Kannauj,Uttar Pradesh,2022,27.6074,81.3294,270150,79702,190448,56,,78,3,0.5809,0.2073,0.0577,0.2489,1
IND_0041,Kannauj,Uttar Pradesh,2023,27.6074,81.3294,270907,81280,,89,4,52,1,0.5423,0.3285,0.0384,0.2148,1
IND_0042,Kanpur Dehat,Uttar Pradesh,2019,27.6487,82.5767,181809,66174,115635,143,5,62,2,0.3585,0.7865,0.0682,0.379,0
IND_0042,Kanpur Dehat,Uttar Pradesh,2020,27.6487,82.5767,184264,67988,116276,88,7,92,2,0.4756,0.4776,,0.2999,0
IND_0042,Kanpur Dehat,Uttar Pradesh,2021,27.6487,82.5767,187999,70307,117692,179,7,150,3,,0.9521,0.1596,0.45,0
IND_0042,Kanpur Dehat,Uttar Pradesh,2022,27.6487,82.5767,191370,72524,118846,145,7,95,3,0.4862,0.7577,0.0993,0.3947,0
IND_0042,Kanpur Dehat,Uttar Pradesh,2023,27.6487,82.5767,191057,73361,117696,138,7,,4,0.3687,0.7223,0.1277,0.49,0
IND_0043,Kanpur Nagar,Uttar Pradesh,2019,28.2369,80.7096,275831,70561,205270,169,9,176,4,0.4164,0.6127,0.1276,0.3915,0
IND_0043,Kanpur Nagar,Uttar Pradesh,2020,28.2369,80.7096,280036,73037,206999,208,9,141,3,0.5265,0.7428,0.1007,0.3601,0
IND_0043,Kanpur Nagar,Uttar Pradesh,2021,28.2369,80.7096,282662,75135,207527,183,8,,4,,0.6474,0.1627,0.3879,0
IND_0043,Kanpur Nagar,Uttar Pradesh,2022,28.2369,80.7096,289175,78313,210862,136,11,148,4,0.369,0.4703,0.1024,0.3567,0
IND_0043,Kanpur Nagar,Uttar Pradesh,2023,28.2369,80.7096,293136,80851,212285,136,10,202,5,0.4123,0.4639,0.1378,0.3939,0
IND_0044,Kasganj,Uttar Pradesh,2019,26.9356,84.0183,631084,169768,461316,222,11,222,8,0.507,,0.0704,0.2923,1
IND_0044,Kasganj,Uttar Pradesh,2020,26.9356,84.0183,639187,175144,464043,191,13,331,5,0.5328,0.2988,0.1036,0.2727,1
IND_0044,Kasganj,Uttar Pradesh,2021,26.9356,84.0183,647932,180780,467152,166,13,336,6,0.6695,,0.1037,0.2065,1
IND_0044,Kasganj,Uttar Pradesh,2022,26.9356,84.0183,657405,186710,,173,11,152,6,0.5233,0.2632,0.0462,0.2611,1
IND_0044,Kasganj,Uttar Pradesh,2023,26.9356,84.0183,676375,195479,480896,182,8,184,6,0.5255,0.2691,,0.2482,1
IND_0045,Kaushambi,Uttar Pradesh,2019,28.0859,82.1166,410385,139516,270869,319,17,301,9,0.3574,0.7773,0.1467,0.5183,0
IND_0045,Kaushambi,Uttar Pradesh,2020,28.0859,82.1166,416079,143532,272547,265,17,521,6,0.5532,0.6369,0.2504,0.3985,0
IND_0045,Kaushambi,Uttar Pradesh,2021,28.0859,82.1166,421850,147632,274218,282,15,301,6,0.4668,,0.1427,0.397,0
IND_0045,Kaushambi,Uttar Pradesh,2022,28.0859,82.1166,426162,151272,274890,242,16,288,9,0.4786,0.5679,0.1352,0.4569,0
IND_0045,Kaushambi,Uttar Pradesh,2023,28.0859,82.1166,431666,155384,276282,275,16,496,6,0.4493,0.6371,0.2298,0.432,0
IND_0046,Kheri,Uttar Pradesh,2019,24.9145,77.5023,668836,179098,489738,334,22,580,13,0.4406,0.4994,0.1734,0.4445,0
IND_0046,Kheri,Uttar Pradesh,2020,24.9145,77.5023,680390,185594,494796,552,20,258,,0.5298,0.8113,0.0758,0.4506,0
IND_0046,Kheri,Uttar Pradesh,2021,24.9145,77.5023,687888,191079,,425,21,464,13,0.4697,0.6178,0.1349,0.4034,0
IND_0046,Kheri,Uttar Pradesh,2022,24.9145,77.5023,701233,198292,502941,,19,422,11,,0.6717,0.1204,0.4022,0
IND_0046,Kheri,Uttar Pradesh,2023,24.9145,77.5023,713953,205458,508495,373,17,519,12,,0.5224,0.1454,0.4146,0
IND_0047,Kushinagar,Uttar Pradesh,2019,24.1553,78.5241,410634,103796,306838,266,13,381,5,0.4667,0.6478,0.1856,0.3788,0
IND_0047,Kushinagar,Uttar Pradesh,2020,24.1553,78.5241,416413,107339,309074,,11,206,10,0.4086,0.4179,0.0989,0.4291,0
IND_0047,Kushinagar,Uttar Pradesh,2021,24.1553,78.5241,425074,111697,313377,296,,132,7,0.4539,0.6963,,0.3975,0
IND_0047,Kushinagar,Uttar Pradesh,2022,24.1553,78.5241,432868,115910,316958,253,11,134,8,0.4654,0.5845,0.0619,0.38,0
IND_0047,Kushinagar,Uttar Pradesh,2023,24.1553,78.5241,436291,119008,317283,236,11,,10,0.4609,0.5409,0.1109,0.4178,0
IND_0048,Lalitpur,Uttar Pradesh,2019,24.0845,78.4432,593702,186088,407614,164,,158,3,0.6325,0.2762,0.0532,0.1888,1
IND_0048,Lalitpur,Uttar Pradesh,2020,24.0845,78.4432,602951,192002,410949,214,7,173,5,,0.3549,0.0574,0.2308,1
IND_0048,Lalitpur,Uttar Pradesh,2021,24.0845,78.4432,608438,196792,411646,172,6,82,7,0.4967,0.2827,0.027,0.2555,1
IND_0048,Lalitpur,Uttar Pradesh,2022,24.0845,78.4432,621201,204026,417175,120,8,150,7,0.5704,0.1932,0.0483,0.2455,1
IND_0048,Lalitpur,Uttar Pradesh,2023,24.0845,78.4432,636258,212152,424106,267,9,,6,0.6035,0.4196,0.0544,0.2355,1
IND_0049,Lucknow,Uttar Pradesh,2019,26.1561,81.8606,666724,157209,509515,377,21,658,15,0.4936,,,0.4242,0
IND_0049,Lucknow,Uttar Pradesh,2020,26.1561,81.8606,678634,163410,515224,374,26,391,,0.5239,0.5511,0.1152,0.378,0
IND_0049,Lucknow,Uttar Pradesh,2021,26.1561,81.8606,689442,169460,519982,523,21,394,17,0.4498,,0.1143,0.4711,0
IND_0049,Lucknow,Uttar Pradesh,2022,26.1561,81.8606,697917,175033,,653,22,580,18,0.4291,0.9356,0.1662,0.5366,0
IND_0049,Lucknow,Uttar Pradesh,2023,26.1561,81.8606,705626,180494,525132,588,26,708,14,0.3788,0.8333,0.2007,0.5072,0
IND_0050,Maharajganj,Uttar Pradesh,2019,26.6792,82.0373,1271405,227135,1044270,,40,1069,18,0.4212,0.9147,0.1682,0.4203,0
IND_0050,Maharajganj,Uttar Pradesh,2020,26.6792,82.0373,1291347,,1054193,706,,,35,0.4377,,0.0852,0.4667,0
IND_0050,Maharajganj,Uttar Pradesh,2021,26.6792,82.0373,1315165,248104,1067061,750,30,706,29,0.4588,0.5703,0.1074,0.4112,0
IND_0050,Maharajganj,Uttar Pradesh,2022,26.6792,82.0373,1324422,256473,1067949,1052,43,758,24,0.4887,0.7943,0.1145,0.4101,0
IND_0050,Maharajganj,Uttar Pradesh,2023,26.6792,82.0373,1334046,265006,1069040,1332,46,1180,37,0.4363,0.9985,0.1769,0.5323,0
IND_0051,Mahoba,Uttar Pradesh,2019,25.844,78.6135,505109,150438,354671,256,15,364,6,0.3989,,,0.3462,0
IND_0051,Mahoba,Uttar Pradesh,2020,25.844,78.6135,512521,155209,357312,448,12,363,8,0.5225,0.8741,0.1417,0.4187,0
IND_0051,Mahoba,Uttar Pradesh,2021,25.844,78.6135,522009,160692,361317,489,19,252,8,0.4507,0.9368,0.0966,0.453,0
IND_0051,Mahoba,Uttar Pradesh,2022,25.844,78.6135,527662,165070,,446,12,257,7,0.4032,0.8452,0.0974,0.4088,0
IND_0051,Mahoba,Uttar Pradesh,2023,25.844,78.6135,534973,170032,364941,380,20,255,8,0.4969,0.7103,0.0953,0.3887,0
IND_0052,Mainpuri,Uttar Pradesh,2019,28.4013,77.7242,80000,22110,57890,28,2,62,1,0.4906,0.35,0.155,0.3392,1
IND_0052,Mainpuri,Uttar Pradesh,2020,28.4013,77.7242,81119,22824,,,2,50,1,0.5984,0.3698,,0.275,1
IND_0052,Mainpuri,Uttar Pradesh,2021,28.4013,77.7242,82694,23681,59013,19,2,50,1,0.6446,0.2298,0.1209,0.27,1
IND_0052,Mainpuri,Uttar Pradesh,2022,28.4013,77.7242,83326,24279,59047,32,2,50,,0.4705,0.384,0.12,0.3177,1
IND_0052,Mainpuri,Uttar Pradesh,2023,28.4013,77.7242,84231,24964,59267,37,2,53,1,0.4969,0.4393,0.1258,0.3163,1
IND_0053,Mathura,Uttar Pradesh,2019,28.3868,80.9638,1088855,,823827,279,20,376,13,0.4582,0.2562,0.0691,0.2601,1
IND_0053,Mathura,Uttar Pradesh,2020,28.3868,80.9638,1107591,275126,832465,420,13,381,8,0.6957,0.3792,0.0688,0.2083,1
IND_0053,Mathura,Uttar Pradesh,2021,28.3868,80.9638,1115827,282751,833076,207,16,253,9,,0.1855,0.0453,0.1948,1
IND_0053,Mathura,Uttar Pradesh,2022,28.3868,80.9638,1132766,292707,840059,328,16,497,7,0.4646,0.2896,0.0877,0.2499,1
IND_0053,Mathura,Uttar Pradesh,2023,28.3868,80.9638,1152032,303446,848586,474,,366,,0.5537,0.4114,0.0635,0.2543,1
IND_0054,Mau,Uttar Pradesh,2019,28.8572,79.3807,476373,116362,360011,373,12,290,12,0.3735,0.783,0.1218,0.518,0
IND_0054,Mau,Uttar Pradesh,2020,28.8572,79.3807,483572,120538,363034,213,15,234,9,0.4539,0.4405,0.0968,0.3591,0
IND_0054,Mau,Uttar Pradesh,2021,28.8572,79.3807,492713,125281,367432,371,15,190,10,0.4283,0.753,0.0771,0.4368,0
IND_0054,Mau,Uttar Pradesh,2022,28.8572,79.3807,498382,129214,369168,342,17,485,10,0.3613,0.6862,0.1946,0.4647,0
IND_0054,Mau,Uttar Pradesh,2023,28.8572,79.3807,507270,134055,373215,338,13,,6,0.4545,0.6663,0.1565,0.3658,0
IND_0055,Meerut,Uttar Pradesh,2019,28.0912,84.4686,405298,134077,271221,177,4,122,3,0.4993,0.4367,,0.2668,1
IND_0055,Meerut,Uttar Pradesh,2020,28.0912,84.4686,411615,138225,273390,208,5,142,2,0.6397,,0.069,0.1937,1
IND_0055,Meerut,Uttar Pradesh,2021,28.0912,84.4686,417242,142201,275041,117,8,,2,0.5578,0.2804,0.0604,0.2304,1
IND_0055,Meerut,Uttar Pradesh,2022,28.0912,84.4686,425129,147015,278114,92,6,187,4,,0.2164,0.088,0.2855,1
IND_0055,Meerut,Uttar Pradesh,2023,28.0912,84.4686,427997,150146,277851,142,5,131,2,0.4847,0.3318,0.0612,0.2434,1
IND_0056,Mirzapur,Uttar Pradesh,2019,25.8425,80.4598,295213,86718,208495,83,5,70,3,0.5529,0.2812,0.0474,0.2515,1
IND_0056,Mirzapur,Uttar Pradesh,2020,25.8425,80.4598,298940,89307,209633,103,4,,2,0.682,0.3446,0.0368,0.2051,1
IND_0056,Mirzapur,Uttar Pradesh,2021,25.8425,80.4598,305906,92918,212988,80,8,134,3,0.5887,0.2615,0.0876,0.2796,1
IND_0056,Mirzapur,Uttar Pradesh,2022,25.8425,80.4598,310753,95944,214809,97,5,132,2,0.5107,,0.085,0.268,1
IND_0056,Mirzapur,Uttar Pradesh,2023,25.8425,80.4598,311625,97771,213854,168,4,121,2,0.5328,0.5391,0.0777,0.2518,1
IND_0057,Moradabad,Uttar Pradesh,2019,26.0587,84.4604,194099,75549,118550,63,,61,1,0.571,0.3246,0.0629,0.2376,1
IND_0057,Moradabad,Uttar Pradesh,2020,26.0587,84.4604,196931,77636,119295,81,3,61,1,0.5081,0.4113,0.062,0.2642,1
IND_0057,Moradabad,Uttar Pradesh,2021,26.0587,84.4604,199745,79744,120001,57,2,50,1,0.6018,0.2854,0.0501,0.1916,1
IND_0057,Moradabad,Uttar Pradesh,2022,26.0587,84.4604,203574,82291,121283,61,3,64,1,0.5766,0.2996,0.0629,0.2276,1
IND_0057,Moradabad,Uttar Pradesh,2023,26.0587,84.4604,205209,83978,121231,95,2,50,1,0.5448,0.4629,0.0487,0.2364,1
IND_0058,Muzaffarnagar,Uttar Pradesh,2019,27.6663,77.9211,318086,65054,253032,246,12,223,5,0.4982,0.7734,,0.406,0
IND_0058,Muzaffarnagar,Uttar Pradesh,2020,27.6663,77.9211,323581,,255785,306,9,230,8,0.4216,0.9457,0.1422,0.5173,0
IND_0058,Muzaffarnagar,Uttar Pradesh,2021,27.6663,77.9211,328754,70523,258231,232,13,,8,0.5208,0.7057,0.2427,0.4913,0
IND_0058,Muzaffarnagar,Uttar Pradesh,2022,27.6663,77.9211,329774,72391,,316,8,186,9,0.4499,0.9582,0.1128,0.4888,0
IND_0058,Muzaffarnagar,Uttar Pradesh,2023,27.6663,77.9211,340587,76468,264119,265,13,174,7,0.388,0.7781,0.1022,0.486,0
IND_0059,Pilibhit,Uttar Pradesh,2019,24.3905,80.2349,666155,171725,494430,150,11,183,7,0.5437,0.2252,0.0549,0.2504,1
IND_0059,Pilibhit,Uttar Pradesh,2020,24.3905,80.2349,676201,177696,498505,293,13,283,8,0.6251,0.4333,0.0837,0.2913,1
IND_0059,Pilibhit,Uttar Pradesh,2021,24.3905,80.2349,684709,183355,501354,153,7,,5,0.6263,0.2235,0.047,0.1856,1
IND_0059,Pilibhit,Uttar Pradesh,2022,24.3905,80.2349,692945,189026,503919,191,11,290,5,0.5486,0.2756,0.0837,0.2225,1
IND_0059,Pilibhit,Uttar Pradesh,2023,24.3905,80.2349,703191,195336,507855,310,10,142,4,,,0.0404,0.2167,1
IND_0060,Pratapgarh,Uttar Pradesh,2019,26.5093,84.0989,1255270,439322,815948,586,,,21,,0.4668,0.163,0.4122,0
IND_0060,Pratapgarh,Uttar Pradesh,2020,26.5093,84.0989,1271357,451309,820048,1110,35,680,17,0.4878,0.8731,0.107,0.4021,0
IND_0060,Pratapgarh,Uttar Pradesh,2021,26.5093,84.0989,1287351,463423,823928,1229,49,879,15,0.4537,0.9547,,0.4254,0
IND_0060,Pratapgarh,Uttar Pradesh,2022,26.5093,84.0989,1317346,480807,836539,897,45,1393,18,0.4006,0.6809,0.2115,0.4254,0
IND_0060,Pratapgarh,Uttar Pradesh,2023,26.5093,84.0989,1321350,488876,832474,1224,35,494,24,0.3682,0.9263,0.0748,0.4867,0
IND_0061,Prayagraj,Uttar Pradesh,2019,28.0518,81.9804,1417794,422948,994846,707,51,1085,20,0.4006,0.4987,0.1531,0.3828,0
IND_0061,Prayagraj,Uttar Pradesh,2020,28.0518,81.9804,1441974,437371,1004603,1010,34,841,23,0.5332,0.7004,0.1166,0.3846,0
IND_0061,Prayagraj,Uttar Pradesh,2021,28.0518,81.9804,1465177,451735,1013442,1199,49,1011,36,0.4664,0.8183,0.138,0.5116,0
IND_0061,Prayagraj,Uttar Pradesh,2022,28.0518,81.9804,1482169,464385,1017784,1297,46,889,27,0.4713,0.8751,0.12,0.4507,0
IND_0061,Prayagraj,Uttar Pradesh,2023,28.0518,81.9804,1488116,,,1199,50,681,20,0.4926,0.8057,0.0915,0.3757,0
IND_0062,Raebareli,Uttar Pradesh,2019,26.8407,79.2471,82192,26627,,52,2,50,1,0.3511,0.6327,0.1217,0.3764,0
IND_0062,Raebareli,Uttar Pradesh,2020,26.8407,79.2471,83210,27373,55837,55,2,,1,0.4449,0.661,0.1202,0.3828,0
IND_0062,Raebareli,Uttar Pradesh,2021,26.8407,79.2471,84776,28312,56464,60,2,50,1,0.5182,0.7077,0.118,0.3772,0
IND_0062,Raebareli,Uttar Pradesh,2022,26.8407,79.2471,85855,29102,56753,,3,88,1,0.4833,0.9318,0.205,0.4077,0
IND_0062,Raebareli,Uttar Pradesh,2023,26.8407,79.2471,88095,30302,57793,77,3,50,1,0.4154,0.8741,0.1135,0.3926,0
IND_0063,Rampur,Uttar Pradesh,2019,28.9127,81.3161,220684,63591,157093,37,2,,2,0.4647,0.1677,0.0562,0.2221,1
IND_0063,Rampur,Uttar Pradesh,2020,28.9127,81.3161,223687,65575,158112,61,3,75,2,0.6769,0.2727,,0.2038,1
IND_0063,Rampur,Uttar Pradesh,2021,28.9127,81.3161,226534,67542,158992,92,4,71,,0.5771,0.4061,0.0627,0.2162,1
IND_0063,Rampur,Uttar Pradesh,2022,28.9127,81.3161,232467,70473,161994,105,5,110,1,,0.4517,,0.2275,1
IND_0063,Rampur,Uttar Pradesh,2023,28.9127,81.3161,236088,72751,163337,85,5,67,1,0.5892,0.36,0.0568,0.2418,1
IND_0064,Saharanpur,Uttar Pradesh,2019,26.7176,79.6058,243638,105512,138126,79,5,92,1,,,0.0755,0.2452,1
IND_0064,Saharanpur,Uttar Pradesh,2020,26.7176,79.6058,246675,108061,138614,113,3,92,2,0.5445,0.4581,0.0746,0.2783,1
IND_0064,Saharanpur,Uttar Pradesh,2021,26.7176,79.6058,250266,110885,139381,111,4,,1,0.5692,0.4435,0.0711,0.2344,1
IND_0064,Saharanpur,Uttar Pradesh,2022,26.7176,79.6058,254774,114156,140618,71,4,61,2,0.5595,0.2787,0.0479,0.2382,1
IND_0064,Saharanpur,Uttar Pradesh,2023,26.7176,79.6058,260159,117870,142289,108,3,89,2,0.5377,0.4151,0.0684,0.3043,1
IND_0065,Sambhal,Uttar Pradesh,2019,27.5771,80.4139,1063183,247996,815187,625,26,491,26,0.387,0.5879,,0.4613,0
IND_0065,Sambhal,Uttar Pradesh,2020,27.5771,80.4139,1078318,256918,821400,659,25,408,24,0.5442,0.6111,0.0757,0.4144,0
IND_0065,Sambhal,Uttar Pradesh,2021,27.5771,80.4139,1094791,266317,828474,987,36,1082,15,,0.9015,0.1977,0.4307,0
IND_0065,Sambhal,Uttar Pradesh,2022,27.5771,80.4139,1113642,276471,837171,533,27,759,,0.3835,0.4786,0.1363,0.4144,0
IND_0065,Sambhal,Uttar Pradesh,2023,27.5771,80.4139,1118139,283178,834961,894,,946,15,0.4989,0.7995,0.1692,0.3711,0
IND_0066,Sant Kabir Nagar,Uttar Pradesh,2019,25.651,78.2981,271545,67682,203863,254,10,142,6,,0.9354,0.1046,0.4697,0
IND_0066,Sant Kabir Nagar,Uttar Pradesh,2020,25.651,78.2981,275623,70076,205547,162,10,281,6,0.5221,,0.2039,0.4213,0
IND_0066,Sant Kabir Nagar,Uttar Pradesh,2021,25.651,78.2981,278825,,,190,10,205,4,0.4839,0.6814,0.147,0.3601,0
IND_0066,Sant Kabir Nagar,Uttar Pradesh,2022,25.651,78.2981,283859,75009,208850,213,11,310,4,0.382,0.7504,0.2184,0.4229,0
IND_0066,Sant Kabir Nagar,Uttar Pradesh,2023,25.651,78.2981,291410,78461,212949,,7,211,4,0.4124,,0.1448,0.4637,0
IND_0067,Shahjahanpur,Uttar Pradesh,2019,27.9445,79.1639,523210,169511,353699,157,7,164,6,0.4838,0.3001,0.0627,0.2685,1
IND_0067,Shahjahanpur,Uttar Pradesh,2020,27.9445,79.1639,530949,174673,356276,,6,127,6,0.6474,,0.0478,0.2995,1
IND_0067,Shahjahanpur,Uttar Pradesh,2021,27.9445,79.1639,537511,179519,357992,90,,315,3,0.5119,,0.1172,0.2381,1
IND_0067,Shahjahanpur,Uttar Pradesh,2022,27.9445,79.1639,548557,185951,362606,222,6,185,,0.5242,0.4047,0.0674,0.2594,1
IND_0067,Shahjahanpur,Uttar Pradesh,2023,27.9445,79.1639,551761,189796,361965,164,8,227,4,0.5488,0.2972,0.0823,0.2455,1
IND_0068,Shamli,Uttar Pradesh,2019,26.9074,78.592,453952,110050,343902,292,17,217,7,0.4305,,0.0956,0.3871,0
IND_0068,Shamli,Uttar Pradesh,2020,26.9074,78.592,460055,113829,346226,249,,456,12,0.4791,0.5412,0.1982,0.4765,0
IND_0068,Shamli,Uttar Pradesh,2021,26.9074,78.592,465968,117622,348346,334,12,,11,0.5216,0.7168,0.0983,0.4506,0
IND_0068,Shamli,Uttar Pradesh,2022,26.9074,78.592,472874,121730,351144,365,14,242,9,,0.7719,0.1024,0.4544,0
IND_0068,Shamli,Uttar Pradesh,2023,26.9074,78.592,486131,127573,358558,377,15,215,11,0.387,0.7755,,0.4855,0
IND_0069,Shravasti,Uttar Pradesh,2019,27.0839,78.2613,316634,67327,249307,142,,197,6,0.4607,0.4485,0.1244,0.3951,0
IND_0069,Shravasti,Uttar Pradesh,2020,27.0839,78.2613,322187,,252068,255,9,258,,,0.7915,0.1602,0.3734,0
IND_0069,Shravasti,Uttar Pradesh,2021,27.0839,78.2613,325880,72552,253328,274,9,201,8,,0.8408,0.1234,0.4777,0
IND_0069,Shravasti,Uttar Pradesh,2022,27.0839,78.2613,333717,75965,257752,197,11,239,8,0.48,0.5903,0.1432,0.4671,0
IND_0069,Shravasti,Uttar Pradesh,2023,27.0839,78.2613,338085,78650,259435,191,11,154,9,0.4835,0.5649,0.0911,0.4566,0
IND_0070,Siddharthnagar,Uttar Pradesh,2019,24.143,83.5481,299035,53556,245479,110,3,82,2,0.4986,0.3678,0.0548,0.2387,1
IND_0070,Siddharthnagar,Uttar Pradesh,2020,24.143,83.5481,303627,55896,247731,93,6,163,4,0.6271,0.3063,0.1074,0.2478,1
IND_0070,Siddharthnagar,Uttar Pradesh,2021,24.143,83.5481,308106,58261,249845,75,7,216,,0.5437,,0.1402,0.2344,1
IND_0070,Siddharthnagar,Uttar Pradesh,2022,24.143,83.5481,311800,60519,251281,108,5,150,2,0.5082,0.3464,0.0962,0.2486,1
IND_0070,Siddharthnagar,Uttar Pradesh,2023,24.143,83.5481,314024,62521,251503,74,3,50,4,,0.2357,0.0318,0.2758,1
IND_0071,Sitapur,Uttar Pradesh,2019,25.7896,77.8092,663671,,421616,321,17,389,9,0.4923,0.4837,0.1172,0.3642,0
IND_0071,Sitapur,Uttar Pradesh,2020,25.7896,77.8092,672148,,423641,437,26,787,,0.482,,0.2342,0.4952,0
IND_0071,Sitapur,Uttar Pradesh,2021,25.7896,77.8092,683267,256034,427233,649,22,573,7,0.4319,,0.1677,0.413,0
IND_0071,Sitapur,Uttar Pradesh,2022,25.7896,77.8092,695886,264242,431644,528,20,435,,0.3902,0.7587,0.125,0.4594,0
IND_0071,Sitapur,Uttar Pradesh,2023,25.7896,77.8092,708744,272669,436075,748,19,495,11,0.4311,1.0554,0.1397,0.4858,0
IND_0072,Sonbhadra,Uttar Pradesh,2019,24.5983,77.6902,1018881,136409,882472,654,42,,20,0.3642,0.6419,,0.4545,0
IND_0072,Sonbhadra,Uttar Pradesh,2020,24.5983,77.6902,1032100,143339,888761,944,28,722,24,0.4725,0.9146,0.1399,0.476,0
IND_0072,Sonbhadra,Uttar Pradesh,2021,24.5983,77.6902,1047255,150680,896575,542,37,954,21,0.4805,0.5175,0.1822,0.377,0
IND_0072,Sonbhadra,Uttar Pradesh,2022,24.5983,77.6902,1056435,157283,899152,986,28,407,26,0.3613,0.9333,0.0771,0.4978,0
IND_0072,Sonbhadra,Uttar Pradesh,2023,24.5983,77.6902,1084065,166817,917248,1075,37,610,20,0.4219,0.9916,0.1125,0.4386,0
IND_0073,Sultanpur,Uttar Pradesh,2019,29.1982,77.3877,454193,156927,297266,350,17,320,5,0.4159,0.7706,0.1409,0.3593,0
IND_0073,Sultanpur,Uttar Pradesh,2020,29.1982,77.3877,461989,161930,300059,210,17,431,8,0.5224,0.4546,0.1866,0.3927,0
IND_0073,Sultanpur,Uttar Pradesh,2021,29.1982,77.3877,465283,165411,299872,227,17,285,9,0.4206,0.4879,0.1225,0.4721,0
IND_0073,Sultanpur,Uttar Pradesh,2022,29.1982,77.3877,472623,170384,,347,16,304,,0.4091,0.7342,0.1286,0.4331,0
IND_0073,Sultanpur,Uttar Pradesh,2023,29.1982,77.3877,484392,177049,307343,479,17,418,7,0.3783,0.9889,,0.5322,0
IND_0074,Unnao,Uttar Pradesh,2019,29.2162,77.3827,827896,265880,562016,119,18,457,,0.4122,0.1437,0.1104,0.2279,1
IND_0074,Unnao,Uttar Pradesh,2020,29.2162,77.3827,842275,274709,567566,240,12,304,5,0.6366,0.2849,0.0722,0.1891,1
IND_0074,Unnao,Uttar Pradesh,2021,29.2162,77.3827,851110,281846,569264,424,17,438,7,0.653,,0.1029,0.2694,1
IND_0074,Unnao,Uttar Pradesh,2022,29.2162,77.3827,867607,,575960,,12,183,8,0.4972,0.1406,0.0422,0.2536,1
IND_0074,Unnao,Uttar Pradesh,2023,29.2162,77.3827,881658,300778,580880,202,13,323,8,0.5649,0.2291,,0.2187,1
IND_0075,Varanasi,Uttar Pradesh,2019,24.1527,84.1316,2246092,710233,1535859,1854,63,1811,27,0.4822,0.8254,0.1613,0.4077,0
IND_0075,Varanasi,Uttar Pradesh,2020,24.1527,84.1316,2277833,731659,1546174,,76,1728,51,0.417,0.439,0.1517,0.4248,0
IND_0075,Varanasi,Uttar Pradesh,2021,24.1527,84.1316,2325781,,1567092,1003,93,1294,39,0.5626,,0.1113,0.334,0
IND_0075,Varanasi,Uttar Pradesh,2022,24.1527,84.1316,2334719,773279,1561440,1979,76,1172,49,0.3954,0.8476,0.1004,0.493,0
IND_0075,Varanasi,Uttar Pradesh,2023,24.1527,84.1316,2406083,808945,1597138,1352,59,1549,47,0.4437,,0.1288,0.4199,0
IND_0076,Ahmednagar,Maharashtra,2019,20.7411,80.0476,215660,79807,135853,,7,330,1,0.2938,,0.306,0.3911,1
IND_0076,Ahmednagar,Maharashtra,2020,20.7411,80.0476,219524,82334,137190,91,9,223,1,0.3027,0.4145,0.2032,0.3324,1
IND_0076,Ahmednagar,Maharashtra,2021,20.7411,80.0476,223116,84797,138319,181,4,128,,0.3637,0.8112,0.1147,0.3727,1
IND_0076,Ahmednagar,Maharashtra,2022,20.7411,80.0476,226841,87347,,112,,250,1,0.3222,0.4937,0.2204,0.334,1
IND_0076,Ahmednagar,Maharashtra,2023,20.7411,80.0476,228125,,,113,11,503,2,0.3408,0.4953,0.441,0.4299,1
IND_0077,Akola,Maharashtra,2019,17.6263,75.9213,602327,282009,,860,43,1475,11,0.2546,1.4278,0.4898,0.7181,0
IND_0077,Akola,Maharashtra,2020,17.6263,75.9213,611497,289360,322137,,33,952,6,0.3085,0.9289,0.3114,0.4887,0
IND_0077,Akola,Maharashtra,2021,17.6263,75.9213,622895,297868,325027,1138,35,1010,8,0.3173,1.827,0.3243,0.64,0
IND_0077,Akola,Maharashtra,2022,17.6263,75.9213,634882,306775,,634,30,1355,9,0.2927,,0.4269,0.5919,0
IND_0077,Akola,Maharashtra,2023,17.6263,75.9213,632254,308666,323588,951,55,1675,11,0.2454,1.5041,0.5299,0.7629,0
IND_0078,Amravati,Maharashtra,2019,20.67,79.5606,1121856,525640,596216,1120,59,3559,11,0.276,0.9983,,0.6102,0
IND_0078,Amravati,Maharashtra,2020,20.67,79.5606,1140968,540299,600669,1609,60,3293,15,0.328,1.4102,0.5772,0.6736,0
IND_0078,Amravati,Maharashtra,2021,20.67,79.5606,1153762,552127,601635,1905,,1593,13,0.3571,1.6511,,0.6217,0
IND_0078,Amravati,Maharashtra,2022,20.67,79.5606,1180818,570978,609840,1254,63,3258,19,0.2276,,0.5518,0.6597,0
IND_0078,Amravati,Maharashtra,2023,20.67,79.5606,1186012,579420,606592,1782,75,3998,18,0.293,1.5025,0.6742,0.7379,0
IND_0079,Aurangabad,Maharashtra,2019,19.9716,78.084,529574,320873,208701,782,25,1040,5,0.2904,1.4767,0.3928,0.6218,0
IND_0079,Aurangabad,Maharashtra,2020,19.9716,78.084,538251,,209429,623,35,1720,3,0.3232,1.1575,0.6391,0.5951,0
IND_0079,Aurangabad,Maharashtra,2021,19.9716,78.084,546751,,210003,530,45,1598,4,0.3522,0.9694,0.5845,0.5752,0
IND_0079,Aurangabad,Maharashtra,2022,19.9716,78.084,556666,345638,211028,641,34,,7,0.187,1.1515,0.6758,0.7419,0
IND_0079,Aurangabad,Maharashtra,2023,19.9716,78.084,566102,354328,211774,858,40,1337,6,0.174,1.5156,0.4724,0.7153,0
IND_0080,Beed,Maharashtra,2019,19.9347,75.0035,393644,196075,197569,764,,785,3,0.2138,1.9408,0.3988,0.6803,0
IND_0080,Beed,Maharashtra,2020,19.9347,75.0035,399064,200770,198294,699,20,1198,4,0.3123,1.7516,0.6004,0.7094,0
IND_0080,Beed,Maharashtra,2021,19.9347,75.0035,406161,206372,199789,442,28,1133,,0.3214,1.0882,0.5579,0.5775,0
IND_0080,Beed,Maharashtra,2022,19.9347,75.0035,409815,210277,199538,872,30,,6,0.1713,2.1278,0.4587,0.7839,0
IND_0080,Beed,Maharashtra,2023,19.9347,75.0035,417033,216066,200967,,,1473,4,0.2562,,0.7064,0.7098,0
IND_0081,Bhandara,Maharashtra,2019,20.5365,79.584,1755578,,675335,1175,38,1183,7,0.3316,0.6693,0.1348,0.3371,1
IND_0081,Bhandara,Maharashtra,2020,20.5365,79.584,1783978,1106638,677340,858,59,3455,8,0.4798,0.4809,0.3873,0.3672,1
IND_0081,Bhandara,Maharashtra,2021,20.5365,79.584,1801799,1126702,675097,,56,2792,11,0.3835,0.8697,0.3099,0.4507,1
IND_0081,Bhandara,Maharashtra,2022,20.5365,79.584,1844365,1162541,681824,1459,40,1595,10,0.3439,0.7911,0.173,0.3988,1
IND_0081,Bhandara,Maharashtra,2023,20.5365,79.584,1862932,1183559,679373,1615,50,3118,10,0.4066,0.8669,,0.432,1
IND_0082,Buldhana,Maharashtra,2019,17.1456,76.8307,2779140,1348362,1430778,3848,,6040,45,0.1905,1.3846,0.4347,0.6755,0
IND_0082,Buldhana,Maharashtra,2020,17.1456,76.8307,2814662,1379669,1434993,3143,135,8432,30,0.2768,1.1167,0.5991,0.607,0
IND_0082,Buldhana,Maharashtra,2021,17.1456,76.8307,2872817,1422539,1450278,4827,209,12916,28,0.3273,1.6802,0.8992,0.7878,0
IND_0082,Buldhana,Maharashtra,2022,17.1456,76.8307,2907126,1454064,1453062,3608,,6595,29,0.299,1.2411,0.4537,0.5871,0
IND_0082,Buldhana,Maharashtra,2023,17.1456,76.8307,2921288,1475754,1445534,4507,161,4733,37,0.3088,1.5428,0.324,0.6425,0
IND_0083,Chandrapur,Maharashtra,2019,21.8223,73.8729,1027055,565647,461408,1658,73,2488,,0.3065,1.6143,0.4845,0.7626,0
IND_0083,Chandrapur,Maharashtra,2020,21.8223,73.8729,1043293,579806,463487,2014,70,3195,10,0.2817,1.9304,0.6125,0.7495,0
IND_0083,Chandrapur,Maharashtra,2021,21.8223,73.8729,1056517,592438,464079,1418,85,4243,11,0.3096,1.3421,0.8032,0.7191,0
IND_0083,Chandrapur,Maharashtra,2022,21.8223,73.8729,1081603,,469690,1562,66,,10,0.2972,1.4442,0.4329,0.6181,0
IND_0083,Chandrapur,Maharashtra,2023,21.8223,73.8729,1089139,621622,467517,1706,84,4269,15,0.1694,1.5664,0.7839,0.8434,0
IND_0084,Dhule,Maharashtra,2019,16.59,76.3478,520824,333674,187150,,41,1157,3,0.3106,1.874,,0.6484,0
IND_0084,Dhule,Maharashtra,2020,16.59,76.3478,528962,341533,187429,642,29,1478,3,0.2378,1.2137,0.5588,0.6217,0
IND_0084,Dhule,Maharashtra,2021,16.59,76.3478,536243,348915,187328,752,38,1211,4,0.2772,1.4023,,0.623,0
IND_0084,Dhule,Maharashtra,2022,16.59,76.3478,544594,357072,,871,39,1329,6,0.3101,,0.4881,0.7263,0
IND_0084,Dhule,Maharashtra,2023,16.59,76.3478,548563,362417,186146,915,,1016,3,0.1962,1.668,0.3704,0.6236,0
IND_0085,Gadchiroli,Maharashtra,2019,19.2698,80.3016,416845,248925,167920,602,26,1376,5,0.2114,1.4442,0.6602,0.7451,0
IND_0085,Gadchiroli,Maharashtra,2020,19.2698,80.3016,422818,254606,168212,805,25,955,,0.279,1.9039,0.4517,0.7135,0
IND_0085,Gadchiroli,Maharashtra,2021,19.2698,80.3016,429031,260492,168539,597,27,809,3,0.2326,1.3915,,0.583,0
IND_0085,Gadchiroli,Maharashtra,2022,19.2698,80.3016,437211,267645,169566,696,23,1280,3,0.2278,1.5919,0.5855,0.6911,0
IND_0085,Gadchiroli,Maharashtra,2023,19.2698,80.3016,445285,274814,170471,587,,1762,4,0.2388,1.3183,0.7914,0.7529,0
IND_0086,Gondia,Maharashtra,2019,18.8433,73.6503,584163,371142,213021,1172,45,2462,3,0.1864,2.0063,0.8429,0.7965,0
IND_0086,Gondia,Maharashtra,2020,18.8433,73.6503,592372,379319,213053,585,29,1715,,0.3253,0.9876,0.579,0.5522,0
IND_0086,Gondia,Maharashtra,2021,18.8433,73.6503,598615,386310,,962,33,,6,0.3874,1.607,0.273,0.622,0
IND_0086,Gondia,Maharashtra,2022,18.8433,73.6503,606140,394197,211943,987,40,2337,6,,1.6283,0.7711,0.8036,0
IND_0086,Gondia,Maharashtra,2023,18.8433,73.6503,614091,402438,211653,820,33,1376,3,0.2159,1.3353,0.4481,0.619,0
IND_0087,Hingoli,Maharashtra,2019,18.7606,72.6805,446622,218674,227948,871,35,1897,6,0.262,1.9502,0.8495,0.8675,0
IND_0087,Hingoli,Maharashtra,2020,18.7606,72.6805,454203,224657,229546,637,29,1409,7,0.2673,1.4025,0.6204,0.7533,0
IND_0087,Hingoli,Maharashtra,2021,18.7606,72.6805,460902,230275,230627,469,27,1147,5,,1.0176,0.4977,0.5703,0
IND_0087,Hingoli,Maharashtra,2022,18.7606,72.6805,465555,,230628,810,32,1106,6,,1.7399,0.4751,0.7207,0
IND_0087,Hingoli,Maharashtra,2023,18.7606,72.6805,471511,240290,231221,,32,1690,6,0.2179,1.0265,0.7168,0.6954,0
IND_0088,Jalgaon,Maharashtra,2019,16.9038,75.4252,1437136,614399,822737,2860,115,5176,25,0.2334,1.9901,0.7203,0.8493,0
IND_0088,Jalgaon,Maharashtra,2020,16.9038,75.4252,1454832,629238,825594,1700,71,1814,24,0.3012,1.1685,0.2494,0.5577,0
IND_0088,Jalgaon,Maharashtra,2021,16.9038,75.4252,1486412,650329,836083,2163,,3953,17,0.2488,1.4552,0.5319,0.6588,0
IND_0088,Jalgaon,Maharashtra,2022,16.9038,75.4252,1504038,665561,838477,1438,105,6128,,0.201,0.9561,0.8149,0.6747,0
IND_0088,Jalgaon,Maharashtra,2023,16.9038,75.4252,1522543,681362,841181,2380,118,6434,26,0.1987,1.5632,0.8452,0.8395,0
IND_0089,Jalna,Maharashtra,2019,19.5178,76.1937,588033,289964,298069,1098,28,1095,8,0.2868,1.8672,0.3724,0.7303,0
IND_0089,Jalna,Maharashtra,2020,19.5178,76.1937,596716,297230,299486,753,40,2460,10,0.3694,1.2619,0.8245,0.7389,0
IND_0089,Jalna,Maharashtra,2021,19.5178,76.1937,607570,305674,301896,916,46,2320,6,0.3172,1.5076,0.7637,0.6876,0
IND_0089,Jalna,Maharashtra,2022,19.5178,76.1937,614862,312417,302445,664,31,1900,8,0.2669,1.0799,0.618,0.6524,0
IND_0089,Jalna,Maharashtra,2023,19.5178,76.1937,620743,318509,,786,49,1325,6,0.198,1.2662,0.4269,0.6268,0
IND_0090,Kolhapur,Maharashtra,2019,15.6003,80.5175,384490,217699,166791,381,15,645,,0.2795,,0.3355,0.4906,1
IND_0090,Kolhapur,Maharashtra,2020,15.6003,80.5175,390342,222964,167378,418,10,346,2,,1.0709,0.1773,0.4255,1
IND_0090,Kolhapur,Maharashtra,2021,15.6003,80.5175,397001,228753,168248,264,14,609,2,0.3212,0.665,0.3068,0.4069,1
IND_0090,Kolhapur,Maharashtra,2022,15.6003,80.5175,401723,233482,168241,314,12,422,,,0.7816,0.2101,0.4136,1
IND_0090,Kolhapur,Maharashtra,2023,15.6003,80.5175,410225,240475,169750,241,16,525,2,0.3542,0.5875,0.256,0.3885,1
IND_0091,Latur,Maharashtra,2019,21.0178,76.7929,392484,221642,170842,413,21,1098,4,0.2513,1.0523,0.5595,0.6471,0
IND_0091,Latur,Maharashtra,2020,21.0178,76.7929,397989,226741,171248,732,29,1527,4,0.2777,,0.7674,0.7694,0
IND_0091,Latur,Maharashtra,2021,21.0178,76.7929,405554,233078,172476,789,31,1175,5,0.2429,1.9455,0.5795,0.8079,0
IND_0091,Latur,Maharashtra,2022,21.0178,76.7929,410640,,172585,793,28,886,3,,1.9311,0.4315,0.6839,0
IND_0091,Latur,Maharashtra,2023,21.0178,76.7929,415347,,,684,34,,4,0.3104,1.6468,0.6953,0.7208,0
IND_0092,Mumbai City,Maharashtra,2019,16.6697,75.9795,1629991,899988,730003,1703,120,5125,13,0.2577,1.0448,0.6288,0.583,0
IND_0092,Mumbai City,Maharashtra,2020,16.6697,75.9795,1652342,920590,,3090,128,4039,22,0.2694,1.8701,,0.7815,0
IND_0092,Mumbai City,Maharashtra,2021,16.6697,75.9795,1688612,949241,739371,2945,98,4806,14,,1.744,0.5692,0.6813,0
IND_0092,Mumbai City,Maharashtra,2022,16.6697,75.9795,1713930,972043,741887,3661,141,5415,19,0.2715,2.136,0.6319,0.7904,0
IND_0092,Mumbai City,Maharashtra,2023,16.6697,75.9795,1742495,,745539,3617,80,2239,17,0.2432,2.0758,0.257,0.6947,0
IND_0093,Mumbai Suburban,Maharashtra,2019,18.9067,78.7089,1011952,552515,459437,977,56,2563,12,0.1794,0.9655,0.5065,0.6472,0
IND_0093,Mumbai Suburban,Maharashtra,2020,18.9067,78.7089,1024549,564515,460034,1467,49,3036,,0.3698,1.4318,0.5927,0.647,0
IND_0093,Mumbai Suburban,Maharashtra,2021,18.9067,78.7089,1040665,578598,462067,1510,50,1266,12,,1.451,0.2433,0.6156,0
IND_0093,Mumbai Suburban,Maharashtra,2022,18.9067,78.7089,1055910,,,1417,86,4901,11,,1.342,0.9283,0.7996,0
IND_0093,Mumbai Suburban,Maharashtra,2023,18.9067,78.7089,1075258,608584,466674,1165,93,2904,11,0.2213,1.0835,0.5401,0.6344,0
IND_0094,Nagpur,Maharashtra,2019,15.7227,79.0117,1670738,1021411,649327,1838,119,7156,12,,1.1001,0.8566,0.6712,0
IND_0094,Nagpur,Maharashtra,2020,15.7227,79.0117,1694660,1044509,650151,,132,,12,0.3186,1.2716,0.614,0.6067,0
IND_0094,Nagpur,Maharashtra,2021,15.7227,79.0117,1718721,1067933,650788,2962,115,3682,14,0.2472,1.7234,0.4285,0.6973,0
IND_0094,Nagpur,Maharashtra,2022,15.7227,79.0117,1739708,1089672,650036,1658,129,4227,,0.2854,0.953,0.4859,0.6555,0
IND_0094,Nagpur,Maharashtra,2023,15.7227,79.0117,1753385,1107005,646380,2382,120,4250,14,0.2255,1.3585,0.4848,0.6423,0
IND_0095,Nanded,Maharashtra,2019,19.0047,79.315,372862,216174,156688,470,16,609,4,0.1962,1.2605,0.3267,0.6185,0
IND_0095,Nanded,Maharashtra,2020,19.0047,79.315,378933,221588,157345,656,31,997,3,,1.7312,0.5262,0.7062,0
IND_0095,Nanded,Maharashtra,2021,19.0047,79.315,381906,225236,156670,362,27,1390,5,0.2562,0.9479,0.7279,0.6987,0
IND_0095,Nanded,Maharashtra,2022,19.0047,79.315,392841,233650,159191,441,32,1042,4,0.2821,1.1226,0.5305,0.6394,0
IND_0095,Nanded,Maharashtra,2023,19.0047,79.315,400395,240145,160250,,24,1243,,0.2494,1.4436,0.6209,0.7432,0
IND_0096,Nandurbar,Maharashtra,2019,21.5248,77.9564,663249,386385,276864,673,43,2302,8,0.316,1.0147,0.6942,0.668,0
IND_0096,Nandurbar,Maharashtra,2020,21.5248,77.9564,672658,395230,277428,873,49,1564,7,,1.2978,0.465,0.6466,0
IND_0096,Nandurbar,Maharashtra,2021,21.5248,77.9564,685152,405996,279156,1299,57,2987,,0.3199,1.8959,0.8719,0.783,0
IND_0096,Nandurbar,Maharashtra,2022,21.5248,77.9564,688374,411347,277027,1091,35,1570,9,0.2889,1.5849,,0.7044,0
IND_0096,Nandurbar,Maharashtra,2023,21.5248,77.9564,701824,422894,278930,1292,44,1699,9,0.1762,1.8409,0.4842,0.7919,0
IND_0097,Nashik,Maharashtra,2019,20.2695,73.432,1171448,714507,456941,1043,,3580,11,0.2947,0.8904,0.6112,0.5921,0
IND_0097,Nashik,Maharashtra,2020,20.2695,73.432,1189244,,457936,1174,99,5914,15,0.2371,0.9872,,0.8169,0
IND_0097,Nashik,Maharashtra,2021,20.2695,73.432,1199904,743863,456041,2012,66,2296,12,0.3048,1.6768,0.3827,0.6634,0
IND_0097,Nashik,Maharashtra,2022,20.2695,73.432,1224616,,459310,1944,,2384,14,0.1884,1.5874,0.3893,0.7448,0
IND_0097,Nashik,Maharashtra,2023,20.2695,73.432,1247283,785708,461575,1730,75,4411,12,0.2167,1.387,0.7073,0.7336,0
IND_0098,Osmanabad,Maharashtra,2019,17.9913,75.3632,1505930,848334,657596,,,6598,20,0.3072,0.9004,,0.6922,0
IND_0098,Osmanabad,Maharashtra,2020,17.9913,75.3632,1532217,870803,661414,1371,78,4657,19,0.3092,0.8948,0.6079,0.6357,0
IND_0098,Osmanabad,Maharashtra,2021,17.9913,75.3632,1556294,892268,664026,2527,71,4501,21,0.3313,1.6237,,0.7562,0
IND_0098,Osmanabad,Maharashtra,2022,17.9913,75.3632,1577042,912049,664993,1850,115,,17,0.3021,1.1731,0.7887,0.6798,0
IND_0098,Osmanabad,Maharashtra,2023,17.9913,75.3632,1598226,932291,665935,1571,120,6515,14,0.2012,0.983,0.8153,0.6918,0
IND_0099,Palghar,Maharashtra,2019,21.8214,77.7257,299088,174482,,368,16,834,,0.1821,1.2304,0.5577,0.6609,0
IND_0099,Palghar,Maharashtra,2020,21.8214,77.7257,303755,178724,125031,515,,678,2,0.2173,1.6954,0.4464,0.6609,0
IND_0099,Palghar,Maharashtra,2021,21.8214,77.7257,309163,183451,125712,476,18,604,2,0.2637,1.5396,0.3907,0.5865,0
IND_0099,Palghar,Maharashtra,2022,21.8214,77.7257,312297,186872,,417,19,562,3,0.2044,1.3353,0.3599,0.6261,0
IND_0099,Palghar,Maharashtra,2023,21.8214,77.7257,316511,190977,125534,547,25,770,2,0.2626,1.7282,0.4866,0.6569,0
IND_0100,Parbhani,Maharashtra,2019,16.6216,74.303,774071,393012,381059,614,32,,4,0.3084,0.7932,0.4041,0.4629,1
IND_0100,Parbhani,Maharashtra,2020,16.6216,74.303,784575,402268,382307,467,29,1592,4,,0.5952,0.4058,0.3909,1
IND_0100,Parbhani,Maharashtra,2021,16.6216,74.303,793140,410625,,623,29,793,5,0.4835,0.7855,0.2,0.3531,1
IND_0100,Parbhani,Maharashtra,2022,16.6216,74.303,803538,420026,383512,734,,1251,4,0.4397,0.9135,0.3114,0.4042,1
IND_0100,Parbhani,Maharashtra,2023,16.6216,74.303,818836,432117,386719,463,28,961,,0.3778,0.5654,0.2347,0.3897,1
IND_0101,Pune,Maharashtra,2019,17.0304,78.4564,701546,322172,379374,629,37,1232,10,0.2989,0.8966,0.3512,0.5651,0
IND_0101,Pune,Maharashtra,2020,17.0304,78.4564,712345,330693,381652,749,56,2437,,0.3154,1.0515,0.6842,0.7293,0
IND_0101,Pune,Maharashtra,2021,17.0304,78.4564,723893,339673,384220,1435,61,1469,9,0.3528,1.9823,0.4059,0.7252,0
IND_0101,Pune,Maharashtra,2022,17.0304,78.4564,737199,349603,387596,1402,42,2508,7,0.1876,,0.6804,0.7898,0
IND_0101,Pune,Maharashtra,2023,17.0304,78.4564,744689,356878,387811,1298,48,1687,7,0.1973,1.743,0.4531,0.6929,0
IND_0102,Raigad,Maharashtra,2019,16.1263,76.0716,200465,92360,108105,248,15,863,2,0.2937,1.2371,0.861,0.6922,0
IND_0102,Raigad,Maharashtra,2020,16.1263,76.0716,203284,94676,108608,346,15,519,3,0.3078,1.7021,,0.7249,0
IND_0102,Raigad,Maharashtra,2021,16.1263,76.0716,206582,97244,109338,310,16,487,2,0.2932,1.5006,0.4715,0.6293,0
IND_0102,Raigad,Maharashtra,2022,16.1263,76.0716,207953,98930,109023,,11,602,2,0.1754,1.4955,0.579,0.6879,0
IND_0102,Raigad,Maharashtra,2023,16.1263,76.0716,211752,101796,109956,199,9,330,3,0.2328,0.9398,0.3117,0.5832,0
IND_0103,Ratnagiri,Maharashtra,2019,18.7624,77.7483,1917872,1071003,,3157,117,6384,23,0.1787,1.6461,0.6657,0.7941,0
IND_0103,Ratnagiri,Maharashtra,2020,18.7624,77.7483,1947934,1097530,850404,3422,155,9629,28,0.262,1.7567,0.9886,0.9047,0
IND_0103,Ratnagiri,Maharashtra,2021,18.7624,77.7483,1986864,1129399,857465,2103,96,2482,26,0.3616,1.0585,0.2498,0.565,0
IND_0103,Ratnagiri,Maharashtra,2022,18.7624,77.7483,2017012,1156621,860391,2942,131,5920,19,0.1793,1.4586,0.587,0.7139,0
IND_0103,Ratnagiri,Maharashtra,2023,18.7624,77.7483,2037858,1178764,859094,3344,132,4268,25,0.3047,1.6409,0.4189,0.6794,0
IND_0104,Sangli,Maharashtra,2019,18.8723,80.3113,440149,225442,214707,838,30,1350,4,0.2467,1.9039,0.6134,0.7231,0
IND_0104,Sangli,Maharashtra,2020,18.8723,80.3113,446132,230737,215395,697,28,912,3,0.3926,,0.4088,0.5755,0
IND_0104,Sangli,Maharashtra,2021,18.8723,80.3113,453154,236634,216520,,20,1043,4,0.3572,1.5778,0.4603,0.6408,0
IND_0104,Sangli,Maharashtra,2022,18.8723,80.3113,463972,,219369,573,28,1182,3,0.2878,1.235,0.5095,0.5849,0
IND_0104,Sangli,Maharashtra,2023,18.8723,80.3113,463681,246768,216913,671,38,1807,6,0.2487,,0.7794,0.7518,0
IND_0105,Satara,Maharashtra,2019,16.8507,72.6926,1029968,486829,543139,1943,61,2575,10,0.2631,1.8865,0.5,0.7175,0
IND_0105,Satara,Maharashtra,2020,16.8507,72.6926,1047130,500177,546953,1204,65,3840,18,0.2766,1.1498,0.7334,0.7284,0
IND_0105,Satara,Maharashtra,2021,16.8507,72.6926,1063733,513426,550307,1012,77,4297,,0.3173,0.9514,0.8079,0.7274,0
IND_0105,Satara,Maharashtra,2022,16.8507,72.6926,1071342,,548887,2238,89,4707,10,0.201,2.089,0.8787,0.822,0
IND_0105,Satara,Maharashtra,2023,16.8507,72.6926,1090806,537401,553405,1524,54,3104,9,0.3094,1.3971,0.5691,0.6088,0
IND_0106,Sindhudurg,Maharashtra,2019,20.082,74.2741,217531,114379,103152,112,6,269,1,0.2726,0.5149,0.2473,0.3372,1
IND_0106,Sindhudurg,Maharashtra,2020,20.082,74.2741,221275,117454,103821,91,9,235,1,0.4244,0.4113,0.2124,0.3232,1
IND_0106,Sindhudurg,Maharashtra,2021,20.082,74.2741,225351,120745,104606,111,5,237,1,0.4519,0.4926,0.2103,0.295,1
IND_0106,Sindhudurg,Maharashtra,2022,20.082,74.2741,225679,122049,103630,151,7,269,1,0.2475,0.6691,0.2384,0.3999,1
IND_0106,Sindhudurg,Maharashtra,2023,20.082,74.2741,232753,127038,105715,86,7,,1,0.3532,0.3695,0.1624,0.3098,1
IND_0107,Solapur,Maharashtra,2019,19.2933,79.8455,470866,281415,189451,641,,926,3,0.2613,1.3613,0.3933,0.5632,0
IND_0107,Solapur,Maharashtra,2020,19.2933,79.8455,477147,287555,189592,468,37,1927,5,0.3548,0.9808,0.8077,0.6849,0
IND_0107,Solapur,Maharashtra,2021,19.2933,79.8455,484471,294391,190080,974,35,1467,,,2.0104,0.6056,0.831,0
IND_0107,Solapur,Maharashtra,2022,19.2933,79.8455,493777,302515,191262,840,32,1228,6,,1.7012,0.4974,0.7592,0
IND_0107,Solapur,Maharashtra,2023,19.2933,79.8455,504228,311439,192789,886,33,,4,0.2992,1.7571,0.8167,0.7708,0
IND_0108,Thane,Maharashtra,2019,16.5561,76.4941,881490,560205,321285,1379,,3288,9,0.3066,,0.746,0.7538,0
IND_0108,Thane,Maharashtra,2020,16.5561,76.4941,895530,573606,321924,1648,52,,6,0.3609,1.8403,0.714,0.7279,0
IND_0108,Thane,Maharashtra,2021,16.5561,76.4941,904179,583666,320513,1733,52,2533,,0.3211,1.9167,0.5603,0.7343,0
IND_0108,Thane,Maharashtra,2022,16.5561,76.4941,925031,601752,323279,1806,78,4601,10,,1.9524,0.9948,0.9141,0
IND_0108,Thane,Maharashtra,2023,16.5561,76.4941,943940,618772,,1978,72,3876,6,0.2237,2.0955,0.8212,0.8145,0
IND_0109,Wardha,Maharashtra,2019,17.6734,78.2347,257110,142314,114796,425,,620,3,0.171,1.653,0.4823,0.7271,0
IND_0109,Wardha,Maharashtra,2020,17.6734,78.2347,261650,146135,,286,18,665,3,0.342,1.0931,0.5083,0.6417,0
IND_0109,Wardha,Maharashtra,2021,17.6734,78.2347,266262,150042,116220,417,21,529,3,0.3916,1.5661,0.3974,0.6677,0
IND_0109,Wardha,Maharashtra,2022,17.6734,78.2347,267085,151841,115244,337,15,924,2,,1.2618,0.6919,0.6727,0
IND_0109,Wardha,Maharashtra,2023,17.6734,78.2347,274247,157284,116963,464,21,867,3,0.2324,1.6919,0.6323,0.7469,0
IND_0110,Washim,Maharashtra,2019,20.6942,77.6605,557912,310577,247335,822,34,1130,8,0.1937,1.4734,0.4051,0.7052,0
IND_0110,Washim,Maharashtra,2020,20.6942,77.6605,567609,318814,248795,1097,46,1797,8,0.2656,1.9327,0.6332,0.8379,0
IND_0110,Washim,Maharashtra,2021,20.6942,77.6605,575205,325956,249249,,32,1541,8,0.338,1.0188,0.5358,0.6217,0
IND_0110,Washim,Maharashtra,2022,20.6942,77.6605,584304,334034,250270,764,42,,,0.1878,1.3075,0.3512,0.614,0
IND_0110,Washim,Maharashtra,2023,20.6942,77.6605,586120,338003,248117,627,38,2348,8,,1.0697,0.8012,0.7493,0
IND_0111,Yavatmal,Maharashtra,2019,18.4326,73.5515,519517,286300,233217,547,29,1692,5,0.2278,1.0529,,0.6365,0
IND_0111,Yavatmal,Maharashtra,2020,18.4326,73.5515,526604,292839,233765,838,26,1582,7,0.3426,1.5913,0.6008,0.716,0
IND_0111,Yavatmal,Maharashtra,2021,18.4326,73.5515,537962,301844,236118,646,34,1428,,0.2917,1.2008,0.5309,0.6628,0
IND_0111,Yavatmal,Maharashtra,2022,18.4326,73.5515,538549,304866,233683,610,37,1263,7,0.2712,1.1327,0.469,0.6289,0
IND_0111,Yavatmal,Maharashtra,2023,18.4326,73.5515,552454,315500,236954,858,28,753,4,0.2304,1.5531,0.2726,0.6018,0
IND_0112,Ajmer,Rajasthan,2019,23.7215,75.3613,514062,153847,360215,568,22,542,12,0.4345,1.1049,0.2109,0.5561,0
IND_0112,Ajmer,Rajasthan,2020,23.7215,75.3613,520285,158311,361974,543,20,449,13,,1.0437,0.1726,0.5787,0
IND_0112,Ajmer,Rajasthan,2021,23.7215,75.3613,527800,163237,364563,555,15,348,11,0.405,1.0515,0.1319,0.5162,0
IND_0112,Ajmer,Rajasthan,2022,23.7215,75.3613,536052,,367583,424,20,402,9,0.419,0.791,0.15,0.4788,0
IND_0112,Ajmer,Rajasthan,2023,23.7215,75.3613,550013,175607,374406,604,17,245,10,0.4292,1.0982,,0.5198,0
IND_0113,Alwar,Rajasthan,2019,24.5569,70.1045,1745700,567757,1177943,739,29,647,19,0.5376,0.4233,0.0741,0.3186,1
IND_0113,Alwar,Rajasthan,2020,24.5569,70.1045,1776632,586701,1189931,561,39,1281,,0.519,0.3158,0.1442,0.3104,1
IND_0113,Alwar,Rajasthan,2021,24.5569,70.1045,1793705,601307,1192398,460,,1126,18,0.5386,0.2565,0.1256,0.2805,1
IND_0113,Alwar,Rajasthan,2022,24.5569,70.1045,1818790,618810,1199980,1081,24,,20,0.5741,0.5944,0.0584,0.3188,1
IND_0113,Alwar,Rajasthan,2023,24.5569,70.1045,1873491,646789,1226702,530,30,777,13,0.3658,0.2829,0.0829,0.284,1
IND_0114,Banswara,Rajasthan,2019,27.4901,73.6908,1843552,571932,1271620,,50,1128,21,0.4232,0.9455,0.1224,0.4152,0
IND_0114,Banswara,Rajasthan,2020,27.4901,73.6908,1868979,589165,1279814,,73,2269,30,0.4771,1.0594,0.2428,0.4775,0
IND_0114,Banswara,Rajasthan,2021,27.4901,73.6908,1893367,606320,1287047,1564,88,1304,40,0.4295,0.826,0.1377,0.4812,0
IND_0114,Banswara,Rajasthan,2022,27.4901,73.6908,1913775,622424,1291351,1145,53,892,,0.4434,0.5983,0.0932,0.44,0
IND_0114,Banswara,Rajasthan,2023,27.4901,73.6908,1939206,640391,1298815,2166,75,1705,26,0.4128,1.117,0.1758,0.4828,0
IND_0115,Baran,Rajasthan,2019,27.6397,75.7123,294089,67383,226706,326,8,115,4,0.3181,1.1085,0.0782,0.4793,0
IND_0115,Baran,Rajasthan,2020,27.6397,75.7123,297815,,228089,253,10,192,4,0.3439,0.8495,0.1289,0.4305,0
IND_0115,Baran,Rajasthan,2021,27.6397,75.7123,303615,72602,,211,12,341,7,0.5063,0.695,0.2246,0.4945,0
IND_0115,Baran,Rajasthan,2022,27.6397,75.7123,306950,,,191,10,358,4,0.4099,0.6223,0.2333,0.3883,0
IND_0115,Baran,Rajasthan,2023,27.6397,75.7123,312650,77889,234761,214,,254,5,0.4195,0.6845,0.1625,0.4076,0
IND_0116,Barmer,Rajasthan,2019,23.7205,74.6216,1099308,316714,782594,945,43,641,27,0.4231,0.8596,0.1166,0.5114,0
IND_0116,Barmer,Rajasthan,2020,23.7205,74.6216,1114853,326767,788086,1127,50,1585,27,0.4672,1.0109,0.2843,0.5828,0
IND_0116,Barmer,Rajasthan,2021,23.7205,74.6216,1137310,339036,798274,929,,949,15,0.3954,0.8168,,0.4493,0
IND_0116,Barmer,Rajasthan,2022,23.7205,74.6216,1157608,350875,806733,,31,893,20,0.4063,0.9571,0.1543,0.4909,0
IND_0116,Barmer,Rajasthan,2023,23.7205,74.6216,1177119,362674,814445,,,1009,15,0.4479,1.1859,,0.4799,0
IND_0117,Bharatpur,Rajasthan,2019,24.1709,72.876,866612,230226,636386,684,24,,22,0.4249,0.7893,0.1819,0.4967,0
IND_0117,Bharatpur,Rajasthan,2020,24.1709,72.876,881971,238716,643255,731,40,818,13,0.4504,0.8288,0.1855,0.416,0
IND_0117,Bharatpur,Rajasthan,2021,24.1709,72.876,896615,247163,649452,726,31,517,10,0.4273,,0.1153,0.4074,0
IND_0117,Bharatpur,Rajasthan,2022,24.1709,72.876,898260,252108,646152,978,41,1157,11,0.3373,1.0888,0.2576,0.4694,0
IND_0117,Bharatpur,Rajasthan,2023,24.1709,72.876,928212,265155,663057,1004,,1131,13,0.3116,1.0816,0.2437,0.5344,0
IND_0118,Bhilwara,Rajasthan,2019,25.4385,76.086,162467,58914,103553,166,4,86,3,0.369,1.0217,0.1059,0.5131,0
IND_0118,Bhilwara,Rajasthan,2020,25.4385,76.086,165154,60714,104440,161,7,114,2,0.5314,0.9748,0.1381,0.4405,0
IND_0118,Bhilwara,Rajasthan,2021,25.4385,76.086,168284,,105578,,4,56,3,0.4657,0.7725,0.0666,0.4515,0
IND_0118,Bhilwara,Rajasthan,2022,25.4385,76.086,169119,63863,105256,103,6,104,3,0.4124,0.609,0.123,0.4249,0
IND_0118,Bhilwara,Rajasthan,2023,25.4385,76.086,170856,65373,105483,171,7,106,2,0.4213,1.0008,0.1241,0.4654,0
IND_0119,Bikaner,Rajasthan,2019,30.1213,75.3313,2946657,754265,2192392,1628,96,,,0.4288,0.5525,0.1771,0.3892,0
IND_0119,Bikaner,Rajasthan,2020,30.1213,75.3313,2990634,780475,2210159,1738,114,1574,40,0.409,0.5811,0.1053,0.3714,0
IND_0119,Bikaner,Rajasthan,2021,30.1213,75.3313,3030779,806106,2224673,2282,81,,67,0.383,0.7529,0.152,0.4713,0
IND_0119,Bikaner,Rajasthan,2022,30.1213,75.3313,3077638,833957,2243681,2763,145,2972,57,0.4219,,,0.4793,0
IND_0119,Bikaner,Rajasthan,2023,30.1213,75.3313,3157027,871255,2285772,2876,100,,,0.4485,0.911,0.1581,0.519,0
IND_0120,Bundi,Rajasthan,2019,26.4956,72.4186,2490748,762078,1728670,2753,,2611,55,0.4357,1.1053,,0.5378,0
IND_0120,Bundi,Rajasthan,2020,26.4956,72.4186,2522198,784311,1737887,1593,100,3096,47,0.4964,0.6316,,0.4534,0
IND_0120,Bundi,Rajasthan,2021,26.4956,72.4186,2561883,809461,1752422,2285,116,3993,53,0.4139,0.8919,0.3117,0.5121,0
IND_0120,Bundi,Rajasthan,2022,26.4956,72.4186,2616785,839892,1776893,2657,71,1641,44,0.4493,1.0154,0.1254,0.4448,0
IND_0120,Bundi,Rajasthan,2023,26.4956,72.4186,2669336,870106,1799230,1893,125,3711,52,,0.7092,0.278,0.4954,0
IND_0121,Chittorgarh,Rajasthan,2019,29.9793,70.7208,236966,76575,160391,130,6,214,5,0.4445,0.5486,0.1806,0.4421,0
IND_0121,Chittorgarh,Rajasthan,2020,29.9793,70.7208,240964,79071,161893,142,6,169,5,0.3985,0.5893,0.1403,0.4547,0
IND_0121,Chittorgarh,Rajasthan,2021,29.9793,70.7208,242831,80898,161933,,10,198,5,0.3723,0.8895,0.1631,0.4951,0
IND_0121,Chittorgarh,Rajasthan,2022,29.9793,70.7208,247744,83774,163970,199,10,350,3,0.4034,0.8032,0.2825,0.4372,0
IND_0121,Chittorgarh,Rajasthan,2023,29.9793,70.7208,252959,86802,166157,221,7,105,2,0.3336,0.8737,0.083,0.403,0
IND_0122,Churu,Rajasthan,2019,26.1278,70.8089,755188,315996,439192,649,29,423,15,0.3853,0.8594,0.112,0.5099,0
IND_0122,Churu,Rajasthan,2020,26.1278,70.8089,765301,324054,441247,430,27,786,10,0.5194,0.5619,0.2054,0.3797,0
IND_0122,Churu,Rajasthan,2021,26.1278,70.8089,775668,332322,443346,492,28,822,13,0.4047,0.6343,0.2119,0.466,0
IND_0122,Churu,Rajasthan,2022,26.1278,70.8089,783604,339640,,778,26,483,14,0.4217,0.9928,,0.5043,0
IND_0122,Churu,Rajasthan,2023,26.1278,70.8089,795609,348821,446788,766,38,1330,9,0.4306,0.9628,0.3343,0.4747,0
IND_0123,Dausa,Rajasthan,2019,27.3493,69.9745,807131,290273,516858,693,20,355,10,,0.8586,0.088,0.415,0
IND_0123,Dausa,Rajasthan,2020,27.3493,69.9745,817870,298224,519646,532,31,866,17,0.422,0.6505,0.2118,0.4863,0
IND_0123,Dausa,Rajasthan,2021,27.3493,69.9745,829057,,522608,800,27,804,9,0.436,0.965,0.194,0.4118,0
IND_0123,Dausa,Rajasthan,2022,27.3493,69.9745,840465,314868,,,39,1299,15,0.3591,0.6603,0.3091,0.5235,0
IND_0123,Dausa,Rajasthan,2023,27.3493,69.9745,856067,324993,531074,691,30,1009,18,0.4346,0.8072,0.2357,0.5114,0
IND_0124,Dholpur,Rajasthan,2019,24.4523,72.195,304813,78773,226040,290,7,179,7,0.3333,0.9514,0.1174,0.5054,0
IND_0124,Dholpur,Rajasthan,2020,24.4523,72.195,309222,81459,,183,12,268,4,0.4111,0.5918,0.1733,0.37,0
IND_0124,Dholpur,Rajasthan,2021,24.4523,72.195,313456,84141,229315,334,10,151,4,0.4315,1.0655,0.0963,0.4191,0
IND_0124,Dholpur,Rajasthan,2022,24.4523,72.195,317102,86706,230396,279,12,346,5,0.3897,0.8798,0.2182,0.471,0
IND_0124,Dholpur,Rajasthan,2023,24.4523,72.195,325468,90620,234848,321,14,440,6,,0.9863,0.2704,0.5573,0
IND_0125,Dungarpur,Rajasthan,2019,23.4207,74.3743,724302,241893,482409,731,23,479,14,0.3269,1.0092,0.1323,0.5235,0
IND_0125,Dungarpur,Rajasthan,2020,23.4207,74.3743,734073,248827,485246,404,21,296,9,0.3702,0.5504,0.0806,0.3462,0
IND_0125,Dungarpur,Rajasthan,2021,23.4207,74.3743,747193,257010,490183,752,29,586,11,0.4853,1.0064,0.1569,0.4469,0
IND_0125,Dungarpur,Rajasthan,2022,23.4207,74.3743,754039,263135,490904,672,20,474,11,0.3449,0.8912,0.1257,0.4462,0
IND_0125,Dungarpur,Rajasthan,2023,23.4207,74.3743,769815,272490,497325,437,,,10,0.3495,0.5677,0.1748,0.4497,0
IND_0126,Hanumangarh,Rajasthan,2019,26.6913,70.7776,425581,98577,327004,257,10,159,7,0.327,0.6039,0.0747,0.4084,0
IND_0126,Hanumangarh,Rajasthan,2020,26.6913,70.7776,432147,102258,329889,337,15,520,11,0.3846,0.7798,0.2407,0.5242,0
IND_0126,Hanumangarh,Rajasthan,2021,26.6913,70.7776,440831,106517,334314,371,,338,6,0.4687,0.8416,0.1533,0.3839,0
IND_0126,Hanumangarh,Rajasthan,2022,26.6913,70.7776,442698,109182,333516,460,16,257,6,0.3519,1.0391,0.1161,0.4585,0
IND_0126,Hanumangarh,Rajasthan,2023,26.6913,70.7776,455846,114704,341142,247,14,456,11,0.3904,0.5418,0.2001,0.4757,0
IND_0127,Jaipur,Rajasthan,2019,26.5987,72.8718,399976,123492,276484,246,18,388,7,0.3789,,0.194,0.4657,0
IND_0127,Jaipur,Rajasthan,2020,26.5987,72.8718,405460,127212,278248,273,10,194,6,0.4331,0.6733,0.0957,0.4038,0
IND_0127,Jaipur,Rajasthan,2021,26.5987,72.8718,413982,131956,282026,306,10,320,5,0.3643,0.7392,,0.4392,0
IND_0127,Jaipur,Rajasthan,2022,26.5987,72.8718,414807,134293,280514,,12,,9,0.3526,,0.0902,0.4635,0
IND_0127,Jaipur,Rajasthan,2023,26.5987,72.8718,423351,,284175,502,18,260,10,0.3036,1.1858,0.1228,0.5916,0
IND_0128,Jaisalmer,Rajasthan,2019,24.3036,77.8434,850587,,544283,940,37,1061,15,0.3015,1.1051,,0.5741,0
IND_0128,Jaisalmer,Rajasthan,2020,24.3036,77.8434,864233,315540,548693,725,33,763,16,0.5344,0.8389,,0.4897,0
IND_0128,Jaisalmer,Rajasthan,2021,24.3036,77.8434,877195,324658,552537,587,37,1162,12,0.4286,0.6692,0.2649,0.4253,0
IND_0128,Jaisalmer,Rajasthan,2022,24.3036,77.8434,890138,333899,556239,,39,1263,19,0.3419,1.1616,0.2838,0.6137,0
IND_0128,Jaisalmer,Rajasthan,2023,24.3036,77.8434,895754,340484,555270,547,42,618,12,0.3702,0.6107,0.138,0.394,0
IND_0129,Jalore,Rajasthan,2019,24.2502,71.4402,319924,97050,,260,11,199,6,0.3075,0.8127,0.1244,0.489,0
IND_0129,Jalore,Rajasthan,2020,24.2502,71.4402,324553,100077,224476,299,14,467,4,0.5009,0.9213,0.2878,0.4309,0
IND_0129,Jalore,Rajasthan,2021,24.2502,71.4402,327823,102724,225099,162,,157,4,0.4866,0.4942,0.0958,0.3683,0
IND_0129,Jalore,Rajasthan,2022,24.2502,71.4402,334147,106377,227770,,10,305,5,0.3456,0.7871,0.1826,0.4733,0
IND_0129,Jalore,Rajasthan,2023,24.2502,71.4402,343222,110982,232240,,11,289,6,0.4285,1.212,0.1684,0.5218,0
IND_0130,Jhalawar,Rajasthan,2019,29.0504,70.7902,676397,220233,456164,725,23,654,15,0.3551,1.0719,0.1934,0.5806,0
IND_0130,Jhalawar,Rajasthan,2020,29.0504,70.7902,685611,226661,458950,355,29,832,16,0.4182,0.5178,0.2427,0.4879,0
IND_0130,Jhalawar,Rajasthan,2021,29.0504,70.7902,696358,233696,462662,500,20,312,10,,0.718,0.0896,0.417,0
IND_0130,Jhalawar,Rajasthan,2022,29.0504,70.7902,711847,242453,469394,,20,590,10,0.3819,0.6167,0.1658,0.4056,0
IND_0130,Jhalawar,Rajasthan,2023,29.0504,70.7902,714370,246884,467486,488,20,270,10,0.334,0.6831,0.0756,0.4423,0
IND_0131,Jhunjhunu,Rajasthan,2019,27.5633,74.207,153756,47298,106458,136,,97,3,0.386,0.8845,0.1262,0.4699,0
IND_0131,Jhunjhunu,Rajasthan,2020,27.5633,74.207,155888,48733,,128,5,163,2,0.4213,0.8211,0.2091,0.4512,0
IND_0131,Jhunjhunu,Rajasthan,2021,27.5633,74.207,158406,50312,108094,172,6,83,3,0.4062,1.0858,0.1048,0.4982,0
IND_0131,Jhunjhunu,Rajasthan,2022,27.5633,74.207,160712,51848,108864,171,4,95,3,0.4359,1.064,0.1182,0.5062,0
IND_0131,Jhunjhunu,Rajasthan,2023,27.5633,74.207,163605,,,106,4,83,2,0.4343,0.6479,0.1015,0.3567,0
IND_0132,Jodhpur,Rajasthan,2019,29.3562,71.1019,4243763,1067704,3176059,4086,127,3686,108,0.4205,0.9628,0.1737,0.5356,0
IND_0132,Jodhpur,Rajasthan,2020,29.3562,71.1019,4319130,1108261,3210869,3075,190,4181,101,0.5232,0.7119,0.1936,0.4687,0
IND_0132,Jodhpur,Rajasthan,2021,29.3562,71.1019,4389251,1148200,3241051,2213,207,7338,65,0.4403,0.5042,0.3344,0.4155,0
IND_0132,Jodhpur,Rajasthan,2022,29.3562,71.1019,4424547,1179556,3244991,3568,125,2893,110,0.4052,0.8064,0.1308,0.5076,0
IND_0132,Jodhpur,Rajasthan,2023,29.3562,71.1019,4526823,1229456,,3649,128,3769,69,0.3995,0.8061,0.1665,0.4355,0
IND_0133,Karauli,Rajasthan,2019,29.8093,76.0039,192928,85994,106934,125,5,163,2,0.4302,0.6479,0.169,0.3862,0
IND_0133,Karauli,Rajasthan,2020,29.8093,76.0039,196169,88420,107749,201,6,88,3,0.4146,1.0246,0.0897,0.5016,0
IND_0133,Karauli,Rajasthan,2021,29.8093,76.0039,198523,90474,108049,125,5,74,,0.4645,0.6296,0.0746,0.3366,0
IND_0133,Karauli,Rajasthan,2022,29.8093,76.0039,202746,93412,109334,,9,152,,0.3316,0.7201,0.1499,0.3935,0
IND_0133,Karauli,Rajasthan,2023,29.8093,76.0039,206809,96318,110491,,7,132,1,0.4419,1.117,0.1277,0.3855,0
IND_0134,Kota,Rajasthan,2019,29.3979,72.3368,409721,122114,287607,308,,202,9,0.3913,0.7517,0.0986,0.4606,0
IND_0134,Kota,Rajasthan,2020,29.3979,72.3368,416262,126145,290117,386,17,463,8,0.4464,0.9273,,0.5105,0
IND_0134,Kota,Rajasthan,2021,29.3979,72.3368,422404,130118,292286,383,13,234,5,0.4719,0.9067,0.1108,0.4285,0
IND_0134,Kota,Rajasthan,2022,29.3979,72.3368,424844,132994,291850,238,19,416,10,0.369,0.5602,0.1958,0.5021,0
IND_0134,Kota,Rajasthan,2023,29.3979,72.3368,434765,138274,296491,241,12,185,10,0.3448,0.5543,0.0851,0.4681,0
IND_0135,Nagaur,Rajasthan,2019,24.7778,78.0012,454370,172596,281774,253,13,405,6,0.3137,0.5568,0.1783,0.4521,0
IND_0135,Nagaur,Rajasthan,2020,24.7778,78.0012,460689,177300,283389,515,18,611,9,0.4178,1.1179,0.2653,0.5666,0
IND_0135,Nagaur,Rajasthan,2021,24.7778,78.0012,466515,,284640,,14,249,8,0.4394,0.5445,0.1067,0.4149,0
IND_0135,Nagaur,Rajasthan,2022,24.7778,78.0012,472523,186580,285943,430,19,,10,0.3618,0.91,0.2675,0.5527,0
IND_0135,Nagaur,Rajasthan,2023,24.7778,78.0012,484640,193788,290852,284,,364,8,0.4153,0.586,0.1502,0.4379,0
IND_0136,Pali,Rajasthan,2019,24.9545,72.0374,831790,260436,571354,234,13,,,0.4855,0.2813,0.0505,0.2319,1
IND_0136,Pali,Rajasthan,2020,24.9545,72.0374,845203,268862,576341,402,23,692,5,0.5054,0.4756,0.1637,0.2723,1
IND_0136,Pali,Rajasthan,2021,24.9545,72.0374,860678,278088,582590,264,13,264,10,0.6145,0.3067,,0.2576,1
IND_0136,Pali,Rajasthan,2022,24.9545,72.0374,870032,285460,584572,333,16,253,6,0.5558,0.3827,0.0582,0.261,1
IND_0136,Pali,Rajasthan,2023,24.9545,72.0374,877725,292373,585352,473,16,229,9,0.4705,0.5389,0.0522,0.3299,1
IND_0137,Pratapgarh,Rajasthan,2019,24.2465,69.916,393851,108169,285682,198,16,344,9,0.3115,0.5027,0.1747,0.481,0
IND_0137,Pratapgarh,Rajasthan,2020,24.2465,69.916,399141,111618,287523,429,,438,10,0.5123,1.0748,0.2195,0.5498,0
IND_0137,Pratapgarh,Rajasthan,2021,24.2465,69.916,407837,116089,291748,214,16,551,,0.4313,0.5247,0.2702,0.4968,0
IND_0137,Pratapgarh,Rajasthan,2022,24.2465,69.916,410080,,291303,295,13,258,5,0.3164,0.7194,0.1258,0.4172,0
IND_0137,Pratapgarh,Rajasthan,2023,24.2465,69.916,420499,123898,296601,231,16,500,10,0.3593,0.5493,,0.5046,0
IND_0138,Rajsamand,Rajasthan,2019,29.9508,70.7986,3598721,956123,2642598,3075,141,2107,49,0.3638,0.8545,0.1171,0.44,0
IND_0138,Rajsamand,Rajasthan,2020,29.9508,70.7986,3642466,985958,2656508,2151,97,2046,48,0.4244,0.5905,0.1123,0.3923,0
IND_0138,Rajsamand,Rajasthan,2021,29.9508,70.7986,3708120,1022270,2685850,3051,169,3515,87,0.4053,0.8228,0.1896,0.4982,0
IND_0138,Rajsamand,Rajasthan,2022,29.9508,70.7986,3742267,1050395,2691872,4050,113,2682,85,0.3432,1.0822,0.1433,0.5523,0
IND_0138,Rajsamand,Rajasthan,2023,29.9508,70.7986,3855353,1101413,2753940,3942,125,3889,62,0.3854,1.0225,0.2017,0.4868,0
IND_0139,Sawai Madhopur,Rajasthan,2019,25.531,70.0509,264128,102544,161584,240,10,,3,0.3053,0.9087,0.2135,0.4519,0
IND_0139,Sawai Madhopur,Rajasthan,2020,25.531,70.0509,268149,105446,162703,213,10,200,3,0.4029,0.7943,,0.3871,0
IND_0139,Sawai Madhopur,Rajasthan,2021,25.531,70.0509,270849,,162987,153,7,168,3,0.4818,,0.1241,0.3739,0
IND_0139,Sawai Madhopur,Rajasthan,2022,25.531,70.0509,274210,110572,163638,201,,186,4,0.4464,,0.1357,0.4192,0
IND_0139,Sawai Madhopur,Rajasthan,2023,25.531,70.0509,282092,115161,166931,,,276,5,0.423,1.0245,0.1957,0.5172,0
IND_0140,Sikar,Rajasthan,2019,23.5792,70.8616,2620206,774069,1846137,1998,95,2389,31,0.3013,0.7625,0.1824,0.4105,0
IND_0140,Sikar,Rajasthan,2020,23.5792,70.8616,2659662,799024,1860638,1616,120,2790,59,0.3581,0.6076,0.2098,0.4875,0
IND_0140,Sikar,Rajasthan,2021,23.5792,70.8616,2688296,,1867228,1484,117,3762,58,0.4293,0.552,0.2799,0.5048,0
IND_0140,Sikar,Rajasthan,2022,23.5792,70.8616,2724715,,1878900,2332,107,2976,,0.4011,,0.2184,0.5428,0
IND_0140,Sikar,Rajasthan,2023,23.5792,70.8616,2797854,882508,1915346,2913,106,1801,56,0.3136,1.0412,0.1287,0.5279,0
IND_0141,Sirohi,Rajasthan,2019,27.7073,73.3109,999448,355357,644091,337,14,499,11,0.4498,0.3372,0.0999,0.3035,1
IND_0141,Sirohi,Rajasthan,2020,27.7073,73.3109,1014185,365668,648517,250,29,489,8,0.4631,0.2465,0.0964,0.2623,1
IND_0141,Sirohi,Rajasthan,2021,27.7073,73.3109,1035166,378409,656757,535,14,431,,0.6378,0.5168,0.0833,0.2915,1
IND_0141,Sirohi,Rajasthan,2022,27.7073,73.3109,1038611,384861,653750,624,,260,,,0.6008,,0.3617,1
IND_0141,Sirohi,Rajasthan,2023,27.7073,73.3109,1068048,401109,666939,281,25,649,10,0.4651,0.2631,0.1215,0.3168,1
IND_0142,Sri Ganganagar,Rajasthan,2019,28.5395,75.6501,1557896,472651,1085245,503,34,797,16,0.4343,0.3229,0.1023,0.2955,1
IND_0142,Sri Ganganagar,Rajasthan,2020,28.5395,75.6501,1584879,488762,1096117,424,25,401,17,0.6498,0.2675,0.0506,0.2425,1
IND_0142,Sri Ganganagar,Rajasthan,2021,28.5395,75.6501,1613978,505806,1108172,388,24,,13,0.4931,0.2404,0.045,0.2402,1
IND_0142,Sri Ganganagar,Rajasthan,2022,28.5395,75.6501,1624613,517262,1107351,711,22,528,19,0.4985,0.4376,0.065,0.3192,1
IND_0142,Sri Ganganagar,Rajasthan,2023,28.5395,75.6501,1664689,538345,,1073,30,648,18,0.4712,0.6446,0.0779,0.347,1
IND_0143,Tonk,Rajasthan,2019,25.3693,74.7043,397477,98839,298638,324,14,,5,,0.8151,0.1434,0.398,0
IND_0143,Tonk,Rajasthan,2020,25.3693,74.7043,403322,102310,301012,238,17,386,6,0.5142,0.5901,,0.3872,0
IND_0143,Tonk,Rajasthan,2021,25.3693,74.7043,409309,105875,303434,321,13,228,8,0.3985,0.7842,0.1114,0.4424,0
IND_0143,Tonk,Rajasthan,2022,25.3693,74.7043,417611,110110,307501,461,16,471,7,0.4272,1.1039,0.2256,0.5443,0
IND_0143,Tonk,Rajasthan,2023,25.3693,74.7043,420337,112931,307406,335,14,293,6,0.3994,0.797,0.1394,0.4121,0
IND_0144,Udaipur,Rajasthan,2019,28.4572,74.8754,891496,233139,658357,897,26,568,20,0.3724,1.0062,0.1274,0.5386,0
IND_0144,Udaipur,Rajasthan,2020,28.4572,74.8754,902927,,662284,753,33,735,17,,0.834,0.1628,0.4421,0
IND_0144,Udaipur,Rajasthan,2021,28.4572,74.8754,921586,250224,671362,559,39,852,22,0.418,0.6066,,0.4865,0
IND_0144,Udaipur,Rajasthan,2022,28.4572,74.8754,932894,257959,674935,858,34,819,14,0.3094,0.9197,0.1756,0.4701,0
IND_0144,Udaipur,Rajasthan,2023,28.4572,74.8754,937187,263832,673355,702,45,1194,18,,,0.2548,0.4745,0
IND_0145,Agar Malwa,Madhya Pradesh,2019,26.1395,77.144,515159,192912,322247,256,17,254,11,,0.4969,0.0986,0.4645,0
IND_0145,Agar Malwa,Madhya Pradesh,2020,26.1395,77.144,521394,197853,323541,355,16,537,6,,0.6809,0.206,0.3861,0
IND_0145,Agar Malwa,Madhya Pradesh,2021,26.1395,77.144,533216,205006,328210,553,19,555,10,0.455,1.0371,0.2082,0.5255,0
IND_0145,Agar Malwa,Madhya Pradesh,2022,26.1395,77.144,543149,211540,331609,530,14,344,7,0.4532,0.9758,0.1267,0.4531,0
IND_0145,Agar Malwa,Madhya Pradesh,2023,26.1395,77.144,544998,214985,330013,260,16,308,7,0.388,0.4771,0.113,0.3804,0
IND_0146,Alirajpur,Madhya Pradesh,2019,23.5229,80.6898,203994,59119,144875,54,3,76,1,0.5773,0.2647,0.0745,0.1902,1
IND_0146,Alirajpur,Madhya Pradesh,2020,23.5229,80.6898,207146,61068,,53,2,,1,0.5128,0.2559,0.0483,0.2261,1
IND_0146,Alirajpur,Madhya Pradesh,2021,23.5229,80.6898,209960,62948,147012,,5,113,1,,0.4096,0.1076,0.2529,1
IND_0146,Alirajpur,Madhya Pradesh,2022,23.5229,80.6898,214482,65376,149106,69,2,56,2,0.4497,0.3217,0.0522,0.2704,1
IND_0146,Alirajpur,Madhya Pradesh,2023,23.5229,80.6898,216296,67010,149286,48,3,50,2,0.5789,0.2219,,0.249,1
IND_0147,Anuppur,Madhya Pradesh,2019,23.6586,77.9784,685066,147476,537590,203,17,357,7,0.5821,0.2963,0.1042,0.2494,1
IND_0147,Anuppur,Madhya Pradesh,2020,23.6586,77.9784,693460,152750,540710,245,15,300,9,0.5784,0.3533,0.0865,0.2673,1
IND_0147,Anuppur,Madhya Pradesh,2021,23.6586,77.9784,707031,159275,,124,10,247,5,0.4842,0.1754,0.0699,0.2301,1
IND_0147,Anuppur,Madhya Pradesh,2022,23.6586,77.9784,712462,164061,548401,243,,314,6,0.5259,0.3411,0.0881,0.3,1
IND_0147,Anuppur,Madhya Pradesh,2023,23.6586,77.9784,733466,172565,560901,235,11,276,5,0.4813,0.3204,0.0753,0.2665,1
IND_0148,Ashoknagar,Madhya Pradesh,2019,21.1978,75.3342,438455,,303274,,11,283,2,0.5711,0.2167,0.1291,0.207,1
IND_0148,Ashoknagar,Madhya Pradesh,2020,21.1978,75.3342,443979,,304875,,6,134,3,0.5753,,0.0604,0.2553,1
IND_0148,Ashoknagar,Madhya Pradesh,2021,21.1978,75.3342,452150,143925,,129,7,212,4,0.5947,0.2853,0.0938,0.2554,1
IND_0148,Ashoknagar,Madhya Pradesh,2022,21.1978,75.3342,457202,147819,309383,172,6,80,3,0.5013,0.3762,0.035,0.2384,1
IND_0148,Ashoknagar,Madhya Pradesh,2023,21.1978,75.3342,462187,151741,310446,,7,154,4,0.4957,0.3851,0.0666,0.3027,1
IND_0149,Balaghat,Madhya Pradesh,2019,22.8699,82.3732,224292,,136363,35,4,108,1,0.477,0.156,0.0963,0.2279,1
IND_0149,Balaghat,Madhya Pradesh,2020,22.8699,82.3732,227840,90459,,71,3,86,1,0.5552,0.3116,0.0755,0.2211,1
IND_0149,Balaghat,Madhya Pradesh,2021,22.8699,82.3732,232271,93379,138892,139,2,,2,0.564,0.5984,0.0517,0.2838,1
IND_0149,Balaghat,Madhya Pradesh,2022,22.8699,82.3732,233108,94881,138227,71,4,94,1,0.5568,0.3046,0.0806,0.2187,1
IND_0149,Balaghat,Madhya Pradesh,2023,22.8699,82.3732,238825,98402,140423,55,2,51,1,0.5294,0.2303,0.0427,0.1672,1
IND_0150,Barwani,Madhya Pradesh,2019,25.1376,81.838,337853,128739,209114,209,14,,5,0.4774,0.6186,,0.4138,0
IND_0150,Barwani,Madhya Pradesh,2020,25.1376,81.838,343920,132770,,289,8,244,3,0.4494,0.8403,0.1419,0.4052,0
IND_0150,Barwani,Madhya Pradesh,2021,25.1376,81.838,346246,,210846,350,13,,3,0.4374,1.0108,0.2287,0.4412,0
IND_0150,Barwani,Madhya Pradesh,2022,25.1376,81.838,351582,139244,212338,285,,354,5,0.4438,,0.2014,0.4629,0
IND_0150,Barwani,Madhya Pradesh,2023,25.1376,81.838,358171,143645,214526,166,9,244,5,0.3351,,0.1362,0.4121,0
IND_0151,Betul,Madhya Pradesh,2019,26.5626,79.7689,260035,70397,189638,134,7,226,4,0.3838,0.5153,0.1738,0.4034,0
IND_0151,Betul,Madhya Pradesh,2020,26.5626,79.7689,263651,72694,190957,163,9,173,5,0.491,0.6182,0.1312,0.431,0
IND_0151,Betul,Madhya Pradesh,2021,26.5626,79.7689,268247,75303,192944,132,7,234,5,0.5044,0.4921,0.1745,0.3976,0
IND_0151,Betul,Madhya Pradesh,2022,26.5626,79.7689,274276,78366,195910,205,9,118,5,0.4112,0.7474,0.086,0.4155,0
IND_0151,Betul,Madhya Pradesh,2023,26.5626,79.7689,278193,80877,197316,141,10,235,3,0.4394,0.5068,,0.3587,0
IND_0152,Bhind,Madhya Pradesh,2019,23.0909,80.0467,462018,109426,352592,303,14,195,11,0.4731,0.6558,0.0844,0.4383,0
IND_0152,Bhind,Madhya Pradesh,2020,23.0909,80.0467,468371,113272,355099,423,18,262,6,0.453,0.9031,0.1119,0.4034,0
IND_0152,Bhind,Madhya Pradesh,2021,23.0909,80.0467,474652,117165,357487,465,17,432,,0.4169,0.9797,0.182,0.4903,0
IND_0152,Bhind,Madhya Pradesh,2022,23.0909,80.0467,479719,120814,358905,235,20,636,12,0.4652,0.4899,0.2652,0.4515,0
IND_0152,Bhind,Madhya Pradesh,2023,23.0909,80.0467,491187,126158,365029,486,13,293,10,0.4482,0.9894,0.1193,0.4827,0
IND_0153,Bhopal,Madhya Pradesh,2019,21.7451,74.2802,973354,405031,568323,484,25,715,11,0.3802,0.4972,0.1469,0.3837,0
IND_0153,Bhopal,Madhya Pradesh,2020,21.7451,74.2802,986611,415481,571130,643,29,802,20,0.46,0.6517,0.1626,0.49,0
IND_0153,Bhopal,Madhya Pradesh,2021,21.7451,74.2802,1001924,426939,574985,743,37,492,16,0.4335,0.7416,0.0982,0.4406,0
IND_0153,Bhopal,Madhya Pradesh,2022,21.7451,74.2802,1009284,435122,574162,617,29,524,14,0.4765,0.6113,0.1038,0.4191,0
IND_0153,Bhopal,Madhya Pradesh,2023,21.7451,74.2802,1021702,445584,576118,841,39,,,0.4657,0.8231,0.1294,0.4785,0
IND_0154,Burhanpur,Madhya Pradesh,2019,26.4942,75.0376,852328,287822,,204,17,441,,0.4357,0.2393,,0.2743,1
IND_0154,Burhanpur,Madhya Pradesh,2020,26.4942,75.0376,867379,297241,570138,238,14,286,8,0.5324,0.2744,0.0659,0.2583,1
IND_0154,Burhanpur,Madhya Pradesh,2021,26.4942,75.0376,875569,304426,,315,16,430,7,0.6036,0.3598,0.0982,0.2414,1
IND_0154,Burhanpur,Madhya Pradesh,2022,26.4942,75.0376,887580,313040,574540,139,14,219,5,0.5354,0.1566,,0.18,1
IND_0154,Burhanpur,Madhya Pradesh,2023,26.4942,75.0376,915302,327394,587908,238,16,289,6,0.5262,0.26,0.0631,0.2394,1
IND_0155,Chhatarpur,Madhya Pradesh,2019,21.809,78.347,633186,139317,493869,314,25,,9,,0.4959,0.1399,0.4073,0
IND_0155,Chhatarpur,Madhya Pradesh,2020,21.809,78.347,642967,144684,498283,312,19,346,9,0.4966,0.4853,0.1076,0.3454,0
IND_0155,Chhatarpur,Madhya Pradesh,2021,21.809,78.347,655674,150822,504852,419,16,449,16,,0.639,0.137,0.4734,0
IND_0155,Chhatarpur,Madhya Pradesh,2022,21.809,78.347,667824,156956,510868,,23,684,17,0.4602,0.8041,,0.4912,0
IND_0155,Chhatarpur,Madhya Pradesh,2023,21.809,78.347,665285,159686,505599,,22,364,16,0.3597,0.5832,0.1094,0.4487,0
IND_0156,Chhindwara,Madhya Pradesh,2019,26.2667,74.3614,1124948,345794,779154,225,21,377,13,0.5713,0.2,0.067,0.2463,1
IND_0156,Chhindwara,Madhya Pradesh,2020,26.2667,74.3614,1140054,356138,783916,240,18,370,6,0.5584,0.2105,0.0649,0.1979,1
IND_0156,Chhindwara,Madhya Pradesh,2021,26.2667,74.3614,1159583,368036,791547,,29,575,9,0.5683,0.2975,0.0992,0.2443,1
IND_0156,Chhindwara,Madhya Pradesh,2022,26.2667,74.3614,1177270,379536,797734,373,20,472,12,0.5541,0.3168,0.0802,0.2637,1
IND_0156,Chhindwara,Madhya Pradesh,2023,26.2667,74.3614,1200887,393155,,,30,,11,0.5611,0.3814,,0.2706,1
IND_0157,Damoh,Madhya Pradesh,2019,24.1279,77.3436,406274,121812,284462,224,17,575,10,0.4024,0.5514,0.2831,0.5039,0
IND_0157,Damoh,Madhya Pradesh,2020,24.1279,77.3436,413258,125972,,283,14,419,8,0.4342,0.6848,0.2028,0.4669,0
IND_0157,Damoh,Madhya Pradesh,2021,24.1279,77.3436,419829,130074,289755,322,,463,,0.5446,0.767,,0.4075,0
IND_0157,Damoh,Madhya Pradesh,2022,24.1279,77.3436,423084,133198,,351,17,280,6,0.3405,0.8296,0.1324,0.4437,0
IND_0157,Damoh,Madhya Pradesh,2023,24.1279,77.3436,434999,139124,295875,391,12,,7,,0.8989,0.1508,0.4492,0
IND_0158,Datia,Madhya Pradesh,2019,23.8376,81.0284,587696,139172,448524,301,8,243,6,0.4521,0.5122,0.0827,0.3069,1
IND_0158,Datia,Madhya Pradesh,2020,23.8376,81.0284,594949,143864,451085,147,13,290,4,0.6783,0.2471,0.0975,0.1978,1
IND_0158,Datia,Madhya Pradesh,2021,23.8376,81.0284,604043,149084,454959,,11,230,5,0.651,0.1788,0.0762,0.1953,1
IND_0158,Datia,Madhya Pradesh,2022,23.8376,81.0284,614004,154612,,174,13,204,6,0.5168,,0.0664,0.2757,1
IND_0158,Datia,Madhya Pradesh,2023,23.8376,81.0284,627671,161192,466479,310,17,555,5,0.5162,0.4939,0.1768,0.324,1
IND_0159,Dewas,Madhya Pradesh,2019,25.7664,81.5681,166423,42076,124347,162,7,211,2,0.3347,0.9734,0.2536,0.4576,0
IND_0159,Dewas,Madhya Pradesh,2020,25.7664,81.5681,168620,43474,125146,,5,137,2,,0.7532,0.1625,0.403,0
IND_0159,Dewas,Madhya Pradesh,2021,25.7664,81.5681,172034,45215,126819,172,4,132,3,0.4915,0.9998,0.1535,0.4789,0
IND_0159,Dewas,Madhya Pradesh,2022,25.7664,81.5681,174926,,128077,165,4,135,3,0.3344,0.9433,0.1544,0.4762,0
IND_0159,Dewas,Madhya Pradesh,2023,25.7664,81.5681,176646,48193,128453,153,6,,3,0.4177,0.8661,0.1347,0.4376,0
IND_0160,Dhar,Madhya Pradesh,2019,25.3284,76.1333,320489,120656,199833,281,9,115,6,0.4696,0.8768,0.0718,0.4657,0
IND_0160,Dhar,Madhya Pradesh,2020,25.3284,76.1333,325072,124007,201065,,12,240,5,,0.4399,0.1477,0.3807,0
IND_0160,Dhar,Madhya Pradesh,2021,25.3284,76.1333,331517,128123,,218,13,170,4,0.4824,0.6576,0.1026,0.3742,0
IND_0160,Dhar,Madhya Pradesh,2022,25.3284,76.1333,335019,,203868,268,8,191,5,0.46,0.8,0.114,0.4131,0
IND_0160,Dhar,Madhya Pradesh,2023,25.3284,76.1333,336514,133419,203095,358,13,291,6,0.4634,1.0638,0.1729,0.5338,0
IND_0161,Dindori,Madhya Pradesh,2019,23.4342,82.5097,1245562,452407,793155,270,24,611,10,0.4976,0.2168,0.0981,0.2715,1
IND_0161,Dindori,Madhya Pradesh,2020,23.4342,82.5097,1261680,,797110,352,31,664,13,,0.279,0.1053,0.3023,1
IND_0161,Dindori,Madhya Pradesh,2021,23.4342,82.5097,1286204,480031,806173,240,,400,11,0.5485,0.1866,0.0622,0.2263,1
IND_0161,Dindori,Madhya Pradesh,2022,23.4342,82.5097,1313735,496874,816861,255,20,438,9,0.427,0.1941,0.0667,0.228,1
IND_0161,Dindori,Madhya Pradesh,2023,23.4342,82.5097,1313104,503201,809903,397,26,633,10,0.5897,0.3023,0.0964,0.2541,1
IND_0162,Guna,Madhya Pradesh,2019,22.9347,75.4164,609180,258459,350721,,14,404,9,0.4267,0.7847,0.1326,0.4335,0
IND_0162,Guna,Madhya Pradesh,2020,22.9347,75.4164,619950,266128,353822,395,21,547,5,0.5283,0.6371,0.1765,0.3563,0
IND_0162,Guna,Madhya Pradesh,2021,22.9347,75.4164,624669,271277,353392,654,25,587,,0.4904,1.047,0.1879,0.5015,0
IND_0162,Guna,Madhya Pradesh,2022,22.9347,75.4164,638737,280580,358157,466,15,391,10,0.4451,0.7296,0.1224,0.4697,0
IND_0162,Guna,Madhya Pradesh,2023,22.9347,75.4164,646957,287426,359531,381,22,365,8,0.3364,0.5889,0.1128,0.4058,0
IND_0163,Gwalior,Madhya Pradesh,2019,24.3866,76.3901,551465,141682,409783,363,22,443,13,0.4263,,,0.4845,0
IND_0163,Gwalior,Madhya Pradesh,2020,24.3866,76.3901,559391,146516,412875,558,19,244,8,0.418,0.9975,0.0872,0.426,0
IND_0163,Gwalior,Madhya Pradesh,2021,24.3866,76.3901,568720,151803,416917,368,22,478,12,0.422,0.6471,0.1681,0.4664,0
IND_0163,Gwalior,Madhya Pradesh,2022,24.3866,76.3901,578882,157409,,383,,402,12,0.4012,,0.1389,0.452,0
IND_0163,Gwalior,Madhya Pradesh,2023,24.3866,76.3901,591887,163905,427982,499,23,534,14,0.4723,0.8431,0.1804,0.4976,0
IND_0164,Harda,Madhya Pradesh,2019,21.2867,74.4201,532348,175684,356664,308,22,514,9,0.454,0.5786,0.1931,0.4449,0
IND_0164,Harda,Madhya Pradesh,2020,21.2867,74.4201,541274,181336,,297,19,433,10,0.4897,0.5487,0.16,0.4173,0
IND_0164,Harda,Madhya Pradesh,2021,21.2867,74.4201,550123,187051,363072,438,23,647,,0.4656,0.7962,0.2352,0.4913,0
IND_0164,Harda,Madhya Pradesh,2022,21.2867,74.4201,555311,191592,363719,,25,341,13,0.4349,0.8518,0.1228,0.5006,0
IND_0164,Harda,Madhya Pradesh,2023,21.2867,74.4201,571283,199959,371324,,22,,11,0.4649,0.7667,0.2097,0.4726,0
IND_0165,Hoshangabad,Madhya Pradesh,2019,22.2833,75.0621,247607,79556,,122,8,199,5,0.4373,0.4927,0.1607,0.4371,0
IND_0165,Hoshangabad,Madhya Pradesh,2020,22.2833,75.0621,251776,82154,169622,,7,91,5,0.5546,0.8222,0.0723,0.4144,0
IND_0165,Hoshangabad,Madhya Pradesh,2021,22.2833,75.0621,254725,84390,170335,212,7,188,5,0.5051,0.8323,0.1476,0.4626,0
IND_0165,Hoshangabad,Madhya Pradesh,2022,22.2833,75.0621,259098,,171964,190,9,,4,0.4074,0.7333,0.122,0.4458,0
IND_0165,Hoshangabad,Madhya Pradesh,2023,22.2833,75.0621,260676,88968,,192,9,184,3,0.4636,0.7365,0.1412,0.3915,0
IND_0166,Indore,Madhya Pradesh,2019,25.3591,80.3977,498187,182046,316141,125,,97,4,0.442,0.2509,0.0389,0.2608,1
IND_0166,Indore,Madhya Pradesh,2020,25.3591,80.3977,506973,187791,319182,99,7,234,4,0.517,0.1953,0.0923,0.2514,1
IND_0166,Indore,Madhya Pradesh,2021,25.3591,80.3977,512000,192213,319787,245,,223,2,0.6178,0.4785,,0.2383,1
IND_0166,Indore,Madhya Pradesh,2022,25.3591,80.3977,520678,198074,322604,133,8,221,3,0.5688,0.2554,0.0849,0.2212,1
IND_0166,Indore,Madhya Pradesh,2023,25.3591,80.3977,523971,201947,322024,197,7,131,3,0.4515,0.376,0.05,0.2766,1
IND_0167,Jabalpur,Madhya Pradesh,2019,26.0192,78.2549,542494,258789,,458,19,611,7,0.3496,,0.2253,0.4809,0
IND_0167,Jabalpur,Madhya Pradesh,2020,26.0192,78.2549,551196,265696,285500,527,22,535,10,0.5322,0.9561,0.1941,0.5213,0
IND_0167,Jabalpur,Madhya Pradesh,2021,26.0192,78.2549,561644,273541,288103,408,14,347,9,0.5036,0.7264,0.1236,0.4599,0
IND_0167,Jabalpur,Madhya Pradesh,2022,26.0192,78.2549,562617,276828,285789,554,20,287,9,0.438,0.9847,0.102,0.5032,0
IND_0167,Jabalpur,Madhya Pradesh,2023,26.0192,78.2549,570133,283376,286757,370,16,383,5,0.4491,0.649,0.1344,0.4136,0
IND_0168,Jhabua,Madhya Pradesh,2019,26.6223,78.9567,296988,112002,184986,292,10,269,5,0.3641,0.9832,0.1812,0.5234,0
IND_0168,Jhabua,Madhya Pradesh,2020,26.6223,78.9567,301647,115268,186379,,10,,6,0.562,0.842,0.1671,0.4629,0
IND_0168,Jhabua,Madhya Pradesh,2021,26.6223,78.9567,307168,,188255,319,10,174,3,0.4899,1.0385,0.1133,0.4187,0
IND_0168,Jhabua,Madhya Pradesh,2022,26.6223,78.9567,310735,121848,188887,162,10,216,4,0.3437,0.5213,0.139,0.4306,0
IND_0168,Jhabua,Madhya Pradesh,2023,26.6223,78.9567,312482,124095,188387,316,9,217,6,0.4185,1.0113,0.1389,0.5664,0
IND_0169,Katni,Madhya Pradesh,2019,25.515,80.7828,201096,72166,128930,197,6,,3,0.4199,0.9796,0.1044,0.4631,0
IND_0169,Katni,Madhya Pradesh,2020,25.515,80.7828,203978,74221,129757,179,8,151,3,0.4423,0.8775,0.1481,0.4285,0
IND_0169,Katni,Madhya Pradesh,2021,25.515,80.7828,206492,76168,130324,138,6,117,3,0.4765,0.6683,0.1133,0.4032,0
IND_0169,Katni,Madhya Pradesh,2022,25.515,80.7828,211227,78971,,152,5,151,2,0.3544,0.7196,0.143,0.4221,0
IND_0169,Katni,Madhya Pradesh,2023,25.515,80.7828,213429,80861,132568,186,6,76,3,0.3335,0.8715,0.0712,0.4721,0
IND_0170,Khandwa,Madhya Pradesh,2019,26.8396,74.0643,448405,121575,326830,200,8,220,4,0.4743,0.446,0.0981,0.2867,1
IND_0170,Khandwa,Madhya Pradesh,2020,26.8396,74.0643,455307,125723,329584,149,11,372,4,0.4915,0.3273,0.1634,0.3019,1
IND_0170,Khandwa,Madhya Pradesh,2021,26.8396,74.0643,463444,130287,333157,170,7,219,,0.6012,0.3668,0.0945,0.2596,1
IND_0170,Khandwa,Madhya Pradesh,2022,26.8396,74.0643,467159,133668,333491,117,6,105,3,,0.2505,,0.2222,1
IND_0170,Khandwa,Madhya Pradesh,2023,26.8396,74.0643,481457,140166,341291,184,7,160,4,0.5138,0.3822,0.0665,0.2308,1
IND_0171,Khargone,Madhya Pradesh,2019,22.9628,77.7239,231866,75503,156363,94,3,77,1,0.5097,,0.0664,0.2336,1
IND_0171,Khargone,Madhya Pradesh,2020,22.9628,77.7239,235885,77991,157894,,5,,1,0.5908,0.2883,0.1314,0.2156,1
IND_0171,Khargone,Madhya Pradesh,2021,22.9628,77.7239,238816,,158662,88,4,108,2,0.5916,0.3685,0.0904,0.2513,1
IND_0171,Khargone,Madhya Pradesh,2022,22.9628,77.7239,242870,82729,160141,92,4,126,2,0.5149,0.3788,0.1038,0.2634,1
IND_0171,Khargone,Madhya Pradesh,2023,22.9628,77.7239,247722,85621,162101,119,5,154,2,0.4515,0.4804,0.1243,0.3366,1
IND_0172,Mandla,Madhya Pradesh,2019,21.613,80.4196,275560,,,,12,180,4,0.4471,0.8782,0.1306,0.4684,0
IND_0172,Mandla,Madhya Pradesh,2020,21.613,80.4196,279305,118566,160739,229,8,148,5,0.4129,0.8199,,0.4935,0
IND_0172,Mandla,Madhya Pradesh,2021,21.613,80.4196,283525,121775,161750,139,9,123,3,,0.4903,0.0868,0.3448,0
IND_0172,Mandla,Madhya Pradesh,2022,21.613,80.4196,290656,126291,164365,218,,262,5,0.4409,0.75,0.1803,0.4319,0
IND_0172,Mandla,Madhya Pradesh,2023,21.613,80.4196,291398,128071,163327,160,12,336,3,,0.5491,0.2306,0.3767,0
IND_0173,Mandsaur,Madhya Pradesh,2019,26.4025,78.3191,601809,190838,410971,304,20,497,7,0.4357,0.5051,0.1652,0.3509,0
IND_0173,Mandsaur,Madhya Pradesh,2020,26.4025,78.3191,609460,196311,413149,,16,442,13,0.4286,0.7925,0.145,0.492,0
IND_0173,Mandsaur,Madhya Pradesh,2021,26.4025,78.3191,617158,201877,415281,422,19,539,7,0.507,0.6838,0.1747,0.377,0
IND_0173,Mandsaur,Madhya Pradesh,2022,26.4025,78.3191,627148,208280,418868,365,25,406,8,0.4102,0.582,0.1295,0.3719,0
IND_0173,Mandsaur,Madhya Pradesh,2023,26.4025,78.3191,636228,214477,421751,414,15,460,10,0.3359,0.6507,0.1446,0.4373,0
IND_0174,Morena,Madhya Pradesh,2019,22.0473,79.6385,233221,67327,165894,142,9,270,,0.4533,0.6089,,0.483,0
IND_0174,Morena,Madhya Pradesh,2020,22.0473,79.6385,236813,69548,167265,161,,90,4,0.422,0.6799,0.076,0.4078,0
IND_0174,Morena,Madhya Pradesh,2021,22.0473,79.6385,241531,72141,169390,,10,171,5,0.4277,0.6003,0.1416,0.4598,0
IND_0174,Morena,Madhya Pradesh,2022,22.0473,79.6385,242707,73706,169001,228,,136,5,0.3617,,0.1121,0.4989,0
IND_0174,Morena,Madhya Pradesh,2023,22.0473,79.6385,249223,76931,172292,233,5,100,6,0.3669,0.9349,0.0802,0.5113,0
IND_0175,Narsinghpur,Madhya Pradesh,2019,26.8801,78.8535,259525,,150971,136,6,84,2,0.3738,0.524,0.0647,0.2926,0
IND_0175,Narsinghpur,Madhya Pradesh,2020,26.8801,78.8535,263292,111447,151845,161,8,134,4,0.4483,0.6115,0.1018,0.4189,0
IND_0175,Narsinghpur,Madhya Pradesh,2021,26.8801,78.8535,268546,115013,153533,201,,191,2,0.4961,0.7485,0.1422,0.3322,0
IND_0175,Narsinghpur,Madhya Pradesh,2022,26.8801,78.8535,272868,118229,154639,,6,147,4,0.3842,0.634,0.1077,0.4022,0
IND_0175,Narsinghpur,Madhya Pradesh,2023,26.8801,78.8535,277675,121700,155975,268,9,282,4,0.3848,0.9652,,0.5215,0
IND_0176,Neemuch,Madhya Pradesh,2019,23.2362,81.7872,1673825,456683,1217142,1649,40,,33,,0.9852,0.0974,0.4897,0
IND_0176,Neemuch,Madhya Pradesh,2020,23.2362,81.7872,1695905,471187,1224718,1276,,1241,24,,0.7524,0.1464,0.3926,0
IND_0176,Neemuch,Madhya Pradesh,2021,23.2362,81.7872,1726901,488433,1238468,1576,67,1773,30,0.4828,0.9126,0.2053,0.4885,0
IND_0176,Neemuch,Madhya Pradesh,2022,23.2362,81.7872,1757921,505996,1251925,1052,63,1244,22,0.4004,0.5984,0.1415,0.3944,0
IND_0176,Neemuch,Madhya Pradesh,2023,23.2362,81.7872,1784974,522708,1262266,1143,,2211,39,0.4283,0.6403,,0.4714,0
IND_0177,Niwari,Madhya Pradesh,2019,26.5194,75.3,619303,215282,404021,505,20,443,7,0.4628,0.8154,,0.419,0
IND_0177,Niwari,Madhya Pradesh,2020,26.5194,75.3,629878,222108,407770,500,15,295,10,0.526,0.7938,0.0937,0.4158,0
IND_0177,Niwari,Madhya Pradesh,2021,26.5194,75.3,636911,227772,409139,494,15,279,6,,0.7756,0.0876,0.3945,0
IND_0177,Niwari,Madhya Pradesh,2022,26.5194,75.3,642955,233148,409807,471,25,781,14,0.4435,0.7326,0.2429,0.493,0
IND_0177,Niwari,Madhya Pradesh,2023,26.5194,75.3,655912,241126,414786,,26,819,8,0.4634,0.773,0.2497,0.4089,0
IND_0178,Panna,Madhya Pradesh,2019,26.3034,77.8066,209115,60631,148484,91,8,226,4,0.4465,0.4352,0.2161,0.4055,0
IND_0178,Panna,Madhya Pradesh,2020,26.3034,77.8066,211727,,149280,203,6,160,3,0.507,0.9588,0.1511,0.4162,0
IND_0178,Panna,Madhya Pradesh,2021,26.3034,77.8066,215589,,150925,197,8,253,4,0.5667,0.9138,,0.458,0
IND_0178,Panna,Madhya Pradesh,2022,26.3034,77.8066,218951,66767,152184,190,7,104,4,0.3842,0.8678,0.095,0.48,0
IND_0178,Panna,Madhya Pradesh,2023,26.3034,77.8066,223214,69183,154031,,8,130,3,0.3762,0.6406,0.1165,0.4055,0
IND_0179,Raisen,Madhya Pradesh,2019,22.3274,75.5153,507825,147342,360483,248,15,288,8,0.3742,0.4884,0.1134,0.4129,0
IND_0179,Raisen,Madhya Pradesh,2020,22.3274,75.5153,515965,152284,363681,,12,395,7,0.4107,0.5252,0.1531,0.3835,0
IND_0179,Raisen,Madhya Pradesh,2021,22.3274,75.5153,522933,156955,365978,499,13,206,11,0.4757,0.9542,0.0788,0.4764,0
IND_0179,Raisen,Madhya Pradesh,2022,22.3274,75.5153,528327,161216,367111,552,13,357,7,0.3646,1.0448,0.1351,0.4619,0
IND_0179,Raisen,Madhya Pradesh,2023,22.3274,75.5153,542552,168269,374283,417,17,563,11,0.3602,0.7686,0.2075,0.516,0
IND_0180,Rajgarh,Madhya Pradesh,2019,22.6455,76.3553,94297,31651,62646,74,3,50,1,0.4235,0.7848,0.106,0.3897,0
IND_0180,Rajgarh,Madhya Pradesh,2020,22.6455,76.3553,95830,32645,63185,78,,60,1,0.5073,0.8139,0.1252,0.3721,0
IND_0180,Rajgarh,Madhya Pradesh,2021,22.6455,76.3553,97098,33563,63535,,,90,1,0.523,0.5149,0.1854,0.3456,0
IND_0180,Rajgarh,Madhya Pradesh,2022,22.6455,76.3553,99423,34863,64560,105,4,69,2,0.4353,1.0561,0.1388,0.5213,0
IND_0180,Rajgarh,Madhya Pradesh,2023,22.6455,76.3553,101130,35968,65162,90,3,50,1,0.42,0.8899,0.0989,0.4029,0
IND_0181,Ratlam,Madhya Pradesh,2019,23.6638,75.6916,191181,59171,132010,89,5,134,3,0.4039,0.4655,0.1402,0.394,0
IND_0181,Ratlam,Madhya Pradesh,2020,23.6638,75.6916,194442,61152,133290,134,8,198,2,0.4947,0.6892,0.2037,0.3661,0
IND_0181,Ratlam,Madhya Pradesh,2021,23.6638,75.6916,196851,62894,133957,189,6,142,4,0.5244,0.9601,0.1443,0.4626,0
IND_0181,Ratlam,Madhya Pradesh,2022,23.6638,75.6916,199779,64828,,205,8,223,3,0.3639,1.0261,0.2232,0.5243,0
IND_0181,Ratlam,Madhya Pradesh,2023,23.6638,75.6916,203003,66890,136113,173,5,98,4,0.4057,0.8522,0.0966,0.4923,0
IND_0182,Rewa,Madhya Pradesh,2019,21.391,81.7613,232070,74560,157510,233,8,260,5,0.4256,1.004,0.2241,0.5585,0
IND_0182,Rewa,Madhya Pradesh,2020,21.391,81.7613,235313,76779,158534,122,6,164,4,0.4082,0.5185,0.1394,0.4295,0
IND_0182,Rewa,Madhya Pradesh,2021,21.391,81.7613,238340,78958,159382,161,9,125,2,0.4906,0.6755,0.1049,0.3144,0
IND_0182,Rewa,Madhya Pradesh,2022,21.391,81.7613,242802,81650,161152,243,8,233,4,0.4032,1.0008,0.1919,0.4929,0
IND_0182,Rewa,Madhya Pradesh,2023,21.391,81.7613,249092,85011,164081,235,7,195,3,0.4116,0.9434,0.1566,0.4486,0
IND_0183,Sagar,Madhya Pradesh,2019,23.9432,76.1681,197154,63369,133785,114,7,182,4,0.4429,0.5782,0.1846,0.4586,0
IND_0183,Sagar,Madhya Pradesh,2020,23.9432,76.1681,200663,65500,135163,129,6,104,3,0.5707,0.6429,0.1037,0.3644,0
IND_0183,Sagar,Madhya Pradesh,2021,23.9432,76.1681,202253,67030,135223,145,7,191,3,,0.7169,0.1889,0.4162,0
IND_0183,Sagar,Madhya Pradesh,2022,23.9432,76.1681,207319,69746,137573,,8,266,4,0.3406,1.0467,0.2566,0.5733,0
IND_0183,Sagar,Madhya Pradesh,2023,23.9432,76.1681,206839,70619,136220,128,5,117,4,0.4583,0.6188,0.1131,0.4427,0
IND_0184,Satna,Madhya Pradesh,2019,26.8712,74.2245,502212,128492,373720,,13,225,7,0.3703,0.7507,0.0896,0.3982,0
IND_0184,Satna,Madhya Pradesh,2020,26.8712,74.2245,509257,132841,376416,436,18,516,10,0.4606,0.8561,0.2026,0.4828,0
IND_0184,Satna,Madhya Pradesh,2021,26.8712,74.2245,520055,138258,381797,539,18,511,13,0.4211,1.0364,0.1965,0.5436,0
IND_0184,Satna,Madhya Pradesh,2022,26.8712,74.2245,528121,143043,385078,552,13,337,13,0.3668,1.0452,0.1276,0.5493,0
IND_0184,Satna,Madhya Pradesh,2023,26.8712,74.2245,535267,147654,387613,463,22,,13,0.4093,0.865,0.2167,0.5211,0
IND_0185,Sehore,Madhya Pradesh,2019,26.6326,81.7629,1742282,646225,1096057,1384,65,908,21,,0.7944,0.1042,0.4305,0
IND_0185,Sehore,Madhya Pradesh,2020,26.6326,81.7629,1765139,663528,1101611,1026,45,595,26,,0.5813,0.0674,0.3679,0
IND_0185,Sehore,Madhya Pradesh,2021,26.6326,81.7629,1791382,682350,1109032,1717,56,1833,20,0.4427,0.9585,0.2046,0.4896,0
IND_0185,Sehore,Madhya Pradesh,2022,26.6326,81.7629,1821237,702828,1118409,846,76,1798,24,0.3988,0.4645,0.1974,0.3958,0
IND_0185,Sehore,Madhya Pradesh,2023,26.6326,81.7629,1847320,722131,1125189,955,46,932,35,0.4031,0.517,,0.4399,0
IND_0186,Seoni,Madhya Pradesh,2019,23.6955,79.9766,350769,108317,242452,350,13,304,8,0.3484,0.9978,0.1733,0.5412,0
IND_0186,Seoni,Madhya Pradesh,2020,23.6955,79.9766,355275,111485,243790,289,11,145,5,0.4783,,0.0816,0.3711,0
IND_0186,Seoni,Madhya Pradesh,2021,23.6955,79.9766,362749,115644,,188,13,403,,0.4393,0.5183,0.2222,0.3707,0
IND_0186,Seoni,Madhya Pradesh,2022,23.6955,79.9766,368765,119406,249359,251,9,,,0.4379,,0.141,0.4101,0
IND_0186,Seoni,Madhya Pradesh,2023,23.6955,79.9766,371585,122177,249408,195,,489,5,0.4306,0.5248,0.2632,0.4132,0
IND_0187,Shahdol,Madhya Pradesh,2019,23.4238,80.2132,755841,247237,508604,,11,235,6,0.4415,0.2196,0.0622,0.2585,1
IND_0187,Shahdol,Madhya Pradesh,2020,23.4238,80.2132,765131,254101,511030,133,10,222,5,0.5707,0.1738,0.058,0.217,1
IND_0187,Shahdol,Madhya Pradesh,2021,23.4238,80.2132,779934,262917,517017,229,12,188,5,0.5717,0.2936,,0.208,1
IND_0187,Shahdol,Madhya Pradesh,2022,23.4238,80.2132,797135,272701,524434,,13,293,5,0.4617,0.3751,0.0735,0.27,1
IND_0187,Shahdol,Madhya Pradesh,2023,23.4238,80.2132,811428,281648,529780,198,14,362,5,0.4779,0.244,0.0892,0.2606,1
IND_0188,Shajapur,Madhya Pradesh,2019,21.7394,76.3675,990920,261625,729295,346,15,198,8,0.4685,,0.04,0.2517,1
IND_0188,Shajapur,Madhya Pradesh,2020,21.7394,76.3675,1006041,270648,735393,358,27,810,10,0.558,,0.161,0.2861,1
IND_0188,Shajapur,Madhya Pradesh,2021,21.7394,76.3675,1025285,280951,744334,210,28,922,6,0.6101,0.2048,0.1799,0.2264,1
IND_0188,Shajapur,Madhya Pradesh,2022,21.7394,76.3675,1044695,291494,753201,232,15,306,,0.4852,0.2221,0.0586,0.2303,1
IND_0188,Shajapur,Madhya Pradesh,2023,21.7394,76.3675,1064117,302233,,352,24,469,9,0.4367,0.3308,0.0881,0.3099,1
IND_0189,Sheopur,Madhya Pradesh,2019,26.2159,74.2837,753843,296983,456860,756,21,468,16,0.413,1.0029,0.1242,0.5367,0
IND_0189,Sheopur,Madhya Pradesh,2020,26.2159,74.2837,766200,305682,460518,677,30,989,9,0.4785,0.8836,0.2582,0.4367,0
IND_0189,Sheopur,Madhya Pradesh,2021,26.2159,74.2837,773514,312467,,765,31,,10,,0.989,0.1396,0.4504,0
IND_0189,Sheopur,Madhya Pradesh,2022,26.2159,74.2837,793313,324432,468881,664,31,731,13,0.4154,0.837,0.1843,0.4837,0
IND_0189,Sheopur,Madhya Pradesh,2023,26.2159,74.2837,803463,332600,470863,,20,424,15,0.4556,1.048,0.1055,0.518,0
IND_0190,Shivpuri,Madhya Pradesh,2019,21.4701,80.8088,540963,170056,,458,18,451,8,0.4391,0.8466,0.1667,0.4377,0
IND_0190,Shivpuri,Madhya Pradesh,2020,21.4701,80.8088,548913,175300,373613,533,14,474,10,0.533,0.971,0.1727,0.4473,0
IND_0190,Shivpuri,Madhya Pradesh,2021,21.4701,80.8088,556273,180432,375841,431,19,458,9,0.4659,0.7748,,0.4126,0
IND_0190,Shivpuri,Madhya Pradesh,2022,21.4701,80.8088,565104,,378982,390,24,473,9,0.3973,0.6901,0.1674,0.4339,0
IND_0190,Shivpuri,Madhya Pradesh,2023,21.4701,80.8088,579993,193926,386067,,,415,9,0.3879,0.7707,0.1431,0.4666,0
IND_0191,Sidhi,Madhya Pradesh,2019,24.6434,81.502,677428,202775,474653,450,29,579,10,0.3402,0.6643,0.1709,0.4445,0
IND_0191,Sidhi,Madhya Pradesh,2020,24.6434,81.502,686531,208932,477599,684,27,575,10,0.5575,,0.1675,0.4215,0
IND_0191,Sidhi,Madhya Pradesh,2021,24.6434,81.502,701119,216877,484242,728,24,815,13,0.5121,1.0383,0.2325,0.5069,0
IND_0191,Sidhi,Madhya Pradesh,2022,24.6434,81.502,709023,222867,486156,656,22,303,13,0.4013,0.9252,0.0855,0.4533,0
IND_0191,Sidhi,Madhya Pradesh,2023,24.6434,81.502,720877,230198,,541,29,376,16,0.3957,0.7505,0.1043,0.4853,0
IND_0192,Singrauli,Madhya Pradesh,2019,26.2734,77.2407,756861,223619,533242,753,25,421,14,0.3402,0.9949,0.1112,0.5028,0
IND_0192,Singrauli,Madhya Pradesh,2020,26.2734,77.2407,770046,231364,,600,30,487,9,0.4454,0.7792,0.1265,0.4014,0
IND_0192,Singrauli,Madhya Pradesh,2021,26.2734,77.2407,780643,238451,542192,369,18,514,10,0.4772,0.4727,0.1317,0.3616,0
IND_0192,Singrauli,Madhya Pradesh,2022,26.2734,77.2407,793880,246464,547416,702,25,802,14,0.39,0.8843,0.202,0.4698,0
IND_0192,Singrauli,Madhya Pradesh,2023,26.2734,77.2407,795963,251091,544872,791,21,483,16,0.3654,,,0.5198,0
IND_0193,Tikamgarh,Madhya Pradesh,2019,23.3079,79.2897,330934,151071,179863,171,6,131,2,0.4614,,,0.3091,1
IND_0193,Tikamgarh,Madhya Pradesh,2020,23.3079,79.2897,334990,154597,180393,116,7,,2,0.5598,0.3463,0.1063,0.2337,1
IND_0193,Tikamgarh,Madhya Pradesh,2021,23.3079,79.2897,338937,,180824,75,8,193,2,0.5528,0.2213,0.1139,0.2291,1
IND_0193,Tikamgarh,Madhya Pradesh,2022,23.3079,79.2897,346225,163244,182981,154,5,111,,0.5733,0.4448,0.0641,0.2936,1
IND_0193,Tikamgarh,Madhya Pradesh,2023,23.3079,79.2897,348855,166229,182626,134,,151,2,0.4742,0.3841,0.0866,0.2799,1
IND_0194,Ujjain,Madhya Pradesh,2019,22.9828,79.4797,344871,115128,229743,122,5,76,3,0.4596,,0.0441,0.2659,1
IND_0194,Ujjain,Madhya Pradesh,2020,22.9828,79.4797,350245,118674,231571,108,4,67,4,0.6153,0.3084,0.0383,0.2717,1
IND_0194,Ujjain,Madhya Pradesh,2021,22.9828,79.4797,354292,121816,232476,133,6,200,2,0.5174,,0.1129,0.2461,1
IND_0194,Ujjain,Madhya Pradesh,2022,22.9828,79.4797,357887,124842,233045,64,4,74,3,0.4645,0.1788,0.0414,0.2515,1
IND_0194,Ujjain,Madhya Pradesh,2023,22.9828,79.4797,362432,128240,234192,105,4,92,2,0.5975,0.2897,0.0508,0.2098,1
IND_0195,Umaria,Madhya Pradesh,2019,21.1883,80.0741,241577,90663,150914,148,6,84,2,0.3938,0.6126,0.0695,0.3579,0
IND_0195,Umaria,Madhya Pradesh,2020,21.1883,80.0741,244792,93094,151698,234,7,175,4,0.4141,0.9559,0.143,0.4685,0
IND_0195,Umaria,Madhya Pradesh,2021,21.1883,80.0741,248135,95606,152529,220,7,102,4,0.5651,0.8866,0.0822,0.4402,0
IND_0195,Umaria,Madhya Pradesh,2022,21.1883,80.0741,254842,99464,155378,241,8,190,3,0.4324,0.9457,0.1491,0.4008,0
IND_0195,Umaria,Madhya Pradesh,2023,21.1883,80.0741,256704,101475,155229,264,10,179,2,0.3953,1.0284,0.1395,0.4164,0
IND_0196,Vidisha,Madhya Pradesh,2019,25.5041,74.7877,882693,332179,550514,535,24,400,12,0.4285,,0.0906,0.387,0
IND_0196,Vidisha,Madhya Pradesh,2020,25.5041,74.7877,894978,341277,553701,577,,866,11,0.4373,0.6447,0.1935,0.4228,0
IND_0196,Vidisha,Madhya Pradesh,2021,25.5041,74.7877,908143,350837,557306,,32,1016,9,0.4444,0.4977,,0.3485,0
IND_0196,Vidisha,Madhya Pradesh,2022,25.5041,74.7877,927370,362902,564468,745,38,669,11,0.4659,0.8033,0.1443,0.3966,0
IND_0196,Vidisha,Madhya Pradesh,2023,25.5041,74.7877,935086,370597,564489,524,37,859,11,0.3912,0.5604,0.1837,0.4276,0
IND_0197,Araria,Bihar,2019,24.5146,85.8147,1648007,296248,1351759,856,44,856,48,0.4209,0.5194,0.1039,0.4451,0
IND_0197,Araria,Bihar,2020,24.5146,85.8147,1674723,309424,1365299,1009,39,429,,0.5936,0.6025,0.0512,0.3303,0
IND_0197,Araria,Bihar,2021,24.5146,85.8147,1688794,320468,1368326,1235,32,442,27,0.5674,0.7313,,0.3419,0
IND_0197,Araria,Bihar,2022,24.5146,85.8147,1709748,332993,1376755,805,38,653,39,0.4293,0.4708,0.0764,0.4093,0
IND_0197,Araria,Bihar,2023,24.5146,85.8147,1747327,349048,1398279,1404,33,401,34,0.4117,0.8035,0.0459,0.4104,0
IND_0198,Arwal,Bihar,2019,24.4294,83.5568,297780,82453,215327,207,5,126,3,0.4507,0.6951,0.0846,0.3648,0
IND_0198,Arwal,Bihar,2020,24.4294,83.5568,301437,84973,216464,135,9,198,,0.6083,0.4479,0.1314,0.3448,0
IND_0198,Arwal,Bihar,2021,24.4294,83.5568,306154,87833,218321,227,6,70,7,0.5752,0.7415,0.0457,0.4153,0
IND_0198,Arwal,Bihar,2022,24.4294,83.5568,310758,90708,220050,231,9,152,,0.4025,0.7433,0.0978,0.4504,0
IND_0198,Arwal,Bihar,2023,24.4294,83.5568,315785,93754,222031,163,,233,7,0.433,0.5162,0.1476,0.4544,0
IND_0199,Aurangabad,Bihar,2019,27.0604,87.7688,310372,26936,,217,10,122,8,0.4729,0.6992,0.0786,0.4184,0
IND_0199,Aurangabad,Bihar,2020,27.0604,87.7688,314566,28872,285694,149,7,157,8,0.5104,0.4737,0.0998,0.3985,0
IND_0199,Aurangabad,Bihar,2021,27.0604,87.7688,320165,30987,289178,144,,204,6,0.5477,0.4498,0.1274,0.344,0
IND_0199,Aurangabad,Bihar,2022,27.0604,87.7688,324723,33052,291671,157,7,174,9,0.4611,0.4835,0.1072,0.42,0
IND_0199,Aurangabad,Bihar,2023,27.0604,87.7688,332825,35541,297284,195,8,132,9,0.4578,0.5859,0.0793,0.4502,0
IND_0200,Banka,Bihar,2019,25.0386,87.9017,107586,24428,83158,14,2,50,1,0.6091,0.1301,0.0929,0.2147,1
IND_0200,Banka,Bihar,2020,25.0386,87.9017,109021,25298,83723,34,,,,0.6193,0.3119,0.0917,0.2533,1
IND_0200,Banka,Bihar,2021,25.0386,87.9017,111290,26381,84909,33,2,50,1,0.6045,0.2965,0.0899,0.2698,1
IND_0200,Banka,Bihar,2022,25.0386,87.9017,112749,27291,85458,24,2,50,1,,0.2129,0.0887,0.2318,1
IND_0200,Banka,Bihar,2023,25.0386,87.9017,114420,28268,86152,26,2,50,,0.5236,0.2272,0.0874,0.2366,1
IND_0201,Begusarai,Bihar,2019,25.5958,83.4265,147945,33426,114519,53,3,60,2,0.4229,0.3582,0.0811,0.3123,0
IND_0201,Begusarai,Bihar,2020,25.5958,83.4265,149977,34635,115342,103,4,50,4,0.636,,0.0667,0.4104,0
IND_0201,Begusarai,Bihar,2021,25.5958,83.4265,151548,35756,,105,2,50,3,0.5957,0.6928,0.066,0.3787,0
IND_0201,Begusarai,Bihar,2022,25.5958,83.4265,153716,37036,116680,57,4,,3,0.4429,0.3708,0.0989,0.386,0
IND_0201,Begusarai,Bihar,2023,25.5958,83.4265,157665,38775,118890,96,4,60,2,0.4598,0.6089,0.0761,0.3415,0
IND_0202,Bhagalpur,Bihar,2019,25.594,85.7742,775038,118703,656335,396,14,325,19,0.4466,0.5109,0.0839,0.4224,0
IND_0202,Bhagalpur,Bihar,2020,25.594,85.7742,786657,124416,662241,587,22,224,23,0.6313,0.7462,0.0569,0.4398,0
IND_0202,Bhagalpur,Bihar,2021,25.594,85.7742,794236,129586,664650,317,24,350,11,0.5736,0.3991,0.0881,0.2948,0
IND_0202,Bhagalpur,Bihar,2022,25.594,85.7742,813812,,676963,489,19,447,23,0.461,0.6009,0.1099,0.4345,0
IND_0202,Bhagalpur,Bihar,2023,25.594,85.7742,813679,140895,672784,399,21,298,18,0.4684,0.4904,0.0732,0.4071,0
IND_0203,Bhojpur,Bihar,2019,25.1988,86.6166,454327,85705,368622,235,13,290,9,0.4717,0.5172,0.1277,0.3898,0
IND_0203,Bhojpur,Bihar,2020,25.1988,86.6166,462074,89477,372597,232,9,215,11,0.5259,0.5021,,0.408,0
IND_0203,Bhojpur,Bihar,2021,25.1988,86.6166,466734,92713,374021,212,12,303,11,0.5981,0.4542,0.1298,0.3718,0
IND_0203,Bhojpur,Bihar,2022,25.1988,86.6166,477972,97335,380637,301,9,197,9,0.4273,0.6297,0.0824,0.3815,0
IND_0203,Bhojpur,Bihar,2023,25.1988,86.6166,487851,101786,386065,262,15,364,,0.4174,0.537,0.1492,0.3688,0
IND_0204,Buxar,Bihar,2019,26.607,87.2118,945009,159785,785224,539,17,314,,0.5282,0.5704,0.0665,0.3437,0
IND_0204,Buxar,Bihar,2020,26.607,87.2118,959065,166957,792108,459,20,212,26,0.5458,0.4786,0.0442,0.4032,0
IND_0204,Buxar,Bihar,2021,26.607,87.2118,976572,174887,801685,595,31,804,,0.6217,0.6093,0.1647,0.4126,0
IND_0204,Buxar,Bihar,2022,26.607,87.2118,988445,181956,806489,,28,,20,0.5359,0.5898,0.0963,0.3778,0
IND_0204,Buxar,Bihar,2023,26.607,87.2118,997085,188532,808553,519,30,722,14,0.5303,0.5205,0.1448,0.3519,0
IND_0205,Darbhanga,Bihar,2019,26.9054,83.8294,448736,39518,409218,,14,315,12,0.457,0.5794,0.1404,0.4388,0
IND_0205,Darbhanga,Bihar,2020,26.9054,83.8294,456657,42499,414158,299,10,241,,0.4407,0.6548,0.1055,0.3999,0
IND_0205,Darbhanga,Bihar,2021,26.9054,83.8294,459980,45108,414872,301,13,267,13,0.5323,0.6544,0.1161,0.4241,0
IND_0205,Darbhanga,Bihar,2022,26.9054,83.8294,467708,48205,419503,245,9,161,14,0.4425,0.5238,0.0688,0.4265,0
IND_0205,Darbhanga,Bihar,2023,26.9054,83.8294,474827,,423515,202,10,247,13,,0.4254,,0.4236,0
IND_0206,East Champaran,Bihar,2019,25.757,84.0548,484196,,,330,14,180,11,,0.6815,0.0744,0.4113,0
IND_0206,East Champaran,Bihar,2020,25.757,84.0548,491827,75073,416754,319,16,341,11,,0.6486,0.1387,0.4054,0
IND_0206,East Champaran,Bihar,2021,25.757,84.0548,498879,78643,420236,223,10,,15,0.6342,0.447,0.0766,0.4099,0
IND_0206,East Champaran,Bihar,2022,25.757,84.0548,506993,82457,424536,321,13,194,10,0.4626,0.6331,,0.3779,0
IND_0206,East Champaran,Bihar,2023,25.757,84.0548,508734,85284,423450,235,11,,10,0.529,0.4619,0.0464,0.3185,0
IND_0207,Gaya,Bihar,2019,26.4479,84.2724,400125,38046,362079,274,10,209,6,,0.6848,,0.3542,0
IND_0207,Gaya,Bihar,2020,26.4479,84.2724,404941,40528,364413,166,12,239,9,0.498,0.4099,,0.3667,0
IND_0207,Gaya,Bihar,2021,26.4479,84.2724,411928,43287,368641,269,8,157,7,0.4821,0.653,0.0762,0.3888,0
IND_0207,Gaya,Bihar,2022,26.4479,84.2724,416355,45834,370521,254,12,123,6,0.4037,0.6101,0.0591,0.3731,0
IND_0207,Gaya,Bihar,2023,26.4479,84.2724,425427,48960,,175,14,147,11,,0.4114,0.0691,0.3782,0
IND_0208,Gopalganj,Bihar,2019,25.2937,85.1023,318363,106921,211442,231,9,90,6,,0.7256,0.0565,0.3959,0
IND_0208,Gopalganj,Bihar,2020,25.2937,85.1023,323531,110274,213257,231,6,154,7,0.5809,0.714,0.0952,0.442,0
IND_0208,Gopalganj,Bihar,2021,25.2937,85.1023,328918,113755,,239,7,69,4,0.5419,0.7266,0.042,0.3523,0
IND_0208,Gopalganj,Bihar,2022,25.2937,85.1023,334613,117397,217216,117,8,90,5,0.4331,0.3497,0.0538,0.3519,0
IND_0208,Gopalganj,Bihar,2023,25.2937,85.1023,338198,120346,217852,199,9,183,3,0.4743,0.5884,0.1082,0.3295,0
IND_0209,Jamui,Bihar,2019,26.6799,85.2751,372236,57824,314412,180,11,166,7,0.4571,0.4836,0.0892,0.3658,0
IND_0209,Jamui,Bihar,2020,26.6799,85.2751,377936,60599,317337,283,10,220,6,0.5026,0.7488,0.1164,0.3398,0
IND_0209,Jamui,Bihar,2021,26.6799,85.2751,383541,63416,320125,294,8,164,8,0.572,0.7665,0.0855,0.3727,0
IND_0209,Jamui,Bihar,2022,26.6799,85.2751,387126,,321182,270,8,97,10,0.453,0.6974,0.0501,0.4429,0
IND_0209,Jamui,Bihar,2023,26.6799,85.2751,397639,69723,327916,269,10,108,5,0.4754,0.6765,0.0543,0.3197,0
IND_0210,Jehanabad,Bihar,2019,27.0026,83.3219,663711,59638,604073,470,20,399,10,0.5192,0.7081,0.1202,0.3574,0
IND_0210,Jehanabad,Bihar,2020,27.0026,83.3219,675393,64065,611328,340,15,325,10,0.4873,0.5034,0.0962,0.3475,0
IND_0210,Jehanabad,Bihar,2021,27.0026,83.3219,687173,68618,618555,,16,225,17,0.5714,0.7567,0.0655,0.4051,0
IND_0210,Jehanabad,Bihar,2022,27.0026,83.3219,698589,73251,625338,381,20,465,18,0.3968,0.5454,,0.4438,0
IND_0210,Jehanabad,Bihar,2023,27.0026,83.3219,702218,77143,625075,500,,263,22,0.4748,0.712,0.0749,0.454,0
IND_0211,Kaimur,Bihar,2019,27.1628,87.9839,303213,57169,246044,,8,173,7,0.4313,0.6332,0.1141,0.4321,0
IND_0211,Kaimur,Bihar,2020,27.1628,87.9839,306959,59410,,219,7,123,5,,0.7135,0.0801,0.3923,0
IND_0211,Kaimur,Bihar,2021,27.1628,87.9839,310710,61689,249021,222,6,148,4,0.5947,0.7145,0.0953,0.3281,0
IND_0211,Kaimur,Bihar,2022,27.1628,87.9839,317309,64586,252723,215,7,97,6,0.4341,0.6776,0.0611,0.3925,0
IND_0211,Kaimur,Bihar,2023,27.1628,87.9839,322713,67299,255414,207,8,100,4,0.4898,0.6414,,0.3237,0
IND_0212,Katihar,Bihar,2019,26.3177,86.5424,2293515,239691,2053824,1396,65,,,0.5384,0.6087,0.1335,0.4613,0
IND_0212,Katihar,Bihar,2020,26.3177,86.5424,2325343,254644,2070699,1223,75,1781,67,0.5006,0.5259,0.1532,0.4224,0
IND_0212,Katihar,Bihar,2021,26.3177,86.5424,2372479,271668,2100811,1652,47,509,35,0.5086,0.6963,,0.3372,0
IND_0212,Katihar,Bihar,2022,26.3177,86.5424,2417373,288895,2128478,1649,72,957,67,,0.6821,0.0792,0.4555,0
IND_0212,Katihar,Bihar,2023,26.3177,86.5424,2444435,304352,2140083,1128,65,,59,0.4447,0.4615,,0.4008,0
IND_0213,Khagaria,Bihar,2019,24.8764,85.0106,175454,41966,133488,81,3,54,4,0.444,0.4617,,0.4222,0
IND_0213,Khagaria,Bihar,2020,24.8764,85.0106,178382,43559,134823,77,4,72,3,,0.4317,0.0807,0.336,0
IND_0213,Khagaria,Bihar,2021,24.8764,85.0106,180698,45028,135670,144,4,81,2,0.4494,,0.0897,0.3563,0
IND_0213,Khagaria,Bihar,2022,24.8764,85.0106,184286,46843,137443,82,3,67,2,0.4467,0.445,0.0727,0.2871,0
IND_0213,Khagaria,Bihar,2023,24.8764,85.0106,186195,,137935,103,5,50,3,0.5396,0.5532,0.0537,0.3219,0
IND_0214,Kishanganj,Bihar,2019,26.5626,85.3944,473597,62779,410818,,8,155,5,,0.3421,0.0655,0.2459,1
IND_0214,Kishanganj,Bihar,2020,26.5626,85.3944,479369,65941,413428,138,8,78,6,0.5592,0.2879,0.0325,0.2525,1
IND_0214,Kishanganj,Bihar,2021,26.5626,85.3944,489026,,419311,,,101,6,0.6923,0.2229,0.0413,0.1765,1
IND_0214,Kishanganj,Bihar,2022,26.5626,85.3944,497204,73367,423837,99,7,127,7,0.53,0.1991,0.0511,0.2392,1
IND_0214,Kishanganj,Bihar,2023,26.5626,85.3944,498497,76050,,149,6,122,6,,,0.0489,0.243,1
IND_0215,Lakhisarai,Bihar,2019,24.5796,86.0369,609965,96529,513436,383,13,295,14,0.43,,0.0967,0.4163,0
IND_0215,Lakhisarai,Bihar,2020,24.5796,86.0369,618352,100948,517404,227,15,320,17,0.4733,0.3671,0.1035,0.4366,0
IND_0215,Lakhisarai,Bihar,2021,24.5796,86.0369,627264,105539,521725,412,20,396,15,,0.6568,0.1263,0.4226,0
IND_0215,Lakhisarai,Bihar,2022,24.5796,86.0369,639303,110761,528542,485,16,394,16,0.4284,0.7586,0.1233,0.4724,0
IND_0215,Lakhisarai,Bihar,2023,24.5796,86.0369,642679,114559,528120,367,17,420,18,0.4508,0.571,0.1307,0.4865,0
IND_0216,Madhepura,Bihar,2019,25.4991,87.1232,296772,53237,,162,9,204,8,0.4978,0.5459,0.1375,0.4356,0
IND_0216,Madhepura,Bihar,2020,25.4991,87.1232,301079,55515,245564,170,6,109,6,0.6097,0.5646,0.0724,0.3488,0
IND_0216,Madhepura,Bihar,2021,25.4991,87.1232,306231,57996,248235,207,9,111,4,0.5702,0.676,0.0725,0.3145,0
IND_0216,Madhepura,Bihar,2022,25.4991,87.1232,310807,60417,250390,,6,128,5,0.5104,0.5695,0.0824,0.3408,0
IND_0216,Madhepura,Bihar,2023,25.4991,87.1232,317914,63388,254526,210,7,139,6,0.5286,0.6606,0.0874,0.3674,0
IND_0217,Madhubani,Bihar,2019,26.2546,86.8942,364361,70658,293703,183,9,112,7,0.5315,,0.0615,0.3713,0
IND_0217,Madhubani,Bihar,2020,26.2546,86.8942,370434,73688,296746,253,8,143,7,0.5632,0.683,0.0772,0.3686,0
IND_0217,Madhubani,Bihar,2021,26.2546,86.8942,374477,76365,298112,160,12,173,8,0.5756,0.4273,0.0924,0.3756,0
IND_0217,Madhubani,Bihar,2022,26.2546,86.8942,378483,79074,299409,223,8,,7,0.4152,0.5892,,0.4017,0
IND_0217,Madhubani,Bihar,2023,26.2546,86.8942,390073,83446,306627,179,10,218,10,0.4476,0.4589,0.1118,0.4092,0
IND_0218,Munger,Bihar,2019,25.5395,86.4253,111356,17765,93591,39,,50,1,0.503,0.3502,0.0898,0.2609,1
IND_0218,Munger,Bihar,2020,25.5395,86.4253,112728,18548,94180,28,2,50,1,0.6081,0.2484,0.0887,0.2268,1
IND_0218,Munger,Bihar,2021,25.5395,86.4253,114159,19354,94805,39,2,50,1,,0.3416,0.0876,0.2341,1
IND_0218,Munger,Bihar,2022,25.5395,86.4253,116754,20378,96376,36,2,50,1,0.5576,0.3083,0.0857,0.2608,1
IND_0218,Munger,Bihar,2023,25.5395,86.4253,117116,21026,96090,38,2,50,1,,0.3245,0.0854,0.2022,1
IND_0219,Muzaffarpur,Bihar,2019,25.6839,86.4403,454804,52954,401850,299,,208,14,0.4213,0.6574,0.0915,0.4909,0
IND_0219,Muzaffarpur,Bihar,2020,25.6839,86.4403,462936,56216,406720,,9,216,9,0.5188,0.7798,0.0933,0.4217,0
IND_0219,Muzaffarpur,Bihar,2021,25.6839,86.4403,470742,59518,411224,366,9,106,,0.5171,0.7775,0.045,0.4646,0
IND_0219,Muzaffarpur,Bihar,2022,25.6839,86.4403,478595,62903,415692,346,10,243,10,0.458,,,0.4308,0
IND_0219,Muzaffarpur,Bihar,2023,25.6839,86.4403,482768,,416902,281,12,290,7,0.5384,,0.1201,0.318,0
IND_0220,Nalanda,Bihar,2019,26.8318,83.706,573096,109644,,,15,152,16,0.4886,0.78,0.053,0.4793,0
IND_0220,Nalanda,Bihar,2020,26.8318,83.706,580039,113873,466166,270,18,466,10,0.6,0.4655,0.1607,0.3163,0
IND_0220,Nalanda,Bihar,2021,26.8318,83.706,589610,118700,470910,444,16,,14,0.6124,0.753,0.1353,0.4183,0
IND_0220,Nalanda,Bihar,2022,26.8318,83.706,599935,123778,476157,440,,237,10,0.4566,0.7334,0.079,0.3767,0
IND_0220,Nalanda,Bihar,2023,26.8318,83.706,614103,129772,484331,417,20,332,14,0.5222,0.679,0.1081,0.4303,0
IND_0221,Nawada,Bihar,2019,26.4311,87.2091,297098,36999,260099,230,7,,8,0.4256,0.7742,0.072,0.4586,0
IND_0221,Nawada,Bihar,2020,26.4311,87.2091,300980,,261993,185,8,173,6,0.592,0.6147,0.115,0.3832,0
IND_0221,Nawada,Bihar,2021,26.4311,87.2091,306643,41254,265389,161,7,125,8,0.545,,,0.3791,0
IND_0221,Nawada,Bihar,2022,26.4311,87.2091,308379,43029,265350,171,10,205,5,0.4403,0.5545,0.133,0.3994,0
IND_0221,Nawada,Bihar,2023,26.4311,87.2091,316591,,270833,163,6,106,9,0.4655,0.5149,0.067,0.4276,0
IND_0222,Patna,Bihar,2019,26.1605,88.1794,152584,15269,137315,104,3,71,,0.492,0.6816,0.0931,0.3459,0
IND_0222,Patna,Bihar,2020,26.1605,88.1794,155046,16291,138755,57,4,,3,,0.3676,0.1277,0.3266,0
IND_0222,Patna,Bihar,2021,26.1605,88.1794,157500,17336,140164,84,4,94,4,0.4564,0.5333,0.1194,0.4051,0
IND_0222,Patna,Bihar,2022,26.1605,88.1794,160273,18442,141831,121,3,67,3,0.4766,0.755,0.0836,0.3879,0
IND_0222,Patna,Bihar,2023,26.1605,88.1794,163489,19630,143859,93,,66,5,0.5101,,0.0807,0.3982,0
IND_0223,Purnia,Bihar,2019,26.6542,88.2846,293857,76489,217368,124,6,146,7,0.4002,0.422,0.0994,0.4293,0
IND_0223,Purnia,Bihar,2020,26.6542,88.2846,297993,,218937,112,,73,5,0.5095,0.3758,0.049,0.3249,0
IND_0223,Purnia,Bihar,2021,26.6542,88.2846,302643,81802,,166,6,90,7,0.6205,0.5485,0.0595,0.398,0
IND_0223,Purnia,Bihar,2022,26.6542,88.2846,304600,83854,220746,109,7,113,7,0.4459,0.3578,0.0742,0.4134,0
IND_0223,Purnia,Bihar,2023,26.6542,88.2846,309176,86660,222516,152,8,,7,0.5096,,0.108,0.4031,0
IND_0224,Rohtas,Bihar,2019,25.9557,86.7261,1343774,248679,1095095,635,33,372,28,0.4617,0.4725,0.0554,0.3855,0
IND_0224,Rohtas,Bihar,2020,25.9557,86.7261,1361113,258693,,1054,42,914,35,0.5147,0.7744,0.1343,0.4512,0
IND_0224,Rohtas,Bihar,2021,25.9557,86.7261,1390740,271278,1119462,662,29,545,34,0.454,0.476,0.0784,0.4137,0
IND_0224,Rohtas,Bihar,2022,25.9557,86.7261,1400833,280251,1120582,684,38,725,37,0.4111,0.4883,0.1035,0.4747,0
IND_0224,Rohtas,Bihar,2023,25.9557,86.7261,1432543,293757,1138786,903,51,1004,20,0.501,0.6303,0.1402,0.3419,0
IND_0225,Saharsa,Bihar,2019,24.3288,86.4668,554202,73774,480428,244,13,293,8,0.4531,0.4403,0.1057,0.346,0
IND_0225,Saharsa,Bihar,2020,24.3288,86.4668,561078,,483583,268,14,249,14,0.5466,0.4777,0.0888,0.3713,0
IND_0225,Saharsa,Bihar,2021,24.3288,86.4668,569764,81543,488221,350,16,379,14,0.4845,,0.133,0.4211,0
IND_0225,Saharsa,Bihar,2022,24.3288,86.4668,577676,85564,492112,472,17,,16,0.4855,0.8171,0.0675,0.4791,0
IND_0225,Saharsa,Bihar,2023,24.3288,86.4668,585103,,495513,422,18,439,,0.4077,0.7212,0.1501,0.393,0
IND_0226,Samastipur,Bihar,2019,27.0069,87.6204,763686,100626,663060,352,22,320,23,0.4564,0.4609,0.0838,0.4461,0
IND_0226,Samastipur,Bihar,2020,27.0069,87.6204,773773,105824,667949,496,,200,16,0.5893,0.641,0.0517,0.3497,0
IND_0226,Samastipur,Bihar,2021,27.0069,87.6204,791105,112149,678956,353,24,360,17,0.5329,0.4462,0.091,0.3492,0
IND_0226,Samastipur,Bihar,2022,27.0069,87.6204,794568,116613,677955,329,21,419,12,0.4138,0.4141,0.1055,0.3306,0
IND_0226,Samastipur,Bihar,2023,27.0069,87.6204,812330,123282,689048,599,23,578,16,,0.7374,0.1423,0.417,0
IND_0227,Saran,Bihar,2019,25.0178,83.4576,1502878,219204,1283674,955,44,711,38,,0.6354,0.0946,0.4276,0
IND_0227,Saran,Bihar,2020,25.0178,83.4576,1527320,230405,1296915,977,36,470,21,0.4901,0.6397,0.0615,0.3493,0
IND_0227,Saran,Bihar,2021,25.0178,83.4576,1542496,240407,1302089,1138,49,790,34,0.618,0.7378,0.1024,0.3669,0
IND_0227,Saran,Bihar,2022,25.0178,83.4576,1571732,252823,1318909,910,33,491,43,0.4993,0.579,0.0625,0.429,0
IND_0227,Saran,Bihar,2023,25.0178,83.4576,1605629,266303,,1212,47,,,0.4816,0.7548,0.1273,0.4095,0
IND_0228,Sheikhpura,Bihar,2019,25.1693,84.46,361004,35245,325759,220,10,249,7,0.5009,0.6094,0.1379,0.372,0
IND_0228,Sheikhpura,Bihar,2020,25.1693,84.46,366418,37606,328812,,9,,8,0.4889,0.5131,0.0993,0.3652,0
IND_0228,Sheikhpura,Bihar,2021,25.1693,84.46,373252,40174,333078,185,10,226,9,0.5238,0.4956,0.1211,0.3753,0
IND_0228,Sheikhpura,Bihar,2022,25.1693,84.46,380196,42822,337374,210,12,121,6,0.4909,,0.0637,0.313,0
IND_0228,Sheikhpura,Bihar,2023,25.1693,84.46,385859,45389,340470,159,8,154,9,0.4294,0.4121,0.0798,0.3807,0
IND_0229,Sheohar,Bihar,2019,27.0628,84.5821,999787,194372,805415,622,22,247,,0.4402,0.6221,0.0494,0.3729,0
IND_0229,Sheohar,Bihar,2020,27.0628,84.5821,1012742,201954,810788,779,28,406,23,0.5022,0.7692,0.0802,0.4318,0
IND_0229,Sheohar,Bihar,2021,27.0628,84.5821,1032930,211145,821785,617,34,784,22,0.5121,0.5973,0.1518,0.4235,0
IND_0229,Sheohar,Bihar,2022,27.0628,84.5821,1044315,218694,,501,33,322,27,0.5415,,,0.4007,0
IND_0229,Sheohar,Bihar,2023,27.0628,84.5821,1063949,228125,835824,412,23,282,22,,0.3872,0.053,0.3852,0
IND_0230,Sitamarhi,Bihar,2019,25.8603,84.4911,1221898,164203,1057695,839,29,514,21,0.4599,0.6866,0.0841,0.3912,0
IND_0230,Sitamarhi,Bihar,2020,25.8603,84.4911,1237638,,1065131,622,40,846,,0.6052,0.5026,0.1367,0.3751,0
IND_0230,Sitamarhi,Bihar,2021,25.8603,84.4911,1264793,182616,1082177,741,24,496,20,0.4847,0.5859,0.0784,0.3693,0
IND_0230,Sitamarhi,Bihar,2022,25.8603,84.4911,1284933,191948,1092985,554,42,,34,0.4413,,0.1675,0.4466,0
IND_0230,Sitamarhi,Bihar,2023,25.8603,84.4911,1293201,199649,1093552,,33,792,,0.448,0.7764,0.1225,0.4527,0
IND_0231,Siwan,Bihar,2019,25.2167,84.6942,109204,14209,94995,73,3,77,,0.4992,0.6685,0.141,0.3439,0
IND_0231,Siwan,Bihar,2020,25.2167,84.6942,110882,14982,95900,55,2,50,1,0.5434,0.496,0.0902,0.2758,0
IND_0231,Siwan,Bihar,2021,25.2167,84.6942,112621,15780,,60,3,76,2,0.5761,0.5328,0.135,0.332,0
IND_0231,Siwan,Bihar,2022,25.2167,84.6942,114340,16593,97747,94,2,50,2,0.4167,0.8221,0.0875,0.4024,0
IND_0231,Siwan,Bihar,2023,25.2167,84.6942,117043,17570,99473,62,3,62,2,0.4319,0.5297,0.1059,0.3738,0
IND_0232,Supaul,Bihar,2019,26.7085,85.4885,459273,61938,,338,12,183,7,0.4678,0.7359,0.0797,0.3723,0
IND_0232,Supaul,Bihar,2020,26.7085,85.4885,465183,65061,400122,266,13,217,6,0.5668,0.5718,,0.3059,0
IND_0232,Supaul,Bihar,2021,26.7085,85.4885,472312,68420,403892,316,15,300,11,0.4823,0.669,0.127,0.4102,0
IND_0232,Supaul,Bihar,2022,26.7085,85.4885,476191,71363,404828,277,13,151,10,0.4349,,0.0634,0.4274,0
IND_0232,Supaul,Bihar,2023,26.7085,85.4885,492920,76334,416586,336,12,119,12,0.466,0.6817,,0.4044,0
IND_0233,Vaishali,Bihar,2019,27.4293,88.2665,136564,32571,103993,21,2,50,1,0.5954,0.1538,0.0732,0.2112,1
IND_0233,Vaishali,Bihar,2020,27.4293,88.2665,139001,33847,105154,19,2,50,1,0.6401,0.1367,,0.1983,1
IND_0233,Vaishali,Bihar,2021,27.4293,88.2665,140463,34905,105558,42,2,,1,0.6914,0.299,0.0712,0.1697,1
IND_0233,Vaishali,Bihar,2022,27.4293,88.2665,142002,35998,106004,48,2,50,1,0.504,0.338,0.0704,0.25,1
IND_0233,Vaishali,Bihar,2023,27.4293,88.2665,144361,37318,107043,39,2,50,1,0.5688,0.2702,0.0693,0.2294,1
IND_0234,West Champaran,Bihar,2019,26.6038,84.2619,762109,112884,649225,469,18,349,15,0.5009,0.6154,0.0916,0.3934,0
IND_0234,West Champaran,Bihar,2020,26.6038,84.2619,775582,118757,656825,385,,349,,0.6106,0.4964,0.09,0.3874,0
IND_0234,West Champaran,Bihar,2021,26.6038,84.2619,786865,124419,662446,574,25,585,22,0.4982,0.7295,0.1487,0.4882,0
IND_0234,West Champaran,Bihar,2022,26.6038,84.2619,803262,131028,672234,617,16,160,20,0.4886,0.7681,0.0398,0.4391,0
IND_0234,West Champaran,Bihar,2023,26.6038,84.2619,813178,136712,676466,513,25,495,19,0.4944,0.6309,0.1217,0.4116,0
IND_0235,Ariyalur,Tamil Nadu,2019,10.4262,79.008,295635,141972,153663,505,25,1627,2,0.1632,1.7082,1.0,0.7816,0
IND_0235,Ariyalur,Tamil Nadu,2020,10.4262,79.008,299496,145323,154173,480,17,963,2,0.3068,1.6027,,0.6461,0
IND_0235,Ariyalur,Tamil Nadu,2021,10.4262,79.008,305584,,155779,302,21,787,3,0.3721,0.9883,0.5151,0.5446,0
IND_0235,Ariyalur,Tamil Nadu,2022,10.4262,79.008,308088,152573,155515,498,22,1174,4,,1.6164,0.7621,0.7739,0
IND_0235,Ariyalur,Tamil Nadu,2023,10.4262,79.008,317424,,158640,526,23,1388,3,0.3022,1.6571,0.8745,0.7715,0
IND_0236,Chengalpattu,Tamil Nadu,2019,9.7689,77.071,754786,,420721,1526,47,2468,12,0.2241,,0.654,0.8228,0
IND_0236,Chengalpattu,Tamil Nadu,2020,9.7689,77.071,767549,343552,423997,730,64,2130,13,0.2438,0.9511,0.555,0.6334,0
IND_0236,Chengalpattu,Tamil Nadu,2021,9.7689,77.071,774634,350596,424038,874,39,1122,7,0.3242,1.1283,0.2897,0.4858,0
IND_0236,Chengalpattu,Tamil Nadu,2022,9.7689,77.071,786059,,426361,913,53,1697,15,0.2354,1.1615,0.4318,0.687,0
IND_0236,Chengalpattu,Tamil Nadu,2023,9.7689,77.071,809521,374481,435040,1384,43,1210,12,,1.7097,0.2989,0.6993,0
IND_0237,Chennai,Tamil Nadu,2019,8.6958,76.6272,336851,197269,139582,,22,1273,3,0.2933,1.4695,,0.7018,0
IND_0237,Chennai,Tamil Nadu,2020,8.6958,76.6272,342179,202100,140079,632,22,839,2,0.2592,1.847,0.4904,0.6585,0
IND_0237,Chennai,Tamil Nadu,2021,8.6958,76.6272,345059,205526,139533,573,21,621,4,0.2276,1.6606,0.3599,0.7329,0
IND_0237,Chennai,Tamil Nadu,2022,8.6958,76.6272,349387,209851,139536,386,24,781,3,0.2682,1.1048,,0.6114,0
IND_0237,Chennai,Tamil Nadu,2023,8.6958,76.6272,357889,216747,141142,406,30,1540,3,0.2318,1.1344,0.8606,0.6953,0
IND_0238,Coimbatore,Tamil Nadu,2019,8.5398,77.7868,117857,,50585,208,6,263,1,0.2337,1.7649,0.4463,0.6938,0
IND_0238,Coimbatore,Tamil Nadu,2020,8.5398,77.7868,119667,68904,50763,121,8,450,1,0.3617,1.0111,0.7521,0.6002,0
IND_0238,Coimbatore,Tamil Nadu,2021,8.5398,77.7868,121683,70673,51010,156,6,195,1,0.3104,1.282,0.3205,0.568,0
IND_0238,Coimbatore,Tamil Nadu,2022,8.5398,77.7868,123301,72229,51072,205,7,350,1,0.2118,1.6626,0.5677,0.7269,0
IND_0238,Coimbatore,Tamil Nadu,2023,8.5398,77.7868,126537,74757,51780,217,7,193,1,,1.7149,0.305,0.6741,0
IND_0239,Cuddalore,Tamil Nadu,2019,8.4356,77.8897,174087,81006,93081,246,9,422,,0.2631,1.4131,0.4848,0.6284,0
IND_0239,Cuddalore,Tamil Nadu,2020,8.4356,77.8897,176731,83120,93611,326,13,572,2,0.2724,1.8446,0.6473,0.7892,0
IND_0239,Cuddalore,Tamil Nadu,2021,8.4356,77.8897,180175,85640,94535,325,13,505,1,0.3493,1.8038,0.5606,0.6607,0
IND_0239,Cuddalore,Tamil Nadu,2022,8.4356,77.8897,181896,87368,94528,390,13,426,1,0.2739,2.1441,0.4684,0.6779,0
IND_0239,Cuddalore,Tamil Nadu,2023,8.4356,77.8897,186223,,95846,237,9,502,1,,1.2727,0.5391,0.5723,0
IND_0240,Dharmapuri,Tamil Nadu,2019,12.7341,78.1587,1268905,783598,,2605,109,6048,14,0.1696,,0.9533,0.922,0
IND_0240,Dharmapuri,Tamil Nadu,2020,12.7341,78.1587,1290367,803303,487064,2506,115,4937,10,0.3257,1.9421,0.7652,0.7767,0
IND_0240,Dharmapuri,Tamil Nadu,2021,12.7341,78.1587,1311695,823139,488556,2225,74,4167,10,,1.6963,0.6354,0.7286,0
IND_0240,Dharmapuri,Tamil Nadu,2022,12.7341,78.1587,1315853,832328,483525,1455,75,,9,0.169,,0.5036,0.6254,0
IND_0240,Dharmapuri,Tamil Nadu,2023,12.7341,78.1587,1353545,862937,490608,2425,97,5361,13,0.1663,1.7916,0.7921,0.8245,0
IND_0241,Dindigul,Tamil Nadu,2019,12.4961,78.3215,1023100,520546,502554,1382,87,5412,10,0.2996,1.3508,1.0,0.7557,0
IND_0241,Dindigul,Tamil Nadu,2020,12.4961,78.3215,1036148,532365,503783,1093,86,3530,14,0.2542,1.0549,0.6814,0.6717,0
IND_0241,Dindigul,Tamil Nadu,2021,12.4961,78.3215,1059299,,509742,2289,59,1873,18,0.3146,2.1609,0.3536,0.8025,0
IND_0241,Dindigul,Tamil Nadu,2022,12.4961,78.3215,1073247,562159,511088,1469,71,,8,0.1557,1.3687,0.8626,0.7192,0
IND_0241,Dindigul,Tamil Nadu,2023,12.4961,78.3215,1088100,575379,512721,2290,88,3001,12,0.301,,0.5516,0.7511,0
IND_0242,Erode,Tamil Nadu,2019,8.4222,77.8485,502436,253595,248841,485,41,2121,8,0.2725,0.9653,0.8443,0.7365,0
IND_0242,Erode,Tamil Nadu,2020,8.4222,77.8485,511114,260531,250583,1041,,1570,8,,2.0367,0.6143,0.8518,0
IND_0242,Erode,Tamil Nadu,2021,8.4222,77.8485,520156,267741,252415,584,34,2221,4,0.3115,1.1227,,0.6575,0
IND_0242,Erode,Tamil Nadu,2022,8.4222,77.8485,522233,271421,250812,694,33,1846,4,0.2477,1.3289,0.707,0.6551,0
IND_0242,Erode,Tamil Nadu,2023,8.4222,77.8485,534325,280377,253948,,48,2113,6,0.2586,2.287,0.7909,0.8173,0
IND_0243,Kallakurichi,Tamil Nadu,2019,11.8093,79.4489,334195,198746,135449,410,20,1233,4,0.2817,1.2268,0.7379,0.7348,0
IND_0243,Kallakurichi,Tamil Nadu,2020,11.8093,79.4489,340209,204023,136186,678,25,1413,,0.3365,1.9929,0.8307,0.8254,0
IND_0243,Kallakurichi,Tamil Nadu,2021,11.8093,79.4489,342303,206991,135312,523,22,1432,2,0.3476,1.5279,0.8367,0.6812,0
IND_0243,Kallakurichi,Tamil Nadu,2022,11.8093,79.4489,347856,212088,135768,399,27,735,4,0.2503,1.147,0.4226,0.6425,0
IND_0243,Kallakurichi,Tamil Nadu,2023,11.8093,79.4489,351167,215862,135305,751,,904,4,,2.1386,0.5149,0.7934,0
IND_0244,Kancheepuram,Tamil Nadu,2019,10.5878,79.0429,306176,199503,106673,353,20,1168,2,0.1784,1.1529,0.763,0.6913,0
IND_0244,Kancheepuram,Tamil Nadu,2020,10.5878,79.0429,311436,,106949,489,25,1299,3,0.291,1.5701,0.8342,0.8014,0
IND_0244,Kancheepuram,Tamil Nadu,2021,10.5878,79.0429,315088,208461,106627,,21,1125,2,0.2618,1.371,0.7141,0.6769,0
IND_0244,Kancheepuram,Tamil Nadu,2022,10.5878,79.0429,321675,,,561,18,1124,3,0.1542,1.744,0.6988,0.8296,0
IND_0244,Kancheepuram,Tamil Nadu,2023,10.5878,79.0429,327392,219875,107517,367,24,1141,3,0.2654,1.121,0.697,0.6877,0
IND_0245,Kanyakumari,Tamil Nadu,2019,9.7223,76.4425,648655,336074,312581,306,16,480,3,0.3021,0.4717,,0.3636,1
IND_0245,Kanyakumari,Tamil Nadu,2020,9.7223,76.4425,659545,345013,,388,32,1161,4,0.3487,0.5883,0.3521,0.4254,1
IND_0245,Kanyakumari,Tamil Nadu,2021,9.7223,76.4425,667915,352731,315184,426,22,,3,0.4191,0.6378,0.3243,0.3574,1
IND_0245,Kanyakumari,Tamil Nadu,2022,9.7223,76.4425,676568,360684,315884,475,23,1513,3,0.2985,0.7021,0.4473,0.4386,1
IND_0245,Kanyakumari,Tamil Nadu,2023,9.7223,76.4425,686640,369487,317153,466,20,552,5,0.3024,0.6787,0.1608,0.4127,1
IND_0246,Karur,Tamil Nadu,2019,12.6771,80.0651,4470688,,2541820,4340,345,,90,0.1679,0.9708,,0.7719,0
IND_0246,Karur,Tamil Nadu,2020,12.6771,80.0651,4548609,1985230,2563379,7162,229,11547,88,0.3259,1.5745,0.5077,0.7464,0
IND_0246,Karur,Tamil Nadu,2021,12.6771,80.0651,4612930,2036367,2576563,,,14693,,0.3773,2.1648,0.637,0.7799,0
IND_0246,Karur,Tamil Nadu,2022,12.6771,80.0651,4677859,,2589440,8111,291,8489,91,0.2007,1.7339,0.3629,0.7467,0
IND_0246,Karur,Tamil Nadu,2023,12.6771,80.0651,4746822,2142942,2603880,6025,423,25315,62,0.3018,1.2693,1.0,0.7583,0
IND_0247,Krishnagiri,Tamil Nadu,2019,12.7428,78.2416,974064,637713,336351,,64,2987,,0.2466,1.3439,,0.7362,0
IND_0247,Krishnagiri,Tamil Nadu,2020,12.7428,78.2416,989440,652727,336713,1497,72,4140,5,0.2703,1.513,0.8368,0.7111,0
IND_0247,Krishnagiri,Tamil Nadu,2021,12.7428,78.2416,1000937,665316,335621,1072,88,4740,,0.2434,1.071,0.9471,0.6917,0
IND_0247,Krishnagiri,Tamil Nadu,2022,12.7428,78.2416,1012315,677941,334374,1029,73,4805,9,0.2935,1.0165,0.9493,0.7348,0
IND_0247,Krishnagiri,Tamil Nadu,2023,12.7428,78.2416,1041781,702883,338898,1984,91,3607,7,0.1612,1.9044,0.6925,0.8182,0
IND_0248,Madurai,Tamil Nadu,2019,10.1871,78.4096,237767,140438,97329,479,13,705,2,0.1576,2.0146,,0.7958,0
IND_0248,Madurai,Tamil Nadu,2020,10.1871,78.4096,241298,143730,97568,325,17,438,2,0.2933,1.3469,0.363,0.5969,0
IND_0248,Madurai,Tamil Nadu,2021,10.1871,78.4096,244888,147093,97795,477,16,585,1,0.3144,1.9478,0.4778,0.6326,0
IND_0248,Madurai,Tamil Nadu,2022,10.1871,78.4096,246846,149503,97343,312,17,,3,0.2984,1.2639,0.4837,0.6886,0
IND_0248,Madurai,Tamil Nadu,2023,10.1871,78.4096,252835,154394,98441,466,17,534,2,0.2006,1.8431,0.4224,0.6871,0
IND_0249,Mayiladuthurai,Tamil Nadu,2019,11.0839,77.5823,171181,86670,84511,160,4,234,1,0.2606,0.9347,0.2734,0.4565,1
IND_0249,Mayiladuthurai,Tamil Nadu,2020,11.0839,77.5823,174129,89033,,135,5,249,1,0.2952,,0.286,0.4431,1
IND_0249,Mayiladuthurai,Tamil Nadu,2021,11.0839,77.5823,175440,90580,84860,81,6,266,1,0.4678,0.4617,0.3032,0.3684,1
IND_0249,Mayiladuthurai,Tamil Nadu,2022,11.0839,77.5823,180239,93959,86280,181,3,118,1,0.3406,1.0042,0.1309,0.4128,1
IND_0249,Mayiladuthurai,Tamil Nadu,2023,11.0839,77.5823,182932,96278,86654,128,9,495,1,0.2951,0.6997,0.5412,0.4634,1
IND_0250,Nagapattinam,Tamil Nadu,2019,13.2951,77.7344,377781,231302,146479,755,27,,4,0.2079,1.9985,0.7867,0.8405,0
IND_0250,Nagapattinam,Tamil Nadu,2020,13.2951,77.7344,382790,236283,,557,27,1723,5,0.3285,1.4551,0.9002,0.8342,0
IND_0250,Nagapattinam,Tamil Nadu,2021,13.2951,77.7344,389655,,147186,597,24,1603,3,0.3592,,0.8228,0.6952,0
IND_0250,Nagapattinam,Tamil Nadu,2022,13.2951,77.7344,397821,249539,148282,475,30,1302,3,0.268,1.194,0.6546,0.6701,0
IND_0250,Nagapattinam,Tamil Nadu,2023,13.2951,77.7344,399175,252384,146791,385,20,1098,3,0.2942,0.9645,,0.5868,0
IND_0251,Namakkal,Tamil Nadu,2019,10.9586,78.9189,1090057,524819,565238,1551,64,2472,17,0.1612,1.4229,0.4536,0.6883,0
IND_0251,Namakkal,Tamil Nadu,2020,10.9586,78.9189,1104718,537401,567317,1308,91,3165,19,0.25,1.184,0.573,0.6974,0
IND_0251,Namakkal,Tamil Nadu,2021,10.9586,78.9189,1123262,552038,571224,1983,85,2730,11,0.2882,1.7654,0.4861,0.6846,0
IND_0251,Namakkal,Tamil Nadu,2022,10.9586,78.9189,1142161,567037,575124,2199,71,2805,15,0.1965,,0.4912,0.7924,0
IND_0251,Namakkal,Tamil Nadu,2023,10.9586,78.9189,1150532,576946,573586,1243,103,6221,10,0.2545,1.0804,1.0,0.7142,0
IND_0252,Nilgiris,Tamil Nadu,2019,10.527,76.8287,719081,352035,367046,,32,1611,5,0.3427,0.7955,0.4481,0.4891,1
IND_0252,Nilgiris,Tamil Nadu,2020,10.527,76.8287,731307,361677,369630,519,17,,6,0.3996,0.7097,0.2103,0.3753,1
IND_0252,Nilgiris,Tamil Nadu,2021,10.527,76.8287,742059,370705,371354,681,24,1074,6,0.3865,0.9177,0.2895,0.4374,1
IND_0252,Nilgiris,Tamil Nadu,2022,10.527,76.8287,758291,,375686,499,27,724,5,0.3562,0.6581,0.191,0.3788,1
IND_0252,Nilgiris,Tamil Nadu,2023,10.527,76.8287,766014,390332,375682,321,35,,4,0.3024,0.4191,0.4285,0.4181,1
IND_0253,Perambalur,Tamil Nadu,2019,11.4072,76.8279,170949,79686,91263,189,10,342,2,0.2007,1.1056,0.4001,0.5885,0
IND_0253,Perambalur,Tamil Nadu,2020,11.4072,76.8279,173340,81668,,278,10,318,2,0.3291,1.6038,0.3669,0.6218,0
IND_0253,Perambalur,Tamil Nadu,2021,11.4072,76.8279,176939,84248,92691,297,9,252,3,0.3173,1.6785,0.2848,0.6953,0
IND_0253,Perambalur,Tamil Nadu,2022,11.4072,76.8279,177822,85558,92264,371,13,,3,,2.0864,0.3937,0.7823,0
IND_0253,Perambalur,Tamil Nadu,2023,11.4072,76.8279,180977,87981,92996,365,15,615,2,0.2052,2.0168,0.6796,0.8168,0
IND_0254,Pudukkottai,Tamil Nadu,2019,13.4724,76.8201,332635,191625,141010,439,27,,2,0.2674,1.3198,0.9031,0.6954,0
IND_0254,Pudukkottai,Tamil Nadu,2020,13.4724,76.8201,337232,195960,141272,429,25,,3,0.2496,1.2721,,0.6493,0
IND_0254,Pudukkottai,Tamil Nadu,2021,13.4724,76.8201,344605,201967,142638,452,23,,3,0.2921,1.3116,0.7748,0.6868,0
IND_0254,Pudukkottai,Tamil Nadu,2022,13.4724,76.8201,345857,204430,141427,696,29,1338,5,0.278,,0.7737,0.8738,0
IND_0254,Pudukkottai,Tamil Nadu,2023,13.4724,76.8201,354417,211262,,479,18,1213,,0.2337,1.3515,0.6845,0.7002,0
IND_0255,Ramanathapuram,Tamil Nadu,2019,12.6781,76.247,316287,171064,145223,480,23,772,4,0.3027,1.5176,0.4882,0.6925,0
IND_0255,Ramanathapuram,Tamil Nadu,2020,12.6781,76.247,320790,175103,145687,466,28,1161,2,0.3288,1.4527,0.7238,0.6627,0
IND_0255,Ramanathapuram,Tamil Nadu,2021,12.6781,76.247,326750,179990,146760,683,27,1211,4,0.292,2.0903,0.7412,0.8066,0
IND_0255,Ramanathapuram,Tamil Nadu,2022,12.6781,76.247,328146,182400,145746,693,25,1645,3,0.2765,2.1119,1.0,0.8376,0
IND_0255,Ramanathapuram,Tamil Nadu,2023,12.6781,76.247,334795,187770,147025,429,30,1142,3,0.3023,,0.6822,0.6442,0
IND_0256,Ranipet,Tamil Nadu,2019,10.7528,77.7462,165577,99850,65727,48,5,,1,0.372,0.2899,0.3273,0.367,1
IND_0256,Ranipet,Tamil Nadu,2020,10.7528,77.7462,168015,102160,65855,131,7,316,1,0.302,0.7797,0.3762,0.4533,1
IND_0256,Ranipet,Tamil Nadu,2021,10.7528,77.7462,169622,103986,65636,117,4,161,1,0.3823,0.6898,0.1898,0.3834,1
IND_0256,Ranipet,Tamil Nadu,2022,10.7528,77.7462,174610,,66693,84,6,330,1,0.2635,0.4811,0.378,0.4324,1
IND_0256,Ranipet,Tamil Nadu,2023,10.7528,77.7462,176473,,66523,168,4,186,1,0.299,0.952,,0.4656,1
IND_0257,Salem,Tamil Nadu,2019,8.4107,76.7242,218215,110117,108098,294,14,401,2,0.1627,1.3473,0.3675,0.633,0
IND_0257,Salem,Tamil Nadu,2020,8.4107,76.7242,220907,112580,108327,320,17,636,2,0.2383,1.4486,0.5758,0.6699,0
IND_0257,Salem,Tamil Nadu,2021,8.4107,76.7242,223645,115093,108552,494,15,822,2,0.2593,2.2089,0.7351,0.7765,0
IND_0257,Salem,Tamil Nadu,2022,8.4107,76.7242,226938,117923,109015,389,16,910,1,0.2637,1.7141,0.802,0.7029,0
IND_0257,Salem,Tamil Nadu,2023,8.4107,76.7242,229687,120500,109187,489,17,613,2,0.231,2.129,0.5338,0.7306,0
IND_0258,Sivaganga,Tamil Nadu,2019,8.1731,79.5478,1829938,825793,1004145,3232,,6510,22,0.1685,1.7662,0.7115,0.7614,0
IND_0258,Sivaganga,Tamil Nadu,2020,8.1731,79.5478,1861296,849250,1012046,,95,,29,0.246,0.9504,0.3818,0.5952,0
IND_0258,Sivaganga,Tamil Nadu,2021,8.1731,79.5478,1882022,868117,1013905,4066,134,7792,34,,2.1604,0.828,0.8731,0
IND_0258,Sivaganga,Tamil Nadu,2022,8.1731,79.5478,1900595,886187,1014408,2987,154,8859,20,0.2943,1.5716,0.9322,0.7549,0
IND_0258,Sivaganga,Tamil Nadu,2023,8.1731,79.5478,1950580,919247,1031333,,147,4259,,0.2245,1.9225,0.4367,0.736,0
IND_0259,Tenkasi,Tamil Nadu,2019,11.684,76.6969,684447,357594,326853,1454,41,2517,6,0.2219,2.1243,0.7355,0.7711,0
IND_0259,Tenkasi,Tamil Nadu,2020,11.684,76.6969,692881,365465,327416,1098,57,2906,11,0.3112,,0.8388,0.8066,0
IND_0259,Tenkasi,Tamil Nadu,2021,11.684,76.6969,705669,375738,329931,1022,60,1837,5,0.2688,1.4483,,0.6231,0
IND_0259,Tenkasi,Tamil Nadu,2022,11.684,76.6969,713503,,330026,1082,40,2302,11,0.3009,1.5165,0.6453,0.7214,0
IND_0259,Tenkasi,Tamil Nadu,2023,11.684,76.6969,734454,398409,336045,860,62,3530,10,0.186,1.1709,0.9613,0.8006,0
IND_0260,Thanjavur,Tamil Nadu,2019,12.0022,78.7094,135467,78710,56757,54,4,238,1,0.2676,0.3986,0.3514,0.4643,1
IND_0260,Thanjavur,Tamil Nadu,2020,12.0022,78.7094,137310,80467,56843,74,5,276,1,0.3334,0.5389,0.402,0.4363,1
IND_0260,Thanjavur,Tamil Nadu,2021,12.0022,78.7094,139295,82327,56968,75,4,145,1,0.3854,0.5384,0.2082,0.3996,1
IND_0260,Thanjavur,Tamil Nadu,2022,12.0022,78.7094,141646,84424,,162,3,111,1,0.3105,1.1437,0.1567,0.4914,1
IND_0260,Thanjavur,Tamil Nadu,2023,12.0022,78.7094,143400,86187,57213,118,4,138,1,0.3034,0.8229,0.1925,0.4789,1
IND_0261,Theni,Tamil Nadu,2019,8.2475,78.9525,465332,244139,221193,537,12,690,3,0.2884,1.154,0.2966,0.5161,1
IND_0261,Theni,Tamil Nadu,2020,8.2475,78.9525,473063,250560,222503,316,12,651,2,0.4489,0.668,0.2752,0.3581,1
IND_0261,Theni,Tamil Nadu,2021,8.2475,78.9525,479402,256315,223087,275,17,563,3,0.3964,0.5736,0.2349,0.3659,1
IND_0261,Theni,Tamil Nadu,2022,8.2475,78.9525,483979,261182,222797,466,14,903,2,0.3905,0.9629,0.3732,0.4512,1
IND_0261,Theni,Tamil Nadu,2023,8.2475,78.9525,488526,266078,222448,,,1098,3,0.3508,0.7635,0.4495,0.4507,1
IND_0262,Thoothukudi,Tamil Nadu,2019,13.241,78.9674,447074,226104,220970,888,26,1573,4,0.2636,1.9862,0.7037,0.8237,0
IND_0262,Thoothukudi,Tamil Nadu,2020,13.241,78.9674,453036,,221651,969,32,1385,,0.3664,,0.6114,0.7303,0
IND_0262,Thoothukudi,Tamil Nadu,2021,13.241,78.9674,459938,237210,222728,493,,1443,,0.3661,1.0719,,0.6376,0
IND_0262,Thoothukudi,Tamil Nadu,2022,13.241,78.9674,463574,241403,222171,479,26,1390,4,0.1568,1.0333,0.5997,0.5978,0
IND_0262,Thoothukudi,Tamil Nadu,2023,13.241,78.9674,470490,247357,223133,763,37,2432,4,0.1933,1.6217,1.0,0.7913,0
IND_0263,Tiruchirappalli,Tamil Nadu,2019,12.4661,78.7732,693015,363124,329891,1214,33,1883,8,0.2709,1.7518,0.5434,0.7315,0
IND_0263,Tiruchirappalli,Tamil Nadu,2020,12.4661,78.7732,704570,372702,331868,1316,49,3062,11,0.2511,1.8678,0.8692,0.8831,0
IND_0263,Tiruchirappalli,Tamil Nadu,2021,12.4661,78.7732,714634,381599,333035,1184,45,2292,9,0.3043,1.6568,0.6414,0.7297,0
IND_0263,Tiruchirappalli,Tamil Nadu,2022,12.4661,78.7732,721491,388868,332623,1099,64,3757,,0.3032,1.5232,1.0,0.8537,0
IND_0263,Tiruchirappalli,Tamil Nadu,2023,12.4661,78.7732,740735,402943,,786,,1096,7,0.2623,1.0611,0.2959,0.5433,0
IND_0264,Tirunelveli,Tamil Nadu,2019,13.451,77.8119,168165,100146,,242,13,428,,0.1606,1.4391,0.509,0.7383,0
IND_0264,Tirunelveli,Tamil Nadu,2020,13.451,77.8119,170853,102601,,202,13,511,2,0.3443,1.1823,,0.6743,0
IND_0264,Tirunelveli,Tamil Nadu,2021,13.451,77.8119,173446,105025,68421,306,12,372,1,0.2879,1.7642,0.429,0.6448,0
IND_0264,Tirunelveli,Tamil Nadu,2022,13.451,77.8119,176251,107605,68646,173,8,323,1,0.2661,0.9816,0.3665,0.5019,0
IND_0264,Tirunelveli,Tamil Nadu,2023,13.451,77.8119,178778,110042,68736,329,14,423,2,0.2681,1.8403,0.4732,0.7417,0
IND_0265,Tirupathur,Tamil Nadu,2019,11.9145,79.7902,619747,,,570,,902,3,0.3465,0.9197,0.2911,0.4375,1
IND_0265,Tirupathur,Tamil Nadu,2020,11.9145,79.7902,629049,315780,313269,489,29,1240,3,0.4223,0.7774,0.3942,0.4013,1
IND_0265,Tirupathur,Tamil Nadu,2021,11.9145,79.7902,641992,,316504,492,15,446,5,0.3868,0.7664,0.1389,0.4037,1
IND_0265,Tirupathur,Tamil Nadu,2022,11.9145,79.7902,652255,333952,318303,369,20,1147,5,0.325,0.5657,0.3517,0.449,1
IND_0265,Tirupathur,Tamil Nadu,2023,11.9145,79.7902,656544,339431,317113,490,21,619,5,0.3801,0.7463,0.1886,0.4062,1
IND_0266,Tiruppur,Tamil Nadu,2019,10.9955,79.018,379609,218612,160997,401,9,515,1,0.2736,1.0564,0.2713,0.4575,1
IND_0266,Tiruppur,Tamil Nadu,2020,10.9955,79.018,385281,223805,161476,331,,453,1,0.3668,0.8591,0.2352,0.3894,1
IND_0266,Tiruppur,Tamil Nadu,2021,10.9955,79.018,392581,230008,162573,429,10,387,2,0.3361,1.0928,0.1972,0.4543,1
IND_0266,Tiruppur,Tamil Nadu,2022,10.9955,79.018,400315,236541,163774,462,15,958,2,0.2809,1.1541,0.4786,0.5632,1
IND_0266,Tiruppur,Tamil Nadu,2023,10.9955,79.018,400656,238746,161910,296,15,736,1,0.3177,,0.3674,0.3995,1
IND_0267,Tiruvallur,Tamil Nadu,2019,11.2302,77.862,688456,416071,272385,751,51,1879,8,0.3011,1.0908,0.5459,0.653,0
IND_0267,Tiruvallur,Tamil Nadu,2020,11.2302,77.862,697892,425263,272629,723,61,1707,8,0.2375,1.036,0.4892,0.6675,0
IND_0267,Tiruvallur,Tamil Nadu,2021,11.2302,77.862,708330,,,1345,47,2011,4,0.33,1.8988,0.5678,0.7056,0
IND_0267,Tiruvallur,Tamil Nadu,2022,11.2302,77.862,725863,,276297,905,,1476,,0.2027,1.2468,0.4067,0.5842,0
IND_0267,Tiruvallur,Tamil Nadu,2023,11.2302,77.862,738330,460979,277351,1112,42,,5,0.2986,1.5061,0.7249,0.6949,0
IND_0268,Tiruvannamalai,Tamil Nadu,2019,12.9996,76.9579,298729,157070,,315,21,688,,0.2708,,0.4606,0.6174,0
IND_0268,Tiruvannamalai,Tamil Nadu,2020,12.9996,76.9579,303041,160852,,622,24,1439,3,0.2567,2.0525,0.9497,0.8525,0
IND_0268,Tiruvannamalai,Tamil Nadu,2021,12.9996,76.9579,308486,165285,143201,615,16,1056,,0.3944,1.9936,,0.7358,0
IND_0268,Tiruvannamalai,Tamil Nadu,2022,12.9996,76.9579,310255,167784,142471,673,18,832,,0.2867,2.1692,0.5363,0.7157,0
IND_0268,Tiruvannamalai,Tamil Nadu,2023,12.9996,76.9579,315056,171955,143101,376,15,890,3,0.1822,1.1934,0.565,0.635,0
IND_0269,Tiruvarur,Tamil Nadu,2019,11.0266,79.1727,357207,196747,160460,330,26,824,2,,0.9238,,0.5447,0
IND_0269,Tiruvarur,Tamil Nadu,2020,11.0266,79.1727,362324,201377,160947,713,29,1367,3,0.3356,1.9679,0.7546,0.7624,0
IND_0269,Tiruvarur,Tamil Nadu,2021,11.0266,79.1727,367512,206098,161414,,22,1409,,0.2895,0.9877,0.7668,0.6788,0
IND_0269,Tiruvarur,Tamil Nadu,2022,11.0266,79.1727,370411,209575,160836,732,24,775,4,0.2021,1.9762,0.4185,0.7497,0
IND_0269,Tiruvarur,Tamil Nadu,2023,11.0266,79.1727,375880,214549,161331,681,24,1401,4,,1.8117,0.7455,0.7883,0
IND_0270,Vellore,Tamil Nadu,2019,9.8226,79.6687,2186508,1002596,1183912,3357,181,5339,26,0.2613,1.5353,0.4884,0.6759,0
IND_0270,Vellore,Tamil Nadu,2020,9.8226,79.6687,2220316,1029200,1191116,2088,144,8275,39,0.2131,0.9404,0.7454,0.7376,0
IND_0270,Vellore,Tamil Nadu,2021,9.8226,79.6687,2246314,1052482,1193832,,146,9812,42,0.3483,1.1245,0.8736,0.7387,0
IND_0270,Vellore,Tamil Nadu,2022,9.8226,79.6687,2280414,1079861,1200553,3284,117,4299,41,0.1684,1.4401,0.377,0.6977,0
IND_0270,Vellore,Tamil Nadu,2023,9.8226,79.6687,2304953,1103006,1201947,4255,153,4868,42,,1.846,0.4224,0.7664,0
IND_0271,Viluppuram,Tamil Nadu,2019,11.1171,78.5449,1220452,706947,513505,1142,63,3017,13,0.2576,,0.4944,0.6173,0
IND_0271,Viluppuram,Tamil Nadu,2020,11.1171,78.5449,1238397,723534,514863,2211,109,5246,8,0.3741,1.7854,0.8472,0.7346,0
IND_0271,Viluppuram,Tamil Nadu,2021,11.1171,78.5449,1252626,738110,514516,1679,99,2835,17,0.3625,1.3404,0.4526,0.6835,0
IND_0271,Viluppuram,Tamil Nadu,2022,11.1171,78.5449,1281818,761721,,1710,72,1945,11,0.2518,,0.3035,0.5745,0
IND_0271,Viluppuram,Tamil Nadu,2023,11.1171,78.5449,1284424,769692,514732,1537,84,4761,9,0.1902,,0.7413,0.6751,0
IND_0272,Virudhunagar,Tamil Nadu,2019,12.096,78.3577,677065,347781,329284,666,37,,7,0.2597,0.9837,0.5485,0.586,0
IND_0272,Virudhunagar,Tamil Nadu,2020,12.096,78.3577,688544,357120,331424,1255,,1891,8,0.275,1.8227,0.5493,0.7299,0
IND_0272,Virudhunagar,Tamil Nadu,2021,12.096,78.3577,700160,366646,333514,1176,42,2736,9,0.2378,1.6796,0.7815,0.794,0
IND_0272,Virudhunagar,Tamil Nadu,2022,12.096,78.3577,702112,371179,330933,1275,38,,6,,,0.5455,0.6982,0
IND_0272,Virudhunagar,Tamil Nadu,2023,12.096,78.3577,713440,380735,332705,980,40,2167,7,,1.3736,0.6075,0.6599,0
IND_0273,Alipurduar,West Bengal,2019,26.2354,89.336,305155,117199,187956,153,,,2,0.4123,0.5014,0.1068,0.3232,1
IND_0273,Alipurduar,West Bengal,2020,26.2354,89.336,309739,,189230,103,6,184,3,0.5978,0.3325,0.1188,0.2644,1
IND_0273,Alipurduar,West Bengal,2021,26.2354,89.336,315579,,191220,217,7,163,2,0.466,0.6876,,0.3173,1
IND_0273,Alipurduar,West Bengal,2022,26.2354,89.336,320090,127737,192353,214,7,295,3,0.3681,,0.1843,0.3852,1
IND_0273,Alipurduar,West Bengal,2023,26.2354,89.336,325279,131434,193845,143,8,309,1,0.4096,0.4396,0.19,0.3057,1
IND_0274,Bankura,West Bengal,2019,22.4437,89.1631,1555333,634401,920932,1393,74,1573,24,0.3212,0.8956,0.2023,0.5295,0
IND_0274,Bankura,West Bengal,2020,22.4437,89.1631,1582745,653495,929250,2053,66,1754,17,0.4234,1.2971,0.2216,0.4848,0
IND_0274,Bankura,West Bengal,2021,22.4437,89.1631,1595768,666851,928917,1280,68,3239,30,0.3976,0.8021,0.4059,0.5518,0
IND_0274,Bankura,West Bengal,2022,22.4437,89.1631,1636506,692058,944448,1722,67,1966,,0.3088,1.0522,0.2403,0.58,0
IND_0274,Bankura,West Bengal,2023,22.4437,89.1631,1654724,,946688,2150,61,2435,20,0.3405,1.2993,0.2943,0.5582,0
IND_0275,Birbhum,West Bengal,2019,23.9235,86.6508,283490,140085,143405,102,7,237,2,0.5211,0.3598,0.1672,0.3076,1
IND_0275,Birbhum,West Bengal,2020,23.9235,86.6508,287817,143662,,175,7,169,1,0.5548,0.608,0.1174,0.2661,1
IND_0275,Birbhum,West Bengal,2021,23.9235,86.6508,291726,147072,144654,167,7,320,2,0.4896,0.5725,0.2194,0.3476,1
IND_0275,Birbhum,West Bengal,2022,23.9235,86.6508,298614,,146576,244,5,184,,0.4826,0.8171,0.1232,0.3739,1
IND_0275,Birbhum,West Bengal,2023,23.9235,86.6508,302514,155536,146978,116,,288,2,0.4012,0.3835,0.1904,0.3249,1
IND_0276,Cooch Behar,West Bengal,2019,26.298,89.7079,463439,221007,242432,414,28,1038,5,,0.8933,0.448,0.5287,0
IND_0276,Cooch Behar,West Bengal,2020,26.298,89.7079,469339,226167,243172,360,19,670,,0.3592,0.767,0.2855,0.4918,0
IND_0276,Cooch Behar,West Bengal,2021,26.298,89.7079,479976,233693,246283,544,19,,7,0.4206,1.1334,0.3042,0.5509,0
IND_0276,Cooch Behar,West Bengal,2022,26.298,89.7079,483252,237704,245548,538,21,764,,0.2818,1.1133,0.3162,0.5201,0
IND_0276,Cooch Behar,West Bengal,2023,26.298,89.7079,489372,243162,246210,649,18,715,5,0.2867,1.3262,0.2922,0.5461,0
IND_0277,Dakshin Dinajpur,West Bengal,2019,21.8523,87.1116,1146522,467517,679005,726,68,1484,14,0.3272,0.6332,0.2589,0.4595,0
IND_0277,Dakshin Dinajpur,West Bengal,2020,21.8523,87.1116,1164227,480558,,1319,52,953,22,0.3939,1.1329,,0.5752,0
IND_0277,Dakshin Dinajpur,West Bengal,2021,21.8523,87.1116,1181336,493527,687809,986,45,1617,12,0.384,0.8346,0.2738,0.4609,0
IND_0277,Dakshin Dinajpur,West Bengal,2022,21.8523,87.1116,1190281,503215,687066,1771,68,2989,12,0.3222,1.4879,0.5022,0.6018,0
IND_0277,Dakshin Dinajpur,West Bengal,2023,21.8523,87.1116,1215517,519962,695555,936,52,1459,17,0.291,0.77,0.2401,0.4917,0
IND_0278,Darjeeling,West Bengal,2019,22.8806,88.5939,516817,212730,304087,181,10,327,2,0.5262,0.3502,0.1265,0.2248,1
IND_0278,Darjeeling,West Bengal,2020,22.8806,88.5939,523805,,305580,171,16,400,5,0.5322,0.3265,0.1527,0.3174,1
IND_0278,Darjeeling,West Bengal,2021,22.8806,88.5939,533108,224767,308341,403,12,556,2,0.4708,0.7559,0.2086,0.3471,1
IND_0278,Darjeeling,West Bengal,2022,22.8806,88.5939,535850,228602,307248,280,13,587,2,0.4594,0.5225,0.2191,0.3141,1
IND_0278,Darjeeling,West Bengal,2023,22.8806,88.5939,554447,239308,315139,148,13,411,3,0.3794,0.2669,0.1483,0.3209,1
IND_0279,Hooghly,West Bengal,2019,24.0376,89.7322,239264,98018,141246,216,9,399,3,0.279,0.9028,0.3335,0.5282,0
IND_0279,Hooghly,West Bengal,2020,24.0376,89.7322,243449,100950,142499,162,13,277,5,0.4264,0.6654,0.2276,0.498,0
IND_0279,Hooghly,West Bengal,2021,24.0376,89.7322,246917,103622,143295,318,12,473,2,0.3701,1.2879,0.3831,0.5329,0
IND_0279,Hooghly,West Bengal,2022,24.0376,89.7322,252190,107096,145094,256,15,598,,0.2898,1.0151,0.4742,0.5866,0
IND_0279,Hooghly,West Bengal,2023,24.0376,89.7322,253380,108868,144512,183,15,461,5,0.39,0.7222,,0.5597,0
IND_0280,Howrah,West Bengal,2019,21.8702,89.7576,299576,105417,194159,232,14,637,4,0.3652,0.7744,0.4253,0.4929,0
IND_0280,Howrah,West Bengal,2020,21.8702,89.7576,303374,108270,195104,426,11,253,3,0.4554,1.4042,0.1668,0.4887,0
IND_0280,Howrah,West Bengal,2021,21.8702,89.7576,309397,111967,197430,251,,308,5,0.4004,0.8113,0.1991,0.4714,0
IND_0280,Howrah,West Bengal,2022,21.8702,89.7576,312527,114662,197865,288,13,299,6,0.354,0.9215,0.1913,0.539,0
IND_0280,Howrah,West Bengal,2023,21.8702,89.7576,314455,116942,197513,224,12,412,7,0.3913,0.7123,0.262,0.5458,0
IND_0281,Jalpaiguri,West Bengal,2019,23.057,89.164,199697,92328,107369,,5,186,1,0.512,0.7411,0.1863,0.3501,1
IND_0281,Jalpaiguri,West Bengal,2020,23.057,89.164,202506,,107867,161,6,205,1,0.5013,0.795,0.2025,0.3427,1
IND_0281,Jalpaiguri,West Bengal,2021,23.057,89.164,206468,97523,108945,74,5,154,1,0.4356,0.3584,0.1492,0.2774,1
IND_0281,Jalpaiguri,West Bengal,2022,23.057,89.164,208932,99731,109201,90,5,227,1,0.4315,0.4308,0.2173,0.3369,1
IND_0281,Jalpaiguri,West Bengal,2023,23.057,89.164,214309,103370,110939,83,5,237,1,0.3971,0.3873,0.2212,0.2837,1
IND_0282,Jhargram,West Bengal,2019,22.7106,86.3159,1079715,458107,621608,922,18,354,6,0.4155,0.8539,0.0656,0.3154,1
IND_0282,Jhargram,West Bengal,2020,22.7106,86.3159,1097242,471029,,497,20,844,8,0.5221,0.453,0.1538,0.3214,1
IND_0282,Jhargram,West Bengal,2021,22.7106,86.3159,1113177,483436,629741,488,29,1067,7,0.4257,0.4384,0.1917,0.3132,1
IND_0282,Jhargram,West Bengal,2022,22.7106,86.3159,1134973,498576,636397,562,21,587,8,0.4144,0.4952,0.1034,0.3177,1
IND_0282,Jhargram,West Bengal,2023,22.7106,86.3159,1149215,510579,638636,522,36,1641,,0.4851,0.4542,0.2856,0.3262,1
IND_0283,Kalimpong,West Bengal,2019,25.9573,88.8559,515299,221073,294226,747,27,504,9,0.3921,1.4496,0.1956,0.589,0
IND_0283,Kalimpong,West Bengal,2020,25.9573,88.8559,523228,,296138,736,20,,5,0.4206,1.4067,0.2221,0.5271,0
IND_0283,Kalimpong,West Bengal,2021,25.9573,88.8559,531982,233550,298432,571,23,870,8,0.3769,1.0733,0.3271,0.5358,0
IND_0283,Kalimpong,West Bengal,2022,25.9573,88.8559,539292,239455,299837,720,33,1568,10,0.3585,1.3351,0.5815,0.6946,0
IND_0283,Kalimpong,West Bengal,2023,25.9573,88.8559,549736,246841,302895,825,30,1360,6,0.3992,1.5007,0.4948,0.6138,0
IND_0284,Kolkata,West Bengal,2019,21.5177,88.05,230366,65179,165187,328,12,357,,0.3199,1.4238,0.3099,0.5215,0
IND_0284,Kolkata,West Bengal,2020,21.5177,88.05,233886,,166541,308,13,372,5,0.3233,1.3169,0.3181,0.6541,0
IND_0284,Kolkata,West Bengal,2021,21.5177,88.05,237917,69695,168222,274,11,,3,0.4765,1.1517,0.2513,0.4539,0
IND_0284,Kolkata,West Bengal,2022,21.5177,88.05,241831,72051,169780,313,14,,,,1.2943,0.4028,0.5862,0
IND_0284,Kolkata,West Bengal,2023,21.5177,88.05,246858,74783,,261,9,371,5,0.4157,1.0573,0.3006,0.5528,0
IND_0285,Malda,West Bengal,2019,22.9279,89.1339,284747,98910,185837,293,12,566,6,0.277,1.029,0.3975,0.6595,0
IND_0285,Malda,West Bengal,2020,22.9279,89.1339,289421,101981,187440,253,15,462,5,0.3659,0.8742,0.3193,0.5177,0
IND_0285,Malda,West Bengal,2021,22.9279,89.1339,293098,104742,188356,430,11,,5,0.3226,1.4671,0.1863,0.6106,0
IND_0285,Malda,West Bengal,2022,22.9279,89.1339,297429,107777,189652,246,,645,5,0.3924,0.8271,0.4337,0.5253,0
IND_0285,Malda,West Bengal,2023,22.9279,89.1339,305532,112241,193291,309,17,378,4,0.4009,1.0114,0.2474,0.4805,0
IND_0286,Murshidabad,West Bengal,2019,22.5597,87.8008,311016,128925,182091,418,15,,3,0.3185,1.344,0.2964,0.5524,0
IND_0286,Murshidabad,West Bengal,2020,22.5597,87.8008,316321,132706,183615,204,19,876,4,0.3516,0.6449,0.5539,0.5303,0
IND_0286,Murshidabad,West Bengal,2021,22.5597,87.8008,321240,136376,,474,19,708,6,0.3926,1.4755,0.4408,0.6804,0
IND_0286,Murshidabad,West Bengal,2022,22.5597,87.8008,326385,140192,186193,380,14,582,,0.3662,1.1643,,0.5431,0
IND_0286,Murshidabad,West Bengal,2023,22.5597,87.8008,333211,144790,188421,374,11,353,5,0.3622,1.1224,0.2119,0.5078,0
IND_0287,Nadia,West Bengal,2019,23.176,88.697,1211823,505404,706419,883,,900,12,0.3309,0.7287,0.1485,0.4142,0
IND_0287,Nadia,West Bengal,2020,23.176,88.697,1230273,519250,711023,1552,69,2159,20,0.484,1.2615,0.351,0.5715,0
IND_0287,Nadia,West Bengal,2021,23.176,88.697,1242237,530511,711726,1770,53,,,,1.4248,0.3154,0.5608,0
IND_0287,Nadia,West Bengal,2022,23.176,88.697,1267024,547431,719593,1719,58,2032,13,0.3807,,0.3208,0.5578,0
IND_0287,Nadia,West Bengal,2023,23.176,88.697,1289538,,725932,1799,70,1395,21,0.3881,1.3951,0.2164,0.5757,0
IND_0288,North 24 Parganas,West Bengal,2019,22.8603,88.405,2070787,736589,1334198,2264,107,3113,36,0.2691,1.0933,0.3007,0.5916,0
IND_0288,North 24 Parganas,West Bengal,2020,22.8603,88.405,2106591,759857,1346734,2277,,,41,0.3713,1.0809,0.2321,0.5749,0
IND_0288,North 24 Parganas,West Bengal,2021,22.8603,88.405,2135920,,1354804,2602,119,4363,,0.4615,1.2182,,0.5823,0
IND_0288,North 24 Parganas,West Bengal,2022,22.8603,88.405,2147917,796243,1351674,2179,124,3200,39,0.2724,1.0145,0.298,0.5589,0
IND_0288,North 24 Parganas,West Bengal,2023,22.8603,88.405,2197617,825655,1371962,2184,115,,31,0.3134,,0.2633,0.5096,0
IND_0289,Paschim Bardhaman,West Bengal,2019,26.9677,89.8135,1593835,887073,,1358,53,1067,22,0.3502,0.852,0.1339,0.4851,0
IND_0289,Paschim Bardhaman,West Bengal,2020,26.9677,89.8135,1613444,906053,707391,1597,55,2601,14,0.4586,0.9898,0.3224,0.4917,0
IND_0289,Paschim Bardhaman,West Bengal,2021,26.9677,89.8135,1647222,933258,713964,1564,100,1844,17,0.4113,0.9495,0.2239,0.5012,0
IND_0289,Paschim Bardhaman,West Bengal,2022,26.9677,89.8135,1653121,,708255,1555,88,1976,12,0.3849,0.9406,0.2391,0.439,0
IND_0289,Paschim Bardhaman,West Bengal,2023,26.9677,89.8135,1680251,968774,711477,1990,60,2491,24,0.3567,1.1843,0.2965,0.6324,0
IND_0290,Paschim Medinipur,West Bengal,2019,26.0952,86.3967,505327,242839,262488,514,31,1295,4,0.3981,1.0172,0.5125,0.5207,0
IND_0290,Paschim Medinipur,West Bengal,2020,26.0952,86.3967,513986,249570,264416,642,24,831,9,0.468,1.2491,0.3234,0.5855,0
IND_0290,Paschim Medinipur,West Bengal,2021,26.0952,86.3967,523036,256579,266457,497,22,755,5,0.4422,0.9502,0.2887,0.4514,0
IND_0290,Paschim Medinipur,West Bengal,2022,26.0952,86.3967,530083,262687,267396,483,33,,6,0.3206,0.9112,0.2668,0.5373,0
IND_0290,Paschim Medinipur,West Bengal,2023,26.0952,86.3967,531364,265978,265386,438,22,651,9,0.2787,0.8243,0.245,0.5854,0
IND_0291,Purba Bardhaman,West Bengal,2019,22.9844,86.638,387349,142318,245031,374,20,672,6,0.3607,,0.347,0.5235,0
IND_0291,Purba Bardhaman,West Bengal,2020,22.9844,86.638,393334,146484,246850,377,22,971,8,0.45,0.9585,0.4937,0.6188,0
IND_0291,Purba Bardhaman,West Bengal,2021,22.9844,86.638,398636,,248184,,16,411,6,0.4713,1.3697,0.2062,0.5194,0
IND_0291,Purba Bardhaman,West Bengal,2022,22.9844,86.638,407365,155783,251582,557,16,752,8,0.3199,1.3673,0.3692,0.6869,0
IND_0291,Purba Bardhaman,West Bengal,2023,22.9844,86.638,411390,159379,252011,316,21,741,4,0.3791,0.7681,0.3602,0.4561,0
IND_0292,Purba Medinipur,West Bengal,2019,26.6139,88.3436,1115859,550375,565484,1144,53,2540,,0.3765,1.0252,0.4553,0.5225,0
IND_0292,Purba Medinipur,West Bengal,2020,26.6139,88.3436,1130377,563187,567190,844,39,1646,18,0.3113,0.7467,0.2912,0.5497,0
IND_0292,Purba Medinipur,West Bengal,2021,26.6139,88.3436,1151956,579698,572258,,61,2746,13,0.3811,1.3655,0.4768,0.6153,0
IND_0292,Purba Medinipur,West Bengal,2022,26.6139,88.3436,1161960,590542,571418,842,,2162,19,0.3657,0.7246,0.3721,0.5859,0
IND_0292,Purba Medinipur,West Bengal,2023,26.6139,88.3436,1191654,611592,580062,1344,65,1412,15,0.2737,1.1278,0.237,0.5729,0
IND_0293,Purulia,West Bengal,2019,26.6222,89.0695,541495,212152,329343,672,18,498,11,0.3921,1.241,0.1839,0.5794,0
IND_0293,Purulia,West Bengal,2020,26.6222,89.0695,550840,218568,332272,664,22,624,9,0.3897,1.2054,0.2266,0.5338,0
IND_0293,Purulia,West Bengal,2021,26.6222,89.0695,560266,225109,335157,740,26,,6,,1.3208,0.2413,0.508,0
IND_0293,Purulia,West Bengal,2022,26.6222,89.0695,564491,229629,334862,429,23,990,5,0.3585,0.76,0.3508,0.4312,0
IND_0293,Purulia,West Bengal,2023,26.6222,89.0695,578458,238203,340255,553,33,995,12,0.2873,0.956,0.344,0.6063,0
IND_0294,South 24 Parganas,West Bengal,2019,22.8848,86.9513,411525,177198,234327,522,23,535,5,0.3029,1.2685,0.26,0.5607,0
IND_0294,South 24 Parganas,West Bengal,2020,22.8848,86.9513,417873,182020,235853,363,17,760,,0.3488,0.8687,0.3637,0.5603,0
IND_0294,South 24 Parganas,West Bengal,2021,22.8848,86.9513,422397,186103,236294,424,,898,8,0.3323,1.0038,0.4252,0.639,0
IND_0294,South 24 Parganas,West Bengal,2022,22.8848,86.9513,426684,190125,236559,614,22,449,3,0.3509,1.439,0.2105,0.4994,0
IND_0294,South 24 Parganas,West Bengal,2023,22.8848,86.9513,435606,196279,239327,346,18,444,5,0.3945,0.7943,0.2039,0.449,0
IND_0295,Uttar Dinajpur,West Bengal,2019,22.4021,86.3055,210663,72374,138289,300,10,427,,0.369,1.4241,0.4054,0.5941,0
IND_0295,Uttar Dinajpur,West Bengal,2020,22.4021,86.3055,214393,74727,139666,214,11,354,2,0.4412,0.9982,0.3302,0.4311,0
IND_0295,Uttar Dinajpur,West Bengal,2021,22.4021,86.3055,215853,76316,139537,145,7,194,,0.4111,0.6718,,0.4287,0
IND_0295,Uttar Dinajpur,West Bengal,2022,22.4021,86.3055,220594,79095,141499,302,7,138,4,0.2725,1.369,0.1251,0.61,0
IND_0295,Uttar Dinajpur,West Bengal,2023,22.4021,86.3055,222648,80944,141704,257,10,421,4,0.3799,1.1543,0.3782,0.5952,0
IND_0296,Bagalkot,Karnataka,2019,17.8857,78.233,80000,40926,,75,5,117,1,0.2544,0.9375,0.2925,0.5664,0
IND_0296,Bagalkot,Karnataka,2020,17.8857,78.233,81008,41847,39161,,4,101,1,0.3904,1.0122,0.2494,0.5337,0
IND_0296,Bagalkot,Karnataka,2021,17.8857,78.233,82831,,39628,118,6,229,1,0.3123,1.4246,0.5529,0.6671,0
IND_0296,Bagalkot,Karnataka,2022,17.8857,78.233,83652,44049,39603,92,4,169,1,0.2052,1.0998,0.4041,0.6239,0
IND_0296,Bagalkot,Karnataka,2023,17.8857,78.233,84576,44959,39617,96,,130,1,0.2082,1.1351,0.3074,0.5977,0
IND_0297,Ballari,Karnataka,2019,15.8962,78.094,1291535,672769,618766,2313,96,5415,18,0.3125,1.7909,,0.8263,0
IND_0297,Ballari,Karnataka,2020,15.8962,78.094,1307798,687779,620019,1228,67,,19,0.2616,0.939,0.4505,0.6173,0
IND_0297,Ballari,Karnataka,2021,15.8962,78.094,1331204,706745,624459,1215,69,1724,22,0.326,0.9127,0.259,0.5699,0
IND_0297,Ballari,Karnataka,2022,15.8962,78.094,1349639,723280,626359,2599,81,3137,13,0.2251,1.9257,0.4649,0.7163,0
IND_0297,Ballari,Karnataka,2023,15.8962,78.094,1386425,749926,636499,1839,72,1705,18,0.2287,1.3264,0.246,0.6424,0
IND_0298,Belagavi,Karnataka,2019,17.6981,78.529,508304,286223,222081,873,25,1301,,0.2357,,0.5119,0.7062,0
IND_0298,Belagavi,Karnataka,2020,17.6981,78.529,515187,292675,222512,603,38,2190,6,0.239,1.1704,0.8502,0.744,0
IND_0298,Belagavi,Karnataka,2021,17.6981,78.529,521068,298621,222447,857,32,1788,6,0.3911,1.6447,0.6863,0.7433,0
IND_0298,Belagavi,Karnataka,2022,17.6981,78.529,531351,307171,224180,1061,25,761,6,0.2088,1.9968,0.2864,0.7169,0
IND_0298,Belagavi,Karnataka,2023,17.6981,78.529,542288,316205,226083,628,31,836,4,0.3156,1.1581,0.3083,0.5241,0
IND_0299,Bengaluru Rural,Karnataka,2019,15.3673,77.2081,1302703,669736,632967,1959,98,2233,,0.3107,1.5038,0.3428,0.5956,0
IND_0299,Bengaluru Rural,Karnataka,2020,15.3673,77.2081,1324519,687575,636944,,65,2962,21,,1.6421,0.4473,0.6933,0
IND_0299,Bengaluru Rural,Karnataka,2021,15.3673,77.2081,1337614,701060,636554,2275,70,3578,10,0.2838,1.7008,0.535,0.6512,0
IND_0299,Bengaluru Rural,Karnataka,2022,15.3673,77.2081,1372785,726358,646427,2364,66,2727,20,0.2947,1.722,0.3973,0.7172,0
IND_0299,Bengaluru Rural,Karnataka,2023,15.3673,77.2081,1392191,743587,648604,2817,,3561,11,0.3095,2.0234,0.5116,0.7007,0
IND_0300,Bengaluru Urban,Karnataka,2019,16.8543,75.6344,1465636,685614,780022,2734,62,3197,15,,1.8654,0.4363,0.7298,0
IND_0300,Bengaluru Urban,Karnataka,2020,16.8543,75.6344,1487997,703515,784482,2781,62,2470,24,0.3388,1.869,,0.6918,0
IND_0300,Bengaluru Urban,Karnataka,2021,16.8543,75.6344,1504575,718875,785700,2051,76,3541,26,0.3211,1.3632,0.4707,0.6748,0
IND_0300,Bengaluru Urban,Karnataka,2022,16.8543,75.6344,1519225,733471,785754,2216,,4126,19,0.1975,1.4586,0.5432,0.7205,0
IND_0300,Bengaluru Urban,Karnataka,2023,16.8543,75.6344,1539415,750916,788499,2379,70,3713,24,0.2438,1.5454,0.4824,0.7203,0
IND_0301,Bidar,Karnataka,2019,12.642,75.1518,1031414,469859,561555,1493,54,2192,19,0.3006,1.4475,0.425,0.6924,0
IND_0301,Bidar,Karnataka,2020,12.642,75.1518,1049863,483513,566350,1646,56,1662,16,0.2977,1.5678,0.3166,0.6567,0
IND_0301,Bidar,Karnataka,2021,12.642,75.1518,1057784,492450,565334,1646,80,,10,0.3254,1.5561,0.4258,0.6389,0
IND_0301,Bidar,Karnataka,2022,12.642,75.1518,1075008,505843,569165,1181,55,1493,20,0.1955,1.0986,0.2778,0.6641,0
IND_0301,Bidar,Karnataka,2023,12.642,75.1518,1096664,,575147,995,58,3447,15,0.2459,,0.6286,0.6568,0
IND_0302,Chamarajanagar,Karnataka,2019,13.8818,75.8473,399972,198014,201958,734,17,923,7,0.2971,1.8351,,0.7559,0
IND_0302,Chamarajanagar,Karnataka,2020,13.8818,75.8473,406276,203166,203110,430,28,1043,,0.3706,1.0584,,0.6455,0
IND_0302,Chamarajanagar,Karnataka,2021,13.8818,75.8473,413181,208685,204496,590,27,918,4,0.3241,1.4279,0.4444,0.5901,0
IND_0302,Chamarajanagar,Karnataka,2022,13.8818,75.8473,414834,211594,,524,,1418,6,0.3296,1.2632,0.6836,0.6923,0
IND_0302,Chamarajanagar,Karnataka,2023,13.8818,75.8473,424432,218612,205820,466,23,915,5,,1.0979,0.4312,0.6167,0
IND_0303,Chikkaballapur,Karnataka,2019,12.7683,78.5172,879108,,463377,1197,60,1716,14,,1.3616,0.3904,0.6833,0
IND_0303,Chikkaballapur,Karnataka,2020,12.7683,78.5172,893430,426971,466459,1628,45,1276,14,0.3717,1.8222,0.2856,0.6966,0
IND_0303,Chikkaballapur,Karnataka,2021,12.7683,78.5172,905765,437395,468370,1367,61,1615,15,0.3209,1.5092,0.3566,0.6708,0
IND_0303,Chikkaballapur,Karnataka,2022,12.7683,78.5172,915511,446679,468832,1218,40,911,15,,,,0.6385,0
IND_0303,Chikkaballapur,Karnataka,2023,12.7683,78.5172,926901,456871,470030,1537,51,2248,11,0.2834,1.6582,0.4851,0.6977,0
IND_0304,Chikkamagaluru,Karnataka,2019,12.2492,76.5469,1760788,696983,1063805,2225,117,6103,18,0.2007,1.2636,0.6932,0.6873,0
IND_0304,Chikkamagaluru,Karnataka,2020,12.2492,76.5469,1782985,714684,1068301,3230,118,6092,29,0.2733,1.8116,0.6833,0.764,0
IND_0304,Chikkamagaluru,Karnataka,2021,12.2492,76.5469,1818432,737985,1080447,3170,110,2608,25,0.295,1.7433,0.2868,0.6332,0
IND_0304,Chikkamagaluru,Karnataka,2022,12.2492,76.5469,1827818,750933,1076885,1731,82,3058,29,0.2268,,0.3346,0.5492,0
IND_0304,Chikkamagaluru,Karnataka,2023,12.2492,76.5469,1882686,782888,1099798,2154,90,4642,24,0.2494,1.1441,0.4931,0.6108,0
IND_0305,Chitradurga,Karnataka,2019,13.1798,74.5217,399077,186884,212193,505,19,,7,0.3214,1.2654,,0.6948,0
IND_0305,Chitradurga,Karnataka,2020,13.1798,74.5217,405353,191849,213504,452,18,464,,0.2772,1.1151,0.2289,0.4997,0
IND_0305,Chitradurga,Karnataka,2021,13.1798,74.5217,412929,197500,215429,755,29,1633,4,0.3829,1.8284,0.7909,0.7216,0
IND_0305,Chitradurga,Karnataka,2022,13.1798,74.5217,415069,200599,214470,704,18,778,4,0.2343,1.6961,0.3749,0.6798,0
IND_0305,Chitradurga,Karnataka,2023,13.1798,74.5217,428207,209089,219118,600,34,894,7,0.2393,1.4012,0.4176,0.6707,0
IND_0306,Dakshina Kannada,Karnataka,2019,17.8294,76.6889,1485489,,744861,2775,85,2821,24,,1.8681,0.3798,0.7333,0
IND_0306,Dakshina Kannada,Karnataka,2020,17.8294,76.6889,1507568,759174,,2771,115,4544,20,0.3605,1.8381,0.6028,0.7506,0
IND_0306,Dakshina Kannada,Karnataka,2021,17.8294,76.6889,1539188,782793,756395,1952,101,2417,17,0.3838,1.2682,0.3141,0.5734,0
IND_0306,Dakshina Kannada,Karnataka,2022,17.8294,76.6889,1542208,792039,,2515,77,1805,,,,0.2341,0.6669,0
IND_0306,Dakshina Kannada,Karnataka,2023,17.8294,76.6889,1578885,818770,760115,1848,120,6443,22,0.1871,1.1704,0.8161,0.7521,0
IND_0307,Davanagere,Karnataka,2019,14.9157,76.3261,1023328,,465981,857,71,3822,16,0.2731,0.8375,0.747,0.6949,0
IND_0307,Davanagere,Karnataka,2020,14.9157,76.3261,1039624,571421,468203,1210,80,4329,,0.2954,1.1639,0.8328,0.6718,0
IND_0307,Davanagere,Karnataka,2021,14.9157,76.3261,1051243,583063,468180,1278,61,1885,14,,1.2157,0.3586,0.6419,0
IND_0307,Davanagere,Karnataka,2022,14.9157,76.3261,1062362,594542,467820,1664,69,4093,9,0.2809,1.5663,0.7705,0.7201,0
IND_0307,Davanagere,Karnataka,2023,14.9157,76.3261,1074544,606732,467812,1986,60,1657,14,0.2859,1.8482,0.3084,0.7209,0
IND_0308,Dharwad,Karnataka,2019,17.2996,78.5986,2282857,1242512,1040345,2714,114,5578,32,0.2131,,0.4887,0.6747,0
IND_0308,Dharwad,Karnataka,2020,17.2996,78.5986,2311296,1269547,1041749,2177,125,6947,30,0.3638,0.9419,0.6011,0.5979,0
IND_0308,Dharwad,Karnataka,2021,17.2996,78.5986,2355754,1305746,1050008,,105,2943,26,0.2969,1.664,0.2499,0.6239,0
IND_0308,Dharwad,Karnataka,2022,17.2996,78.5986,2399298,1341878,1057420,2882,149,5014,36,0.19,1.2012,0.418,0.6951,0
IND_0308,Dharwad,Karnataka,2023,17.2996,78.5986,2434121,1373524,1060597,4264,132,6639,22,0.3188,1.7518,0.5455,0.6862,0
IND_0309,Gadag,Karnataka,2019,15.1048,77.9315,602715,266299,336416,631,43,2233,6,0.2416,1.0469,0.741,0.6624,0
IND_0309,Gadag,Karnataka,2020,15.1048,77.9315,610558,272817,337741,,25,1029,11,0.3104,1.9196,0.3371,0.7516,0
IND_0309,Gadag,Karnataka,2021,15.1048,77.9315,620544,280382,340162,1081,27,1304,,,1.742,0.4203,0.689,0
IND_0309,Gadag,Karnataka,2022,15.1048,77.9315,624778,285419,339359,753,35,1548,10,0.2833,1.2052,0.4955,0.6518,0
IND_0309,Gadag,Karnataka,2023,15.1048,77.9315,636875,294130,342745,808,31,1526,8,0.188,1.2687,0.4792,0.6574,0
IND_0310,Hassan,Karnataka,2019,14.9888,77.8003,521561,238756,282805,675,33,1636,8,0.2708,1.2942,,0.6876,0
IND_0310,Hassan,Karnataka,2020,14.9888,77.8003,528225,244448,283777,914,24,767,5,0.3874,1.7303,,0.5811,0
IND_0310,Hassan,Karnataka,2021,14.9888,77.8003,539324,252281,287043,525,34,1288,9,0.2809,0.9734,0.4776,0.6452,0
IND_0310,Hassan,Karnataka,2022,14.9888,77.8003,549235,259663,289572,497,38,1601,7,0.2115,0.9049,0.583,0.6358,0
IND_0310,Hassan,Karnataka,2023,14.9888,77.8003,553968,264671,289297,882,30,974,5,0.195,1.5921,0.3516,0.6005,0
IND_0311,Haveri,Karnataka,2019,18.1046,74.7132,575339,296672,278667,801,39,1487,9,0.3242,1.3922,0.5169,0.7011,0
IND_0311,Haveri,Karnataka,2020,18.1046,74.7132,582541,303298,279243,639,39,1013,6,0.3903,,0.3478,0.531,0
IND_0311,Haveri,Karnataka,2021,18.1046,74.7132,590797,310550,280247,519,29,954,,0.4035,,0.323,0.5427,0
IND_0311,Haveri,Karnataka,2022,18.1046,74.7132,606427,321798,284629,,29,873,9,0.2295,2.0448,0.2879,0.7577,0
IND_0311,Haveri,Karnataka,2023,18.1046,74.7132,605190,324168,281022,922,40,925,5,0.1998,1.5235,0.3057,0.5996,0
IND_0312,Kalaburagi,Karnataka,2019,12.5665,77.98,473607,219815,,583,22,653,5,0.2989,1.231,0.2758,0.547,0
IND_0312,Kalaburagi,Karnataka,2020,12.5665,77.98,480137,225247,,736,28,1558,4,0.3565,,0.649,0.648,0
IND_0312,Kalaburagi,Karnataka,2021,12.5665,77.98,486497,230663,255834,621,25,669,5,0.3533,1.2765,0.275,0.5248,0
IND_0312,Kalaburagi,Karnataka,2022,12.5665,77.98,494124,236749,257375,989,37,1466,4,0.2968,2.0015,0.5934,0.6995,0
IND_0312,Kalaburagi,Karnataka,2023,12.5665,77.98,500338,242228,258110,687,21,1028,6,0.2315,1.3731,,0.6334,0
IND_0313,Kodagu,Karnataka,2019,16.417,77.4011,406335,210953,195382,750,18,,5,0.2924,1.8458,0.4194,0.7259,0
IND_0313,Kodagu,Karnataka,2020,16.417,77.4011,411928,215916,196012,420,30,1198,3,0.3838,1.0196,0.5817,0.5251,0
IND_0313,Kodagu,Karnataka,2021,16.417,77.4011,417627,220992,196635,699,20,587,5,0.3989,1.6737,0.2811,0.6156,0
IND_0313,Kodagu,Karnataka,2022,16.417,77.4011,422399,225629,196770,503,28,1465,5,0.3142,1.1908,0.6937,0.6611,0
IND_0313,Kodagu,Karnataka,2023,16.417,77.4011,433168,233547,199621,427,34,1041,6,0.321,0.9858,0.4806,0.6155,0
IND_0314,Kolar,Karnataka,2019,14.8884,76.2689,333878,190186,143692,274,23,1122,,0.1862,0.8207,0.6721,0.5769,0
IND_0314,Kolar,Karnataka,2020,14.8884,76.2689,338222,194351,143871,497,25,1092,4,0.2561,1.4694,0.6457,0.7391,0
IND_0314,Kolar,Karnataka,2021,14.8884,76.2689,345563,200297,,620,14,409,,0.2869,1.7942,0.2367,0.5981,0
IND_0314,Kolar,Karnataka,2022,14.8884,76.2689,350359,204829,145530,334,23,903,5,0.305,0.9533,0.5155,0.6728,0
IND_0314,Kolar,Karnataka,2023,14.8884,76.2689,354857,209233,145624,523,21,720,3,0.2561,1.4738,0.4058,0.6424,0
IND_0315,Koppal,Karnataka,2019,16.609,78.0605,551671,302557,249114,511,36,1447,4,0.2723,0.9263,0.5246,0.555,0
IND_0315,Koppal,Karnataka,2020,16.609,78.0605,560549,310228,,,30,1302,8,0.3436,1.4896,0.4645,0.7053,0
IND_0315,Koppal,Karnataka,2021,16.609,78.0605,571392,319086,252306,1056,29,1322,7,0.3195,1.8481,0.4627,0.7395,0
IND_0315,Koppal,Karnataka,2022,16.609,78.0605,575750,324399,251351,573,41,1555,8,0.2436,0.9952,0.5402,0.6571,0
IND_0315,Koppal,Karnataka,2023,16.609,78.0605,581512,,250959,542,42,1253,6,0.2819,0.9321,0.4309,0.5906,0
IND_0316,Mandya,Karnataka,2019,14.3195,78.1383,631555,313844,317711,995,35,1579,9,0.3049,1.5755,0.5,0.6938,0
IND_0316,Mandya,Karnataka,2020,14.3195,78.1383,640974,321730,319244,647,41,978,5,0.2482,1.0094,0.3052,0.5066,0
IND_0316,Mandya,Karnataka,2021,14.3195,78.1383,653089,331076,,632,37,2027,6,0.2745,0.9677,,0.5921,0
IND_0316,Mandya,Karnataka,2022,14.3195,78.1383,665880,340890,324990,848,48,2427,10,0.2182,1.2735,0.729,0.7634,0
IND_0316,Mandya,Karnataka,2023,14.3195,78.1383,672687,347738,324949,961,,2270,8,0.22,1.4286,0.6749,0.7156,0
IND_0317,Mysuru,Karnataka,2019,17.5261,76.4238,1240838,535947,704891,1881,82,3269,24,,1.5159,0.5269,0.7307,0
IND_0317,Mysuru,Karnataka,2020,17.5261,76.4238,1262581,551651,710930,1640,62,3362,24,0.259,1.2989,0.5326,0.7352,0
IND_0317,Mysuru,Karnataka,2021,17.5261,76.4238,1284800,567783,717017,1418,86,2681,20,0.329,1.1037,0.4173,0.6159,0
IND_0317,Mysuru,Karnataka,2022,17.5261,76.4238,1299982,580992,718990,2245,77,,14,0.2823,1.7269,,0.7116,0
IND_0317,Mysuru,Karnataka,2023,17.5261,76.4238,1326905,599659,727246,2261,76,3123,13,0.1951,1.704,0.4707,0.6738,0
IND_0318,Raichur,Karnataka,2019,13.059,74.3575,809432,426853,382579,326,21,480,5,0.4018,0.4028,0.1186,0.3482,1
IND_0318,Raichur,Karnataka,2020,13.059,74.3575,820229,436648,383581,285,31,1498,6,0.4226,0.3475,0.3653,0.3705,1
IND_0318,Raichur,Karnataka,2021,13.059,74.3575,834935,448651,386284,434,37,2096,6,0.55,0.5198,0.5021,0.4031,1
IND_0318,Raichur,Karnataka,2022,13.059,74.3575,841035,456134,384901,,34,890,5,0.3581,0.6872,0.2116,0.4084,1
IND_0318,Raichur,Karnataka,2023,13.059,74.3575,867038,474572,,696,36,1134,5,0.3309,0.8027,0.2616,0.4247,1
IND_0319,Ramanagara,Karnataka,2019,12.0418,77.1769,1481431,709506,771925,1361,73,2238,20,0.2933,0.9187,0.3021,0.5404,0
IND_0319,Ramanagara,Karnataka,2020,12.0418,77.1769,1506855,729216,777639,2854,95,4037,19,0.3365,1.894,0.5358,0.7268,0
IND_0319,Ramanagara,Karnataka,2021,12.0418,77.1769,1527842,747012,780830,2342,80,3605,28,0.3787,1.5329,0.4719,0.7356,0
IND_0319,Ramanagara,Karnataka,2022,12.0418,77.1769,1542454,,780586,1691,113,5798,14,0.2963,1.0963,0.7518,0.6307,0
IND_0319,Ramanagara,Karnataka,2023,12.0418,77.1769,1558392,,780859,,83,,18,0.2439,1.2436,,0.6229,0
IND_0320,Shivamogga,Karnataka,2019,13.2235,77.599,2189503,1082458,,3411,96,3908,18,0.1986,1.5579,0.357,0.6356,0
IND_0320,Shivamogga,Karnataka,2020,13.2235,77.599,2216058,1106667,1109391,3464,152,7132,36,,1.5631,0.6437,0.7407,0
IND_0320,Shivamogga,Karnataka,2021,13.2235,77.599,2244753,1132220,1112533,3133,156,6628,19,0.4213,1.3957,,0.6001,0
IND_0320,Shivamogga,Karnataka,2022,13.2235,77.599,2299439,1171300,1128139,2539,128,2936,41,0.2738,1.1042,0.2554,0.616,0
IND_0320,Shivamogga,Karnataka,2023,13.2235,77.599,2300430,1183307,1117123,4506,178,6513,19,0.1829,1.9588,0.5662,0.7392,0
IND_0321,Tumakuru,Karnataka,2019,13.5508,77.5394,601338,253748,347590,226,26,1058,5,0.3311,0.3758,0.3519,0.401,1
IND_0321,Tumakuru,Karnataka,2020,13.5508,77.5394,611381,261043,350338,536,19,1010,3,0.507,0.8767,,0.3859,1
IND_0321,Tumakuru,Karnataka,2021,13.5508,77.5394,620035,267838,352197,453,23,1061,,0.4386,0.7306,0.3422,0.4271,1
IND_0321,Tumakuru,Karnataka,2022,13.5508,77.5394,625370,273270,352100,297,15,715,5,0.3834,0.4749,0.2287,0.3541,1
IND_0321,Tumakuru,Karnataka,2023,13.5508,77.5394,644793,284981,359812,505,14,710,,0.3202,0.7832,0.2202,0.3882,1
IND_0322,Udupi,Karnataka,2019,16.2764,76.1864,1399647,636727,762920,2590,,3953,14,0.2201,1.8505,0.5649,0.7456,0
IND_0322,Udupi,Karnataka,2020,16.2764,76.1864,1417009,651711,765298,2180,81,3663,12,0.255,1.5385,0.517,0.6519,0
IND_0322,Udupi,Karnataka,2021,16.2764,76.1864,1449014,673676,775338,1877,97,5614,18,0.3424,1.2954,0.7749,0.7185,0
IND_0322,Udupi,Karnataka,2022,16.2764,76.1864,1455855,684135,771720,2230,100,2818,27,0.3172,1.5317,0.3871,0.7099,0
IND_0322,Udupi,Karnataka,2023,16.2764,76.1864,1502039,713348,788691,2171,,4306,22,0.2592,1.4454,0.5734,0.7165,0
IND_0323,Uttara Kannada,Karnataka,2019,15.5631,76.1778,419795,216635,203160,478,18,631,6,0.2094,1.1387,0.3006,0.6128,0
IND_0323,Uttara Kannada,Karnataka,2020,15.5631,76.1778,424939,221414,203525,417,21,923,5,0.3068,0.9813,0.4344,0.5737,0
IND_0323,Uttara Kannada,Karnataka,2021,15.5631,76.1778,430026,,203811,680,19,883,7,0.3317,1.5813,0.4107,0.6978,0
IND_0323,Uttara Kannada,Karnataka,2022,15.5631,76.1778,436849,231988,204861,,25,,5,0.24,1.5429,0.315,0.6644,0
IND_0323,Uttara Kannada,Karnataka,2023,15.5631,76.1778,447181,239711,207470,835,20,571,3,0.2837,1.8673,0.2554,0.6195,0
IND_0324,Vijayapura,Karnataka,2019,12.5102,76.242,274966,153431,121535,421,18,877,,0.2583,1.5311,0.6379,0.6974,0
IND_0324,Vijayapura,Karnataka,2020,12.5102,76.242,279618,157425,122193,444,14,555,4,0.2844,1.5879,0.397,0.7144,0
IND_0324,Vijayapura,Karnataka,2021,12.5102,76.242,283628,,122528,440,20,1000,3,0.3699,1.5513,0.7051,0.719,0
IND_0324,Vijayapura,Karnataka,2022,12.5102,76.242,285078,163349,121729,492,19,734,4,0.2976,1.7258,0.5149,0.7708,0
IND_0324,Vijayapura,Karnataka,2023,12.5102,76.242,294766,170375,124391,454,17,945,2,0.2784,1.5402,0.6412,0.6701,0
IND_0325,Yadgir,Karnataka,2019,12.198,77.0835,293530,140172,153358,402,22,841,5,0.2298,1.3695,0.573,0.7163,0
IND_0325,Yadgir,Karnataka,2020,12.198,77.0835,297718,143661,154057,396,16,488,3,0.365,1.3301,0.3278,0.5733,0
IND_0325,Yadgir,Karnataka,2021,12.198,77.0835,301692,147087,154605,375,13,328,4,0.3821,1.243,0.2174,0.5761,0
IND_0325,Yadgir,Karnataka,2022,12.198,77.0835,305366,150405,154961,311,18,694,4,0.2461,1.0184,0.4545,0.6158,0
IND_0325,Yadgir,Karnataka,2023,12.198,77.0835,310707,154589,156118,337,17,466,,0.288,,0.3,0.6034,0
IND_0326,Ahmedabad,Gujarat,2019,21.4982,71.6803,905567,392220,513347,1266,56,1334,17,0.2027,1.398,0.2946,0.6694,0
IND_0326,Ahmedabad,Gujarat,2020,21.4982,71.6803,916918,401721,515197,1463,,2997,9,0.3707,1.5956,0.6537,0.681,0
IND_0326,Ahmedabad,Gujarat,2021,21.4982,71.6803,935498,414539,520959,1532,50,2154,14,0.2516,1.6376,0.4605,0.7107,0
IND_0326,Ahmedabad,Gujarat,2022,21.4982,71.6803,943969,423012,520957,1336,,2944,14,0.3133,,0.6237,0.6782,0
IND_0326,Ahmedabad,Gujarat,2023,21.4982,71.6803,954292,432410,521882,1504,68,2131,11,0.2196,1.576,0.4466,0.6752,0
IND_0327,Amreli,Gujarat,2019,21.6233,72.9374,874282,443120,431162,1155,36,,14,0.3021,1.3211,0.4367,0.7052,0
IND_0327,Amreli,Gujarat,2020,21.6233,72.9374,885926,453452,432474,702,60,3035,10,0.2672,0.7924,0.6852,0.6192,0
IND_0327,Amreli,Gujarat,2021,21.6233,72.9374,903904,467173,436731,908,41,1580,15,0.3809,1.0045,0.3496,0.5859,0
IND_0327,Amreli,Gujarat,2022,21.6233,72.9374,909273,474494,,1619,,2284,11,0.3257,1.7805,0.5024,0.7067,0
IND_0327,Amreli,Gujarat,2023,21.6233,72.9374,933391,491747,,1702,59,2835,15,0.2006,1.8235,0.6075,0.8349,0
IND_0328,Anand,Gujarat,2019,21.0396,69.1538,996863,534441,462422,1707,71,4199,8,0.3047,1.7124,0.8424,0.7401,0
IND_0328,Anand,Gujarat,2020,21.0396,69.1538,1009066,,463038,,79,2785,12,,0.9276,0.552,0.608,0
IND_0328,Anand,Gujarat,2021,21.0396,69.1538,1021995,558135,463860,,72,3463,,0.3365,1.2417,,0.6738,0
IND_0328,Anand,Gujarat,2022,21.0396,69.1538,1039486,572884,466602,1947,81,1908,8,0.3043,1.873,0.3671,0.6337,0
IND_0328,Anand,Gujarat,2023,21.0396,69.1538,1049596,583704,465892,1073,50,2210,10,0.3233,1.0223,0.4211,0.5589,0
IND_0329,Aravalli,Gujarat,2019,24.2326,69.9589,207475,,117288,239,9,518,4,0.3279,1.1519,0.4993,0.653,0
IND_0329,Aravalli,Gujarat,2020,24.2326,69.9589,211125,92829,118296,280,15,609,3,0.3575,1.3262,0.5769,0.6659,0
IND_0329,Aravalli,Gujarat,2021,24.2326,69.9589,214194,95249,118945,284,15,785,2,0.3628,1.3259,0.733,0.6364,0
IND_0329,Aravalli,Gujarat,2022,24.2326,69.9589,218418,98220,120198,277,10,,2,0.2846,1.2682,0.2518,0.5404,0
IND_0329,Aravalli,Gujarat,2023,24.2326,69.9589,222383,101115,,334,9,309,3,0.3217,1.5019,0.2779,0.5978,0
IND_0330,Banaskantha,Gujarat,2019,22.1281,68.341,209407,112857,96550,355,12,504,1,0.2436,1.6953,0.4814,0.6446,0
IND_0330,Banaskantha,Gujarat,2020,22.1281,68.341,212789,115743,97046,189,,639,2,0.3749,0.8882,0.6006,0.5826,0
IND_0330,Banaskantha,Gujarat,2021,22.1281,68.341,214642,117824,96818,256,13,559,2,0.3559,1.1927,0.5209,0.5868,0
IND_0330,Banaskantha,Gujarat,2022,22.1281,68.341,219466,121570,,393,13,534,3,0.2036,1.7907,0.4866,0.7764,0
IND_0330,Banaskantha,Gujarat,2023,22.1281,68.341,222333,124270,98063,253,15,627,2,0.2403,,0.564,0.6382,0
IND_0331,Bharuch,Gujarat,2019,22.8536,69.0934,870834,441754,429080,1388,41,1875,14,0.2308,1.5939,0.4306,0.7675,0
IND_0331,Bharuch,Gujarat,2020,22.8536,69.0934,882341,452003,,935,55,3091,7,0.2956,1.0597,0.7006,0.6033,0
IND_0331,Bharuch,Gujarat,2021,22.8536,69.0934,892456,461647,430809,1466,50,2442,13,0.3601,1.6427,0.5473,0.7428,0
IND_0331,Bharuch,Gujarat,2022,22.8536,69.0934,908473,474475,433998,1657,59,3332,11,0.2501,1.8239,0.7335,0.8059,0
IND_0331,Bharuch,Gujarat,2023,22.8536,69.0934,932279,491570,440709,1706,40,1780,8,0.2184,1.8299,0.3819,0.6854,0
IND_0332,Bhavnagar,Gujarat,2019,21.5295,71.789,1050757,436806,613951,1645,62,1596,16,0.2199,1.5655,0.3038,0.6799,0
IND_0332,Bhavnagar,Gujarat,2020,21.5295,71.789,1068297,,618858,,63,3056,17,0.351,1.0119,,0.6398,0
IND_0332,Bhavnagar,Gujarat,2021,21.5295,71.789,1076402,458231,618171,1848,84,4015,22,0.3344,1.7168,0.746,0.8066,0
IND_0332,Bhavnagar,Gujarat,2022,21.5295,71.789,1108330,477364,630966,1337,81,2532,15,0.3011,1.2063,0.4569,0.6107,0
IND_0332,Bhavnagar,Gujarat,2023,21.5295,71.789,1103589,480840,,1697,55,3263,11,0.2696,1.5377,0.5913,0.6604,0
IND_0333,Botad,Gujarat,2019,20.429,71.4892,80000,35767,44233,76,3,98,1,0.2771,,0.245,0.5472,0
IND_0333,Botad,Gujarat,2020,20.429,71.4892,81130,36678,44452,109,5,239,1,0.3026,1.3435,,0.6462,0
IND_0333,Botad,Gujarat,2021,20.429,71.4892,81967,37466,44501,73,5,118,1,0.3726,0.8906,0.2879,0.4809,0
IND_0333,Botad,Gujarat,2022,20.429,71.4892,83955,38795,45160,,5,219,1,0.3136,1.1911,0.5217,0.6081,0
IND_0333,Botad,Gujarat,2023,20.429,71.4892,85006,39706,45300,97,6,228,1,0.284,1.1411,0.5364,0.6183,0
IND_0334,Chhota Udaipur,Gujarat,2019,23.1662,70.087,370048,197340,172708,300,28,1503,,0.2417,0.8107,0.8123,0.6643,0
IND_0334,Chhota Udaipur,Gujarat,2020,23.1662,70.087,376427,202624,173803,418,20,502,5,,1.1104,0.2667,0.5717,0
IND_0334,Chhota Udaipur,Gujarat,2021,23.1662,70.087,380721,206839,173882,672,28,1527,4,0.3097,1.7651,0.8022,0.7793,0
IND_0334,Chhota Udaipur,Gujarat,2022,23.1662,70.087,386108,211697,174411,498,,674,3,0.2525,1.2898,0.3491,0.5775,0
IND_0334,Chhota Udaipur,Gujarat,2023,23.1662,70.087,388564,214986,173578,712,17,439,5,0.3398,1.8324,0.226,0.6865,0
IND_0335,Dahod,Gujarat,2019,21.6386,70.5786,782584,400112,382472,1202,54,2295,10,0.31,1.5359,,0.6984,0
IND_0335,Dahod,Gujarat,2020,21.6386,70.5786,795855,410876,384979,1050,58,2977,12,0.2806,1.3193,0.7481,0.7673,0
IND_0335,Dahod,Gujarat,2021,21.6386,70.5786,804171,419190,384981,644,44,1924,,0.2852,0.8008,0.4785,0.57,0
IND_0335,Dahod,Gujarat,2022,21.6386,70.5786,819699,431383,388316,1584,63,1770,12,0.3139,1.9324,,0.7625,0
IND_0335,Dahod,Gujarat,2023,21.6386,70.5786,835094,443660,391434,1570,47,2672,7,0.2566,1.88,0.6399,0.7349,0
IND_0336,Dang,Gujarat,2019,20.856,71.3683,253467,106620,146847,416,,1003,3,0.2688,1.6412,0.7914,0.7372,0
IND_0336,Dang,Gujarat,2020,20.856,71.3683,257342,109537,147805,422,11,446,5,0.2929,1.6398,0.3466,0.6953,0
IND_0336,Dang,Gujarat,2021,20.856,71.3683,259885,111918,147967,467,14,,2,0.2683,1.7969,0.3294,0.6318,0
IND_0336,Dang,Gujarat,2022,20.856,71.3683,265820,115803,150017,269,12,490,4,0.2799,1.012,0.3687,0.5813,0
IND_0336,Dang,Gujarat,2023,20.856,71.3683,268770,118432,,259,,344,3,0.3,0.9636,0.256,0.4898,0
IND_0337,Devbhoomi Dwarka,Gujarat,2019,22.2671,74.4783,839789,379609,460180,724,39,1501,16,0.2402,0.8621,,0.6115,0
IND_0337,Devbhoomi Dwarka,Gujarat,2020,22.2671,74.4783,851706,389255,462451,712,66,3283,9,0.2952,0.836,0.7709,0.6005,0
IND_0337,Devbhoomi Dwarka,Gujarat,2021,22.2671,74.4783,862279,398398,463881,853,55,2252,12,,0.9892,0.5223,0.5982,0
IND_0337,Devbhoomi Dwarka,Gujarat,2022,22.2671,74.4783,883447,412596,470851,1587,64,1776,,0.2473,1.7964,,0.6627,0
IND_0337,Devbhoomi Dwarka,Gujarat,2023,22.2671,74.4783,883628,,466530,1208,66,1534,11,,1.3671,0.3472,0.5761,0
IND_0338,Gandhinagar,Gujarat,2019,23.9738,69.8367,1484509,668965,815544,2395,105,3735,,0.2724,1.6133,0.5032,0.7533,0
IND_0338,Gandhinagar,Gujarat,2020,23.9738,69.8367,1503974,685256,818718,2220,86,,14,0.3708,1.4761,0.5137,0.5901,0
IND_0338,Gandhinagar,Gujarat,2021,23.9738,69.8367,1535573,707332,828241,2558,88,2268,,0.3323,1.6658,0.2954,0.6348,0
IND_0338,Gandhinagar,Gujarat,2022,23.9738,69.8367,1559040,725937,833103,1625,108,3376,21,,1.0423,0.4331,0.626,0
IND_0338,Gandhinagar,Gujarat,2023,23.9738,69.8367,1572522,740077,,1706,122,,24,0.2348,1.0849,0.504,0.6747,0
IND_0339,Gir Somnath,Gujarat,2019,24.1829,70.0175,274267,126186,148081,293,18,475,3,0.2304,1.0683,0.3464,0.5466,0
IND_0339,Gir Somnath,Gujarat,2020,24.1829,70.0175,278099,129339,148760,323,14,519,3,,,0.3732,0.5247,0
IND_0339,Gir Somnath,Gujarat,2021,24.1829,70.0175,283857,133437,150420,379,20,940,3,0.3493,1.3352,,0.6675,0
IND_0339,Gir Somnath,Gujarat,2022,24.1829,70.0175,287089,136391,150698,262,19,855,5,0.2081,0.9126,0.5956,0.7145,0
IND_0339,Gir Somnath,Gujarat,2023,24.1829,70.0175,289645,139054,150591,522,14,675,3,0.2942,1.8022,0.4661,0.6821,0
IND_0340,Jamnagar,Gujarat,2019,20.8144,71.235,552372,254922,297450,575,21,706,3,0.3934,1.041,0.2556,0.3946,1
IND_0340,Jamnagar,Gujarat,2020,20.8144,71.235,560281,261374,298907,550,19,519,5,0.4907,0.9817,0.1853,0.4405,1
IND_0340,Jamnagar,Gujarat,2021,20.8144,71.235,566380,,,,17,424,4,0.5479,0.5897,0.1497,0.2977,1
IND_0340,Jamnagar,Gujarat,2022,20.8144,71.235,576274,274598,,532,23,927,3,0.3564,0.9232,0.3217,0.4408,1
IND_0340,Jamnagar,Gujarat,2023,20.8144,71.235,587041,282663,304378,349,17,615,3,0.2956,0.5945,0.2095,0.3846,1
IND_0341,Junagadh,Gujarat,2019,24.1378,73.0061,353664,170371,183293,378,23,1029,5,0.2425,1.0688,0.5819,0.6497,0
IND_0341,Junagadh,Gujarat,2020,24.1378,73.0061,359807,175130,184677,463,19,724,3,,1.2868,0.4024,0.5978,0
IND_0341,Junagadh,Gujarat,2021,24.1378,73.0061,365909,179929,185980,506,27,1410,4,0.3734,1.3829,0.7707,0.6943,0
IND_0341,Junagadh,Gujarat,2022,24.1378,73.0061,366813,182208,184605,,17,,5,0.2857,1.1941,0.3315,0.5908,0
IND_0341,Junagadh,Gujarat,2023,24.1378,73.0061,374257,187777,,470,16,450,6,0.2372,1.2558,0.2405,0.629,0
IND_0342,Kheda,Gujarat,2019,23.0171,73.2691,475766,282554,193212,,21,597,6,0.3072,1.4629,0.251,0.633,0
IND_0342,Kheda,Gujarat,2020,23.0171,73.2691,481946,288634,193312,689,34,,5,0.3466,1.4296,0.3764,0.6175,0
IND_0342,Kheda,Gujarat,2021,23.0171,73.2691,492601,297478,195123,,30,1212,4,0.3994,1.1531,0.4921,0.5792,0
IND_0342,Kheda,Gujarat,2022,23.0171,73.2691,500250,304598,,552,22,574,4,0.2007,1.1034,0.2295,0.5235,0
IND_0342,Kheda,Gujarat,2023,23.0171,73.2691,501626,307944,193682,896,,867,5,0.2747,,0.3457,0.7061,0
IND_0343,Kutch,Gujarat,2019,20.1143,69.8706,1108752,554330,554422,664,55,2276,9,0.3051,0.5989,0.4106,0.4415,1
IND_0343,Kutch,Gujarat,2020,20.1143,69.8706,1125639,568401,557238,425,46,2648,8,0.4861,0.3776,0.4705,0.3757,1
IND_0343,Kutch,Gujarat,2021,20.1143,69.8706,1138152,580411,557741,763,38,1143,7,0.4148,0.6704,0.2009,0.3935,1
IND_0343,Kutch,Gujarat,2022,20.1143,69.8706,1155352,594959,560393,454,29,1603,9,0.3103,0.393,0.2775,0.3796,1
IND_0343,Kutch,Gujarat,2023,20.1143,69.8706,1189277,618375,570902,600,38,1726,8,0.2968,0.5045,0.2903,0.4341,1
IND_0344,Mahisagar,Gujarat,2019,22.2024,68.8312,398110,185239,212871,558,28,1144,7,0.2385,1.4016,0.5747,0.7756,0
IND_0344,Mahisagar,Gujarat,2020,22.2024,68.8312,404627,190295,214332,680,27,911,7,0.3832,1.6806,0.4503,0.7327,0
IND_0344,Mahisagar,Gujarat,2021,22.2024,68.8312,408137,193986,214151,459,27,1104,4,0.2952,1.1246,0.541,0.6065,0
IND_0344,Mahisagar,Gujarat,2022,22.2024,68.8312,418211,200865,217346,751,24,954,6,0.3123,1.7957,0.4562,0.7191,0
IND_0344,Mahisagar,Gujarat,2023,22.2024,68.8312,423336,205444,217892,525,21,720,5,,1.2401,0.3402,0.6164,0
IND_0345,Mehsana,Gujarat,2019,23.3676,70.6575,272879,97943,174936,468,13,399,,0.2804,1.715,0.2924,0.6244,0
IND_0345,Mehsana,Gujarat,2020,23.3676,70.6575,277504,100991,176513,238,15,368,3,0.3188,0.8576,,0.4949,0
IND_0345,Mehsana,Gujarat,2021,23.3676,70.6575,279784,103219,176565,347,20,556,3,0.3052,1.2402,0.3974,0.5647,0
IND_0345,Mehsana,Gujarat,2022,23.3676,70.6575,285902,,178996,361,16,801,5,0.208,1.2627,0.5603,0.6863,0
IND_0345,Mehsana,Gujarat,2023,23.3676,70.6575,290657,110137,180520,537,22,982,3,0.3082,1.8475,0.6757,0.7456,0
IND_0346,Morbi,Gujarat,2019,24.0811,71.2095,527947,245267,282680,496,33,1335,5,0.2981,0.9395,0.5057,0.543,0
IND_0346,Morbi,Gujarat,2020,24.0811,71.2095,536994,252155,284839,853,40,1929,10,0.2834,1.5885,0.7184,0.7895,0
IND_0346,Morbi,Gujarat,2021,24.0811,71.2095,542156,257290,284866,933,32,1403,9,0.3987,,0.5176,0.75,0
IND_0346,Morbi,Gujarat,2022,24.0811,71.2095,549467,263507,285960,633,35,1623,6,0.3256,1.152,0.5908,0.5963,0
IND_0346,Morbi,Gujarat,2023,24.0811,71.2095,557225,270013,287212,577,28,1277,,0.2839,1.0355,0.4583,0.6249,0
IND_0347,Narmada,Gujarat,2019,23.5883,70.8818,620651,210593,410058,1011,47,1764,,0.3354,1.6289,0.5684,0.6992,0
IND_0347,Narmada,Gujarat,2020,23.5883,70.8818,628339,216344,411995,1042,30,,,0.3018,,0.4504,0.6896,0
IND_0347,Narmada,Gujarat,2021,23.5883,70.8818,640422,223706,416716,646,31,1503,,,1.0087,0.4694,0.6092,0
IND_0347,Narmada,Gujarat,2022,23.5883,70.8818,653781,231642,,,43,,14,0.2976,,0.7666,0.7076,0
IND_0347,Narmada,Gujarat,2023,23.5883,70.8818,659077,236813,422264,,33,909,13,0.2716,1.8905,,0.7115,0
IND_0348,Navsari,Gujarat,2019,20.1681,68.3847,687783,320330,367453,777,33,1607,11,0.2146,1.1297,0.4673,0.6432,0
IND_0348,Navsari,Gujarat,2020,20.1681,68.3847,696214,327738,368476,1255,30,1610,8,0.3079,1.8026,0.4625,0.6921,0
IND_0348,Navsari,Gujarat,2021,20.1681,68.3847,708592,337108,371484,1259,52,1378,7,0.2547,1.7768,0.3889,0.6523,0
IND_0348,Navsari,Gujarat,2022,20.1681,68.3847,725545,348801,376744,912,53,1380,,0.2599,1.257,0.3804,0.6757,0
IND_0348,Navsari,Gujarat,2023,20.1681,68.3847,735185,357111,378074,981,34,939,7,0.2676,1.3344,0.2554,0.5562,0
IND_0349,Panchmahal,Gujarat,2019,21.3236,73.0353,656763,292830,363933,1059,42,2377,11,0.2533,1.6125,0.7239,0.8039,0
IND_0349,Panchmahal,Gujarat,2020,21.3236,73.0353,667214,300826,366388,679,51,1646,10,0.3521,1.0177,0.4934,0.5987,0
IND_0349,Panchmahal,Gujarat,2021,21.3236,73.0353,675392,307890,367502,908,47,1948,9,0.3099,1.3444,0.5769,0.6888,0
IND_0349,Panchmahal,Gujarat,2022,21.3236,73.0353,682431,314511,367920,761,48,,6,0.2271,1.1151,0.7758,0.6447,0
IND_0349,Panchmahal,Gujarat,2023,21.3236,73.0353,696187,,371855,671,,2036,8,0.2172,0.9638,0.5849,0.629,0
IND_0350,Patan,Gujarat,2019,22.6147,73.9881,881405,518420,362985,1443,54,,10,0.2632,1.6372,0.6204,0.7491,0
IND_0350,Patan,Gujarat,2020,22.6147,73.9881,892200,529231,362969,856,43,2207,9,0.3548,0.9594,,0.5891,0
IND_0350,Patan,Gujarat,2021,22.6147,73.9881,909026,543757,365269,1483,40,,,0.3983,1.6314,0.5201,0.6223,0
IND_0350,Patan,Gujarat,2022,22.6147,73.9881,929116,560419,368697,1053,53,1577,8,0.3248,1.1333,0.3395,0.5621,0
IND_0350,Patan,Gujarat,2023,22.6147,73.9881,937686,570277,367409,1173,60,1554,11,0.2969,1.251,0.3315,0.6348,0
IND_0351,Porbandar,Gujarat,2019,21.3518,68.8358,281325,126923,154402,389,16,491,5,0.1986,1.3827,,0.7089,0
IND_0351,Porbandar,Gujarat,2020,21.3518,68.8358,285269,130129,,370,20,919,4,0.2997,1.297,0.6443,0.6783,0
IND_0351,Porbandar,Gujarat,2021,21.3518,68.8358,289418,133469,155949,384,15,525,3,0.3223,1.3268,0.3628,0.5461,0
IND_0351,Porbandar,Gujarat,2022,21.3518,68.8358,293384,136765,156619,289,,601,3,0.2873,0.9851,0.4097,0.5479,0
IND_0351,Porbandar,Gujarat,2023,21.3518,68.8358,299100,140925,,373,20,1027,5,0.2169,1.2471,0.6867,0.7474,0
IND_0352,Rajkot,Gujarat,2019,23.8091,72.7035,207995,99915,108080,368,,344,2,0.2451,1.7693,0.3308,0.6414,0
IND_0352,Rajkot,Gujarat,2020,23.8091,72.7035,211505,102658,108847,243,12,650,3,0.3826,1.1489,0.6146,0.6438,0
IND_0352,Rajkot,Gujarat,2021,23.8091,72.7035,213878,104880,108998,302,14,516,,0.3219,1.412,0.4825,0.6123,0
IND_0352,Rajkot,Gujarat,2022,23.8091,72.7035,216547,107271,,200,,272,3,0.2151,0.9236,0.2512,0.567,0
IND_0352,Rajkot,Gujarat,2023,23.8091,72.7035,220230,110197,110033,265,9,480,3,,1.2033,0.4359,0.6546,0
IND_0353,Sabarkantha,Gujarat,2019,21.1038,72.0545,470841,228279,,691,24,879,8,,1.4676,0.3734,0.681,0
IND_0353,Sabarkantha,Gujarat,2020,21.1038,72.0545,478778,,244257,,25,662,7,0.3444,0.8313,0.2765,0.5164,0
IND_0353,Sabarkantha,Gujarat,2021,21.1038,72.0545,484161,,244582,776,38,2108,8,0.3493,1.6028,0.8708,0.8073,0
IND_0353,Sabarkantha,Gujarat,2022,21.1038,72.0545,496485,248159,248326,496,26,1041,7,0.3452,0.999,0.4193,0.5952,0
IND_0353,Sabarkantha,Gujarat,2023,21.1038,72.0545,502709,253784,248925,652,31,,4,,,0.7312,0.6351,0
IND_0354,Surat,Gujarat,2019,24.5782,73.5924,884586,401709,482877,,40,1752,,0.2263,1.1384,0.3961,0.5657,0
IND_0354,Surat,Gujarat,2020,24.5782,73.5924,895899,411326,484573,743,55,2952,15,,0.8293,0.659,0.656,0
IND_0354,Surat,Gujarat,2021,24.5782,73.5924,906387,420673,485714,1470,65,1477,9,,1.6218,0.3259,0.5742,0
IND_0354,Surat,Gujarat,2022,24.5782,73.5924,931385,436932,494453,1635,73,4022,10,0.263,1.7555,0.8637,0.8159,0
IND_0354,Surat,Gujarat,2023,24.5782,73.5924,947836,449389,498447,1837,,1236,15,0.231,1.9381,0.2608,0.7651,0
IND_0355,Surendranagar,Gujarat,2019,22.1361,70.4616,2515397,1167270,1348127,4260,193,10698,25,0.2337,1.6936,0.8506,0.7519,0
IND_0355,Surendranagar,Gujarat,2020,22.1361,70.4616,2545609,1194018,1351591,4451,172,5969,30,,1.7485,0.469,0.6392,0
IND_0355,Surendranagar,Gujarat,2021,22.1361,70.4616,2603439,1234160,1369279,3735,146,7279,42,0.3323,1.4346,0.5592,0.709,0
IND_0355,Surendranagar,Gujarat,2022,22.1361,70.4616,2632906,1261294,1371612,2602,172,6338,29,,0.9883,0.4814,0.5939,0
IND_0355,Surendranagar,Gujarat,2023,22.1361,70.4616,2639114,1277463,1361651,3363,188,5250,24,0.1977,1.2743,0.3979,0.5961,0
IND_0356,Tapi,Gujarat,2019,23.7947,69.8811,653453,347240,306213,932,29,1398,9,0.2362,1.4263,0.4279,0.678,0
IND_0356,Tapi,Gujarat,2020,23.7947,69.8811,663970,356149,307821,647,47,,5,0.3744,0.9744,0.7904,0.5918,0
IND_0356,Tapi,Gujarat,2021,23.7947,69.8811,676828,366430,310398,741,33,1349,8,0.327,1.0948,0.3986,0.6011,0
IND_0356,Tapi,Gujarat,2022,23.7947,69.8811,687204,375484,311720,588,38,1394,11,0.3045,0.8556,0.4057,0.6278,0
IND_0356,Tapi,Gujarat,2023,23.7947,69.8811,696169,383863,312306,,51,1685,,0.2807,1.9622,0.4841,0.706,0
IND_0357,Vadodara,Gujarat,2019,22.6768,74.214,824076,395404,428672,1053,46,,14,0.2539,1.2778,0.3182,0.6541,0
IND_0357,Vadodara,Gujarat,2020,22.6768,74.214,837297,405934,431363,699,62,1657,11,0.3725,0.8348,0.3958,0.513,0
IND_0357,Vadodara,Gujarat,2021,22.6768,74.214,849497,416096,433401,954,46,2460,12,0.426,1.123,0.5792,0.6343,0
IND_0357,Vadodara,Gujarat,2022,22.6768,74.214,862490,426773,435717,1242,63,2729,14,,,0.6328,0.758,0
IND_0357,Vadodara,Gujarat,2023,22.6768,74.214,876503,438089,438414,1248,50,1452,15,0.2142,1.4238,0.3313,0.6968,0
IND_0358,Valsad,Gujarat,2019,24.5376,68.9529,243978,101942,142036,349,16,447,3,0.2477,1.4305,0.3664,0.6135,0
IND_0358,Valsad,Gujarat,2020,24.5376,68.9529,247066,104467,142599,450,19,709,,0.3987,1.8214,0.5739,0.6934,0
IND_0358,Valsad,Gujarat,2021,24.5376,68.9529,251997,107812,144185,281,15,489,4,0.3914,1.1151,0.3881,0.5763,0
IND_0358,Valsad,Gujarat,2022,24.5376,68.9529,254330,110082,144248,452,16,467,2,0.2597,1.7772,0.3672,0.6411,0
IND_0358,Valsad,Gujarat,2023,24.5376,68.9529,257266,112639,144627,363,15,622,3,0.343,1.411,0.4835,0.6265,0
IND_0359,Alluri Sitharama Raju,Andhra Pradesh,2019,12.7313,79.423,456541,141259,315282,502,20,,7,0.2648,,0.2742,0.5559,0
IND_0359,Alluri Sitharama Raju,Andhra Pradesh,2020,12.7313,79.423,464755,,318631,,29,1271,9,0.3035,1.2652,0.547,0.6695,0
IND_0359,Alluri Sitharama Raju,Andhra Pradesh,2021,12.7313,79.423,468983,149799,319184,537,28,1190,10,0.3817,1.145,0.5075,0.6445,0
IND_0359,Alluri Sitharama Raju,Andhra Pradesh,2022,12.7313,79.423,479390,155520,323870,706,23,914,7,0.352,1.4727,0.3813,0.6556,0
IND_0359,Alluri Sitharama Raju,Andhra Pradesh,2023,12.7313,79.423,479546,157968,321578,652,24,658,9,0.3793,1.3596,,0.6189,0
IND_0360,Anakapalli,Andhra Pradesh,2019,14.4025,78.1777,145607,66256,79351,125,6,,1,0.3861,0.8585,0.4258,0.4471,0
IND_0360,Anakapalli,Andhra Pradesh,2020,14.4025,78.1777,147470,67842,79628,,7,176,1,0.3705,,0.2387,0.4044,0
IND_0360,Anakapalli,Andhra Pradesh,2021,14.4025,78.1777,150638,70052,80586,208,8,222,2,0.3457,1.3808,0.2947,0.6172,0
IND_0360,Anakapalli,Andhra Pradesh,2022,14.4025,78.1777,151173,71057,80116,184,9,389,2,0.2832,1.2171,0.5146,0.6425,0
IND_0360,Anakapalli,Andhra Pradesh,2023,14.4025,78.1777,154454,73371,81083,233,10,513,1,0.3117,1.5085,0.6643,0.6397,0
IND_0361,Anantapur,Andhra Pradesh,2019,19.75,80.1872,404175,126836,277339,553,22,506,5,0.3525,1.3682,0.2504,0.5544,0
IND_0361,Anantapur,Andhra Pradesh,2020,19.75,80.1872,410116,130751,279365,318,16,676,5,0.4307,0.7754,0.3297,0.4291,0
IND_0361,Anantapur,Andhra Pradesh,2021,19.75,80.1872,417616,135230,282386,301,15,322,7,,0.7208,0.1542,0.47,0
IND_0361,Anantapur,Andhra Pradesh,2022,19.75,80.1872,424685,139643,285042,525,20,1009,9,,1.2362,0.4752,0.6863,0
IND_0361,Anantapur,Andhra Pradesh,2023,19.75,80.1872,430422,143681,286741,419,25,678,5,0.3321,,0.315,0.4821,0
IND_0362,Annamayya,Andhra Pradesh,2019,13.1485,77.7188,1194594,430974,763620,1384,60,1581,18,0.3592,1.1586,0.2647,0.5184,0
IND_0362,Annamayya,Andhra Pradesh,2020,13.1485,77.7188,1213899,444008,769891,1207,,1163,19,0.4251,0.9943,0.1916,0.4886,0
IND_0362,Annamayya,Andhra Pradesh,2021,13.1485,77.7188,1223911,453790,770121,1224,53,2517,22,0.4414,1.0001,,0.5507,0
IND_0362,Annamayya,Andhra Pradesh,2022,13.1485,77.7188,1247724,468857,778867,1328,52,1128,14,0.2818,1.0643,0.1808,0.4701,0
IND_0362,Annamayya,Andhra Pradesh,2023,13.1485,77.7188,1257787,478928,778859,983,66,2427,24,0.2711,,,0.5677,0
IND_0363,Bapatla,Andhra Pradesh,2019,13.2115,82.392,225115,84697,140418,169,,543,,0.3585,0.7507,0.4824,0.4772,0
IND_0363,Bapatla,Andhra Pradesh,2020,13.2115,82.392,227915,86890,141025,295,8,345,4,0.3288,1.2943,0.3027,0.6206,0
IND_0363,Bapatla,Andhra Pradesh,2021,13.2115,82.392,232785,89910,142875,201,12,250,5,0.4391,0.8635,,0.5222,0
IND_0363,Bapatla,Andhra Pradesh,2022,13.2115,82.392,234899,91901,142998,,10,367,5,0.3813,0.8131,,0.5559,0
IND_0363,Bapatla,Andhra Pradesh,2023,13.2115,82.392,237423,94076,143347,275,16,643,3,0.3625,1.1583,0.5416,0.5943,0
IND_0364,Chittoor,Andhra Pradesh,2019,13.7684,83.4121,562364,216063,346301,550,,1187,7,0.3538,0.978,0.4221,0.5387,0
IND_0364,Chittoor,Andhra Pradesh,2020,13.7684,83.4121,571026,222246,348780,617,29,579,7,0.4638,1.0805,0.2028,0.4812,0
IND_0364,Chittoor,Andhra Pradesh,2021,13.7684,83.4121,576237,227156,349081,572,22,846,11,0.4686,0.9926,0.2936,0.5455,0
IND_0364,Chittoor,Andhra Pradesh,2022,13.7684,83.4121,585032,233548,351484,778,38,1452,,0.3178,1.3298,0.4964,0.6709,0
IND_0364,Chittoor,Andhra Pradesh,2023,13.7684,83.4121,603950,244120,359830,490,32,1610,10,0.2795,0.8113,0.5332,0.5975,0
IND_0365,East Godavari,Andhra Pradesh,2019,19.894,77.5546,367600,120474,247126,494,20,726,5,0.3646,1.3439,0.395,0.5627,0
IND_0365,East Godavari,Andhra Pradesh,2020,19.894,77.5546,372820,124049,248771,463,16,367,9,0.308,,0.1969,0.6153,0
IND_0365,East Godavari,Andhra Pradesh,2021,19.894,77.5546,380186,128401,251785,604,24,716,5,0.3451,1.5887,0.3767,0.619,0
IND_0365,East Godavari,Andhra Pradesh,2022,19.894,77.5546,384941,131931,253010,551,24,621,4,0.2648,1.4314,0.3226,0.5765,0
IND_0365,East Godavari,Andhra Pradesh,2023,19.894,77.5546,388384,135053,253331,397,24,943,5,0.2708,1.0222,,0.5451,0
IND_0366,Eluru,Andhra Pradesh,2019,19.1638,84.1884,1046300,361558,684742,1510,46,1242,13,0.3736,1.4432,0.2374,0.5601,0
IND_0366,Eluru,Andhra Pradesh,2020,19.1638,84.1884,1064172,373054,691118,1444,70,2570,20,0.3128,1.3569,0.483,0.6713,0
IND_0366,Eluru,Andhra Pradesh,2021,19.1638,84.1884,1076055,382600,693455,,59,1871,22,0.3962,1.6235,0.3478,0.6882,0
IND_0366,Eluru,Andhra Pradesh,2022,19.1638,84.1884,1084757,391118,693639,1308,54,1230,13,,1.2058,0.2268,0.5355,0
IND_0366,Eluru,Andhra Pradesh,2023,19.1638,84.1884,1097814,401315,696499,1039,68,1854,20,0.252,0.9464,0.3378,0.5858,0
IND_0367,Guntur,Andhra Pradesh,2019,13.7941,77.3577,467875,199844,268031,611,26,1316,9,0.2804,1.3059,0.5625,0.7121,0
IND_0367,Guntur,Andhra Pradesh,2020,13.7941,77.3577,473953,204810,269143,709,29,1378,8,0.3801,1.4959,0.5815,0.7225,0
IND_0367,Guntur,Andhra Pradesh,2021,13.7941,77.3577,484596,211832,272764,671,,853,9,0.4324,1.3847,0.352,0.6379,0
IND_0367,Guntur,Andhra Pradesh,2022,13.7941,77.3577,487673,,272057,551,21,489,5,0.3242,,0.2005,0.5095,0
IND_0367,Guntur,Andhra Pradesh,2023,13.7941,77.3577,497730,222551,275179,,24,991,9,0.3786,1.543,0.3982,0.6959,0
IND_0368,Kakinada,Andhra Pradesh,2019,17.4535,80.4348,798080,239735,558345,935,38,1650,17,0.3813,1.1716,0.4135,0.6338,0
IND_0368,Kakinada,Andhra Pradesh,2020,17.4535,80.4348,811344,247776,563568,1137,51,2376,17,0.3785,1.4014,0.5857,0.7081,0
IND_0368,Kakinada,Andhra Pradesh,2021,17.4535,80.4348,817370,253703,563667,1315,47,1832,18,0.4831,1.6088,0.4483,0.691,0
IND_0368,Kakinada,Andhra Pradesh,2022,17.4535,80.4348,827206,260892,566314,1175,40,847,19,0.2452,1.4204,0.2048,0.6532,0
IND_0368,Kakinada,Andhra Pradesh,2023,17.4535,80.4348,845578,270915,574663,841,31,1053,16,0.3406,,0.2491,0.5539,0
IND_0369,Krishna,Andhra Pradesh,2019,18.6223,80.8562,972284,360841,611443,305,22,1113,9,0.3607,0.3137,0.2289,0.3176,1
IND_0369,Krishna,Andhra Pradesh,2020,18.6223,80.8562,989212,372069,617143,453,33,646,8,0.4517,0.4579,0.1306,0.3048,1
IND_0369,Krishna,Andhra Pradesh,2021,18.6223,80.8562,997433,380149,617284,613,29,635,9,0.5726,0.6146,0.1273,0.3276,1
IND_0369,Krishna,Andhra Pradesh,2022,18.6223,80.8562,1019213,393546,625667,323,30,1380,11,0.4315,0.3169,0.2708,0.3698,1
IND_0369,Krishna,Andhra Pradesh,2023,18.6223,80.8562,1031469,403436,628033,456,44,2240,9,0.3594,0.4421,0.4343,0.4087,1
IND_0370,Kurnool,Andhra Pradesh,2019,15.1006,77.2112,223692,101637,122055,299,10,398,3,,1.3367,,0.5793,0
IND_0370,Kurnool,Andhra Pradesh,2020,15.1006,77.2112,226612,104097,122515,177,10,,2,0.4168,0.7811,0.2365,0.4319,0
IND_0370,Kurnool,Andhra Pradesh,2021,15.1006,77.2112,231075,107303,123772,289,13,281,3,0.3335,1.2507,0.2432,0.5368,0
IND_0370,Kurnool,Andhra Pradesh,2022,15.1006,77.2112,234313,109978,124335,329,14,500,2,0.3766,,0.4268,0.5782,0
IND_0370,Kurnool,Andhra Pradesh,2023,15.1006,77.2112,237343,112587,124756,359,11,445,2,0.3928,1.5126,0.375,0.5756,0
IND_0371,Nandyal,Andhra Pradesh,2019,19.8241,77.0047,827107,340517,486590,551,22,895,,0.391,0.6662,0.2164,0.4027,1
IND_0371,Nandyal,Andhra Pradesh,2020,19.8241,77.0047,838239,349291,488948,638,21,706,5,0.4619,0.7611,0.1684,0.377,1
IND_0371,Nandyal,Andhra Pradesh,2021,19.8241,77.0047,847909,,490349,279,24,714,5,0.5985,0.329,,0.2399,1
IND_0371,Nandyal,Andhra Pradesh,2022,19.8241,77.0047,871977,372069,499908,522,26,1129,4,0.3723,0.5986,0.259,0.3625,1
IND_0371,Nandyal,Andhra Pradesh,2023,19.8241,77.0047,884077,381652,502425,516,18,,7,0.4395,0.5837,0.1839,0.3565,1
IND_0372,NTR,Andhra Pradesh,2019,12.7718,80.6658,2279801,625958,1653843,1539,135,4704,60,0.3416,0.6751,0.4127,0.5602,0
IND_0372,NTR,Andhra Pradesh,2020,12.7718,80.6658,2314808,,1667664,3442,137,6731,42,0.4209,1.4869,0.5816,0.6522,0
IND_0372,NTR,Andhra Pradesh,2021,12.7718,80.6658,2338724,665523,,2057,99,3277,60,0.3447,0.8795,0.2802,0.6057,0
IND_0372,NTR,Andhra Pradesh,2022,12.7718,80.6658,2394995,693511,1701484,3429,144,3434,37,0.2518,1.4317,0.2868,0.5842,0
IND_0372,NTR,Andhra Pradesh,2023,12.7718,80.6658,2405486,,1696909,2889,100,5120,40,0.3078,1.201,0.4257,0.5898,0
IND_0373,Palnadu,Andhra Pradesh,2019,17.8453,78.4497,517579,164942,352637,287,12,244,4,,0.5545,0.0943,0.2938,1
IND_0373,Palnadu,Andhra Pradesh,2020,17.8453,78.4497,525760,170178,355582,125,13,607,3,0.5289,0.2378,0.2309,0.2487,1
IND_0373,Palnadu,Andhra Pradesh,2021,17.8453,78.4497,530329,174309,356020,413,14,454,5,0.4697,0.7788,0.1712,0.3757,1
IND_0373,Palnadu,Andhra Pradesh,2022,17.8453,78.4497,536557,,357519,261,13,278,3,0.4408,0.4864,0.1036,0.2836,1
IND_0373,Palnadu,Andhra Pradesh,2023,17.8453,78.4497,543500,184073,359427,329,11,452,4,0.4285,,0.1663,0.3426,1
IND_0374,Prakasam,Andhra Pradesh,2019,19.0305,78.1979,440481,205059,235422,422,26,996,7,0.2782,,0.4522,0.6135,0
IND_0374,Prakasam,Andhra Pradesh,2020,19.0305,78.1979,445888,209805,236083,496,16,564,7,0.3855,1.1124,0.253,0.5771,0
IND_0374,Prakasam,Andhra Pradesh,2021,19.0305,78.1979,455725,216712,239013,,23,752,6,0.3548,1.3605,0.33,0.5752,0
IND_0374,Prakasam,Andhra Pradesh,2022,19.0305,78.1979,463061,222516,240545,648,27,1152,6,0.2855,1.3994,0.4976,0.6452,0
IND_0374,Prakasam,Andhra Pradesh,2023,19.0305,78.1979,468757,227597,241160,372,29,730,4,0.3406,0.7936,0.3115,0.4834,0
IND_0375,Sri Potti Sri Ramulu Nellore,Andhra Pradesh,2019,18.5447,82.4175,439436,175334,264102,632,27,1246,9,0.2535,1.4382,0.5671,0.7643,0
IND_0375,Sri Potti Sri Ramulu Nellore,Andhra Pradesh,2020,18.5447,82.4175,444819,179706,,594,16,796,5,0.4092,1.3354,0.3579,0.5148,0
IND_0375,Sri Potti Sri Ramulu Nellore,Andhra Pradesh,2021,18.5447,82.4175,451232,184553,266679,523,21,565,7,0.3219,1.159,0.2504,0.5552,0
IND_0375,Sri Potti Sri Ramulu Nellore,Andhra Pradesh,2022,18.5447,82.4175,462466,191460,271006,571,23,862,,0.3631,1.2347,0.3728,0.6623,0
IND_0375,Sri Potti Sri Ramulu Nellore,Andhra Pradesh,2023,18.5447,82.4175,461916,193542,268374,478,,,9,0.2952,1.0348,0.304,0.6169,0
IND_0376,Sri Sathya Sai,Andhra Pradesh,2019,13.7484,83.182,1439383,566616,872767,1771,52,2485,20,0.354,1.2304,0.3453,0.5886,0
IND_0376,Sri Sathya Sai,Andhra Pradesh,2020,13.7484,83.182,1462483,583022,879461,1955,57,1123,30,0.3739,1.3368,0.1536,0.6161,0
IND_0376,Sri Sathya Sai,Andhra Pradesh,2021,13.7484,83.182,1475787,595705,,1158,,3156,25,0.4582,0.7847,0.4277,0.5257,0
IND_0376,Sri Sathya Sai,Andhra Pradesh,2022,13.7484,83.182,1511105,617517,893588,2333,100,4340,32,0.2671,1.5439,,0.7447,0
IND_0376,Sri Sathya Sai,Andhra Pradesh,2023,13.7484,83.182,1545455,639281,,1860,78,2945,27,0.3423,1.2035,0.3811,0.6076,0
IND_0377,Srikakulam,Andhra Pradesh,2019,17.7588,83.3787,1253368,456579,796789,1486,84,1767,13,0.2775,1.1856,0.282,0.5297,0
IND_0377,Srikakulam,Andhra Pradesh,2020,17.7588,83.3787,1272152,469782,802370,1364,70,2649,,0.4293,1.0722,0.4165,0.6651,0
IND_0377,Srikakulam,Andhra Pradesh,2021,17.7588,83.3787,1297572,485657,,1504,87,1872,,0.3177,1.1591,0.2885,0.6348,0
IND_0377,Srikakulam,Andhra Pradesh,2022,17.7588,83.3787,1302865,494153,808712,2082,50,1399,26,0.2969,1.598,0.2148,0.6728,0
IND_0377,Srikakulam,Andhra Pradesh,2023,17.7588,83.3787,1330227,,819045,1623,76,2752,17,0.2644,1.2201,0.4138,0.6107,0
IND_0378,Tirupati,Andhra Pradesh,2019,15.0942,79.6503,106375,42974,63401,155,5,252,1,,1.4571,0.4738,0.622,0
IND_0378,Tirupati,Andhra Pradesh,2020,15.0942,79.6503,107880,44122,63758,128,7,152,1,0.31,1.1865,0.2818,0.5385,0
IND_0378,Tirupati,Andhra Pradesh,2021,15.0942,79.6503,110112,45585,64527,82,6,,1,0.4431,,,0.4533,0
IND_0378,Tirupati,Andhra Pradesh,2022,15.0942,79.6503,110817,46431,64386,79,4,,2,0.3064,,0.2978,0.5499,0
IND_0378,Tirupati,Andhra Pradesh,2023,15.0942,79.6503,113310,,65268,99,7,229,1,0.2636,0.8737,0.4042,0.5159,0
IND_0379,Visakhapatnam,Andhra Pradesh,2019,15.6994,82.3332,1050600,443557,607043,729,45,1011,12,0.3938,0.6939,0.1925,0.4333,0
IND_0379,Visakhapatnam,Andhra Pradesh,2020,15.6994,82.3332,1065231,455061,610170,1419,51,2012,21,0.3528,1.3321,0.3778,0.6604,0
IND_0379,Visakhapatnam,Andhra Pradesh,2021,15.6994,82.3332,1086725,469677,617048,953,58,1496,13,0.4426,0.8769,0.2753,0.4781,0
IND_0379,Visakhapatnam,Andhra Pradesh,2022,15.6994,82.3332,1102837,482154,620683,1650,64,2620,16,0.3892,1.4961,0.4751,0.6442,0
IND_0379,Visakhapatnam,Andhra Pradesh,2023,15.6994,82.3332,1117162,494003,623159,909,45,1130,21,0.3316,0.8137,,0.5397,0
IND_0380,Vizianagaram,Andhra Pradesh,2019,13.9209,84.3904,472837,148401,324436,338,,1025,10,0.3476,,0.4336,0.5661,0
IND_0380,Vizianagaram,Andhra Pradesh,2020,13.9209,84.3904,479017,152736,326281,490,,1137,10,0.3968,1.0229,0.4747,0.6027,0
IND_0380,Vizianagaram,Andhra Pradesh,2021,13.9209,84.3904,487855,157993,329862,579,,1075,,0.4019,1.1868,,0.5479,0
IND_0380,Vizianagaram,Andhra Pradesh,2022,13.9209,84.3904,496656,163327,333329,725,34,,6,0.3706,1.4598,0.5976,0.6503,0
IND_0380,Vizianagaram,Andhra Pradesh,2023,13.9209,84.3904,499017,,332419,402,26,519,8,,0.8056,0.208,0.5063,0
IND_0381,West Godavari,Andhra Pradesh,2019,18.6632,83.3313,558439,170496,387943,275,15,662,5,0.4441,0.4924,0.2371,0.3205,1
IND_0381,West Godavari,Andhra Pradesh,2020,18.6632,83.3313,568170,176308,391862,431,12,573,,0.4585,0.7586,0.2017,0.4059,1
IND_0381,West Godavari,Andhra Pradesh,2021,18.6632,83.3313,578705,182470,,322,10,456,4,0.5079,0.5564,0.1576,0.3005,1
IND_0381,West Godavari,Andhra Pradesh,2022,18.6632,83.3313,584075,187084,396991,311,17,421,6,0.3997,0.5325,0.1442,0.3486,1
IND_0381,West Godavari,Andhra Pradesh,2023,18.6632,83.3313,595986,193879,402107,285,18,671,,0.4345,0.4782,0.2252,0.3665,1
IND_0382,YSR Kadapa,Andhra Pradesh,2019,16.4755,84.607,882824,209111,673713,1240,54,2265,20,0.3111,1.4046,0.5131,0.7135,0
IND_0382,YSR Kadapa,Andhra Pradesh,2020,16.4755,84.607,897214,217006,680208,1352,46,1207,15,0.3955,1.5069,0.2691,0.5324,0
IND_0382,YSR Kadapa,Andhra Pradesh,2021,16.4755,84.607,908021,224160,683861,759,43,1531,21,0.4053,0.8359,0.3372,0.5027,0
IND_0382,YSR Kadapa,Andhra Pradesh,2022,16.4755,84.607,920798,231918,688880,1397,48,1801,20,0.3209,,0.3912,0.6788,0
IND_0382,YSR Kadapa,Andhra Pradesh,2023,16.4755,84.607,939515,241330,698185,1180,41,1246,17,0.295,1.256,0.2652,0.5706,0
IND_0383,Adilabad,Telangana,2019,18.1076,78.4348,440774,,247301,601,22,947,8,0.305,1.3635,0.4297,0.7097,0
IND_0383,Adilabad,Telangana,2020,18.1076,78.4348,448632,199165,249467,,29,1144,8,0.2622,0.8314,,0.6366,0
IND_0383,Adilabad,Telangana,2021,18.1076,78.4348,451532,202710,,629,31,1070,6,0.3806,1.393,0.4739,0.6336,0
IND_0383,Adilabad,Telangana,2022,18.1076,78.4348,461836,209645,252191,,26,851,7,0.2738,1.5395,0.3685,0.6616,0
IND_0383,Adilabad,Telangana,2023,18.1076,78.4348,466621,214151,252470,622,26,1128,5,0.2516,1.333,0.4835,0.6346,0
IND_0384,Bhadradri Kothagudem,Telangana,2019,19.2635,77.7903,633316,293423,339893,542,42,2170,10,0.2588,0.8558,0.6853,0.6513,0
IND_0384,Bhadradri Kothagudem,Telangana,2020,19.2635,77.7903,643196,301216,341980,596,43,1377,,0.4367,0.9266,0.4282,0.5741,0
IND_0384,Bhadradri Kothagudem,Telangana,2021,19.2635,77.7903,648632,307005,341627,742,32,1489,10,0.3776,1.1439,0.4591,0.6002,0
IND_0384,Bhadradri Kothagudem,Telangana,2022,19.2635,77.7903,656437,313982,342455,793,46,1742,8,0.2909,1.208,0.5307,0.6203,0
IND_0384,Bhadradri Kothagudem,Telangana,2023,19.2635,77.7903,679075,328205,350870,598,42,2340,7,0.2425,0.8806,0.6892,0.5985,0
IND_0385,Hanumakonda,Telangana,2019,17.7435,81.2139,1993819,1000881,992938,2412,126,4719,23,0.2879,1.2097,0.4734,0.6012,0
IND_0385,Hanumakonda,Telangana,2020,17.7435,81.2139,2020825,1024542,996283,1710,84,3520,28,0.2831,0.8462,0.3484,0.5636,0
IND_0385,Hanumakonda,Telangana,2021,17.7435,81.2139,2059489,1054442,1005047,2598,149,3488,33,,1.2615,0.3387,0.6416,0
IND_0385,Hanumakonda,Telangana,2022,17.7435,81.2139,2085961,1078425,1007536,2071,152,7074,32,0.2236,0.9928,,0.7052,0
IND_0385,Hanumakonda,Telangana,2023,17.7435,81.2139,2114273,1103634,1010639,3421,95,3968,31,0.2445,1.6181,0.3754,0.7081,0
IND_0386,Hyderabad,Telangana,2019,18.3351,79.3008,1597536,812581,,1663,63,2169,,0.264,1.041,,0.576,0
IND_0386,Hyderabad,Telangana,2020,18.3351,79.3008,1617377,830760,786617,2260,86,2404,24,,1.3973,0.2973,0.6218,0
IND_0386,Hyderabad,Telangana,2021,18.3351,79.3008,1639378,850258,789120,1350,,3794,26,0.3555,0.8235,0.4629,0.6051,0
IND_0386,Hyderabad,Telangana,2022,18.3351,79.3008,1662596,870613,791983,2144,87,3454,14,0.3303,1.2895,0.4155,0.5552,0
IND_0386,Hyderabad,Telangana,2023,18.3351,79.3008,1684986,890762,794224,2609,109,2323,24,0.2272,1.5484,0.2757,0.696,0
IND_0387,Jagtial,Telangana,2019,18.5838,79.7657,700884,298050,402834,,40,,12,0.2947,0.9631,0.3938,0.5862,0
IND_0387,Jagtial,Telangana,2020,18.5838,79.7657,712766,306667,406099,936,34,1181,8,0.2944,1.3132,0.3314,0.5815,0
IND_0387,Jagtial,Telangana,2021,18.5838,79.7657,718689,312809,405880,606,,1184,11,0.3502,0.8432,0.3295,0.5427,0
IND_0387,Jagtial,Telangana,2022,18.5838,79.7657,732242,322369,409873,960,47,2490,12,0.2418,1.311,,0.7491,0
IND_0387,Jagtial,Telangana,2023,18.5838,79.7657,742257,,411768,863,43,1781,12,0.3367,1.1627,0.4799,0.64,0
IND_0388,Jangaon,Telangana,2019,18.3792,78.0106,866324,468446,397878,538,25,1143,6,0.4424,0.621,0.2639,0.3761,1
IND_0388,Jangaon,Telangana,2020,18.3792,78.0106,881884,481269,400615,375,32,1615,6,0.4891,0.4252,0.3663,0.3503,1
IND_0388,Jangaon,Telangana,2021,18.3792,78.0106,896022,493465,402557,442,29,1174,4,0.5214,0.4933,0.262,0.2967,1
IND_0388,Jangaon,Telangana,2022,18.3792,78.0106,898212,499162,,360,22,931,4,,0.4008,0.2073,0.3329,1
IND_0388,Jangaon,Telangana,2023,18.3792,78.0106,909216,509824,399392,407,21,1149,5,0.4125,0.4476,0.2527,0.3492,1
IND_0389,Jayashankar Bhupalpally,Telangana,2019,18.6029,77.5511,612564,310280,302284,636,29,,8,0.2467,1.0383,0.4751,0.6235,0
IND_0389,Jayashankar Bhupalpally,Telangana,2020,18.6029,77.5511,622015,,,572,25,1100,10,0.3948,0.9196,0.3537,0.5681,0
IND_0389,Jayashankar Bhupalpally,Telangana,2021,18.6029,77.5511,629068,324931,304137,818,36,1019,9,0.3068,,,0.6272,0
IND_0389,Jayashankar Bhupalpally,Telangana,2022,18.6029,77.5511,636545,331976,304569,979,41,1387,10,,1.538,0.4358,0.6978,0
IND_0389,Jayashankar Bhupalpally,Telangana,2023,18.6029,77.5511,644205,339191,,707,,954,7,0.2598,1.0975,0.2962,0.5956,0
IND_0390,Jogulamba Gadwal,Telangana,2019,15.8581,77.6982,724061,335667,388394,941,41,1411,13,0.3178,1.2996,0.3897,0.6641,0
IND_0390,Jogulamba Gadwal,Telangana,2020,15.8581,77.6982,733607,343761,,1148,51,2329,8,0.381,1.5649,0.6349,0.6603,0
IND_0390,Jogulamba Gadwal,Telangana,2021,15.8581,77.6982,743591,352157,391434,963,54,2830,13,0.3909,1.2951,0.7612,0.7274,0
IND_0390,Jogulamba Gadwal,Telangana,2022,15.8581,77.6982,757169,362373,394796,1074,41,1932,12,0.2467,1.4184,0.5103,0.7168,0
IND_0390,Jogulamba Gadwal,Telangana,2023,15.8581,77.6982,761560,368283,393277,668,42,1237,,0.3201,0.8771,0.3249,0.5369,0
IND_0391,Kamareddy,Telangana,2019,18.5875,79.1295,1873368,1042537,830831,3272,77,2114,21,0.2383,1.7466,0.2257,0.6534,0
IND_0391,Kamareddy,Telangana,2020,18.5875,79.1295,1897962,1065713,832249,,,2330,24,0.3648,1.6407,0.2455,0.6428,0
IND_0391,Kamareddy,Telangana,2021,18.5875,79.1295,1918904,1087067,831837,2571,99,4604,25,0.3246,1.3398,0.4799,0.6804,0
IND_0391,Kamareddy,Telangana,2022,18.5875,79.1295,1958616,1119357,839259,3581,,5295,20,0.3586,1.8283,0.5407,0.7279,0
IND_0391,Kamareddy,Telangana,2023,18.5875,79.1295,2006815,,849878,2079,108,5545,,0.3227,1.036,0.5526,0.6589,0
IND_0392,Karimnagar,Telangana,2019,15.9385,80.8737,732279,239306,492973,,42,,16,0.3095,1.311,0.3441,0.6431,0
IND_0392,Karimnagar,Telangana,2020,15.9385,80.8737,744161,246909,497252,681,32,831,12,0.338,0.9151,0.2233,0.4965,0
IND_0392,Karimnagar,Telangana,2021,15.9385,80.8737,754458,254098,500360,675,44,941,10,0.3229,0.8947,0.2495,0.4725,0
IND_0392,Karimnagar,Telangana,2022,15.9385,80.8737,760665,259992,500673,996,37,2017,17,,1.3094,0.5303,0.7172,0
IND_0392,Karimnagar,Telangana,2023,15.9385,80.8737,768466,266501,501965,1387,32,1020,,0.278,1.8049,0.2655,0.7163,0
IND_0393,Khammam,Telangana,2019,18.2603,79.9371,555769,262216,293553,561,30,922,6,0.3348,1.0094,0.3318,0.5101,0
IND_0393,Khammam,Telangana,2020,18.2603,79.9371,563852,,295004,549,26,763,10,0.3242,0.9737,0.2706,0.5601,0
IND_0393,Khammam,Telangana,2021,18.2603,79.9371,571524,275364,296160,637,23,1187,5,0.4,1.1146,0.4154,0.547,0
IND_0393,Khammam,Telangana,2022,18.2603,79.9371,583818,284207,299611,,36,1734,6,0.3085,1.5399,0.594,0.6798,0
IND_0393,Khammam,Telangana,2023,18.2603,79.9371,589692,290015,299677,485,26,772,7,0.263,0.8225,0.2618,0.5125,0
IND_0394,Kumuram Bheem,Telangana,2019,17.1487,77.7715,1483416,863193,620223,1649,87,2601,16,0.3227,1.1116,0.3507,0.5876,0
IND_0394,Kumuram Bheem,Telangana,2020,17.1487,77.7715,1505358,883488,,,76,,11,0.3491,1.6833,0.3384,0.5921,0
IND_0394,Kumuram Bheem,Telangana,2021,17.1487,77.7715,1529352,905216,624136,2128,110,5253,13,0.3444,1.3914,0.687,0.6718,0
IND_0394,Kumuram Bheem,Telangana,2022,17.1487,77.7715,1545924,922755,623169,2792,106,2831,15,0.275,1.806,0.3663,0.671,0
IND_0394,Kumuram Bheem,Telangana,2023,17.1487,77.7715,1577357,949404,627953,,116,4287,16,0.3185,1.3364,0.5436,0.6636,0
IND_0395,Mahabubabad,Telangana,2019,16.2424,81.2737,559336,234854,324482,498,27,1302,5,0.3224,0.8903,0.4656,0.4895,0
IND_0395,Mahabubabad,Telangana,2020,16.2424,81.2737,569040,241774,,504,28,1364,9,0.408,0.8857,,0.5827,0
IND_0395,Mahabubabad,Telangana,2021,16.2424,81.2737,577641,248316,329325,681,39,1637,10,0.3921,1.1789,0.5668,0.6601,0
IND_0395,Mahabubabad,Telangana,2022,16.2424,81.2737,587795,255620,332175,1098,24,1125,6,0.2723,1.868,0.3828,0.688,0
IND_0395,Mahabubabad,Telangana,2023,16.2424,81.2737,599407,263667,,1023,42,1998,5,0.3327,1.7067,0.6667,0.6865,0
IND_0396,Mahabubnagar,Telangana,2019,15.9029,78.1363,646397,317813,328584,757,36,1907,,,1.1711,0.59,0.6596,0
IND_0396,Mahabubnagar,Telangana,2020,15.9029,78.1363,656032,325830,330202,998,29,864,7,0.3308,1.5213,0.2634,0.5878,0
IND_0396,Mahabubnagar,Telangana,2021,15.9029,78.1363,667998,335113,332885,1255,,1067,6,0.3998,1.8787,0.3195,0.6161,0
IND_0396,Mahabubnagar,Telangana,2022,15.9029,78.1363,677453,343244,334209,1238,39,,7,0.2847,1.8274,,0.6831,0
IND_0396,Mahabubnagar,Telangana,2023,15.9029,78.1363,684020,349991,334029,606,,2062,7,0.3467,0.8859,0.6029,0.5758,0
IND_0397,Mancherial,Telangana,2019,18.4409,80.5893,991585,542500,449085,1496,42,1882,10,0.2945,1.5087,,0.651,0
IND_0397,Mancherial,Telangana,2020,18.4409,80.5893,1006904,555916,450988,887,,3204,10,0.3876,0.8809,0.6364,0.5856,0
IND_0397,Mancherial,Telangana,2021,18.4409,80.5893,1026944,572115,454829,1652,57,1596,8,0.3434,1.6087,0.3108,0.5799,0
IND_0397,Mancherial,Telangana,2022,18.4409,80.5893,1045716,587801,457915,1645,61,,12,0.3008,1.5731,0.3735,0.6556,0
IND_0397,Mancherial,Telangana,2023,18.4409,80.5893,1060175,601230,458945,1957,,3396,16,0.3284,1.8459,0.6406,0.8107,0
IND_0398,Medak,Telangana,2019,16.7104,81.3818,80000,33229,46771,31,2,89,1,0.3182,0.3875,,0.4246,1
IND_0398,Medak,Telangana,2020,16.7104,81.3818,81200,34134,47066,42,2,92,1,0.4641,0.5172,0.2266,0.4094,1
IND_0398,Medak,Telangana,2021,16.7104,81.3818,82648,35156,47492,77,2,104,1,0.5762,0.9317,0.2517,0.4306,1
IND_0398,Medak,Telangana,2022,16.7104,81.3818,83754,36045,47709,78,2,68,1,0.3316,,0.1624,0.4737,1
IND_0398,Medak,Telangana,2023,16.7104,81.3818,85908,37401,48507,62,3,,1,0.3654,0.7217,,0.4493,1
IND_0399,Medchal Malkajgiri,Telangana,2019,17.3734,78.1884,329399,166276,163123,561,17,767,,0.3433,1.7031,0.4657,0.7266,0
IND_0399,Medchal Malkajgiri,Telangana,2020,17.3734,78.1884,335133,,164287,536,17,374,3,0.3909,1.5994,0.2232,0.5481,0
IND_0399,Medchal Malkajgiri,Telangana,2021,17.3734,78.1884,338753,174385,164368,437,23,855,5,0.3041,1.29,0.5048,0.6437,0
IND_0399,Medchal Malkajgiri,Telangana,2022,17.3734,78.1884,345465,179568,165897,287,26,850,3,,,0.4921,0.5338,0
IND_0399,Medchal Malkajgiri,Telangana,2023,17.3734,78.1884,347057,182131,164926,494,18,696,3,0.2544,1.4234,0.4011,0.5988,0
IND_0400,Mulugu,Telangana,2019,18.6897,79.0392,415709,210559,205150,,24,576,5,0.2115,1.2196,0.2771,0.5888,0
IND_0400,Mulugu,Telangana,2020,18.6897,79.0392,422244,215981,206263,,17,498,6,0.3644,1.196,0.2359,0.5622,0
IND_0400,Mulugu,Telangana,2021,18.6897,79.0392,428359,,207109,501,20,730,4,0.261,1.1696,,0.5474,0
IND_0400,Mulugu,Telangana,2022,18.6897,79.0392,430989,224764,206225,449,17,884,3,0.3523,1.0418,0.4102,0.5113,0
IND_0400,Mulugu,Telangana,2023,18.6897,79.0392,443056,233272,209784,411,22,858,6,0.2294,0.9276,0.3873,0.6038,0
IND_0401,Nagarkurnool,Telangana,2019,16.3539,81.0535,328986,186922,142064,325,17,575,3,0.2343,0.9879,0.3496,0.56,0
IND_0401,Nagarkurnool,Telangana,2020,16.3539,81.0535,334896,191954,142942,,14,435,4,0.4026,0.9495,0.2598,0.5493,0
IND_0401,Nagarkurnool,Telangana,2021,16.3539,81.0535,338010,195429,142581,436,19,1015,3,0.3512,1.2899,0.6006,0.6218,0
IND_0401,Nagarkurnool,Telangana,2022,16.3539,81.0535,341430,199114,142316,484,20,489,,0.2859,1.4176,0.2864,0.647,0
IND_0401,Nagarkurnool,Telangana,2023,16.3539,81.0535,346845,204006,142839,358,14,303,3,0.256,1.0322,0.1747,0.5023,0
IND_0402,Nalgonda,Telangana,2019,19.4419,79.459,393497,,191580,442,23,1012,4,0.2727,1.1233,,0.6073,0
IND_0402,Nalgonda,Telangana,2020,19.4419,79.459,399192,206835,192357,599,22,578,4,0.2632,1.5005,0.2896,0.6473,0
IND_0402,Nalgonda,Telangana,2021,19.4419,79.459,404700,211712,192988,385,16,838,6,0.3072,0.9513,0.4141,0.6128,0
IND_0402,Nalgonda,Telangana,2022,19.4419,79.459,411257,217199,194058,519,28,1019,6,0.2194,1.262,0.4956,0.71,0
IND_0402,Nalgonda,Telangana,2023,19.4419,79.459,417089,222364,194725,604,24,1191,4,0.2539,1.4481,0.5711,0.6414,0
IND_0403,Narayanpet,Telangana,2019,16.6499,80.8532,346732,185364,161368,267,16,,5,0.2829,0.77,0.2746,0.5432,0
IND_0403,Narayanpet,Telangana,2020,16.6499,80.8532,352550,190237,162313,295,22,578,3,0.3127,0.8368,0.3279,0.4977,0
IND_0403,Narayanpet,Telangana,2021,16.6499,80.8532,359259,195653,163606,668,19,787,2,0.2796,1.8594,0.4381,0.6403,0
IND_0403,Narayanpet,Telangana,2022,16.6499,80.8532,364771,200479,164292,377,20,870,4,0.2142,1.0335,0.477,0.5969,0
IND_0403,Narayanpet,Telangana,2023,16.6499,80.8532,368075,204135,163940,605,24,,5,0.2449,1.6437,0.6336,0.7947,0
IND_0404,Nirmal,Telangana,2019,18.599,79.8046,297855,138974,158881,,20,798,3,0.3101,1.0811,0.5358,0.5703,0
IND_0404,Nirmal,Telangana,2020,18.599,79.8046,302880,142833,160047,322,20,432,3,0.3115,1.0631,0.2853,0.5098,0
IND_0404,Nirmal,Telangana,2021,18.599,79.8046,305071,145392,159679,486,12,584,2,0.4172,1.5931,0.3829,0.5742,0
IND_0404,Nirmal,Telangana,2022,18.599,79.8046,310564,149563,161001,286,14,340,,0.3516,0.9209,,0.4906,0
IND_0404,Nirmal,Telangana,2023,18.599,79.8046,319396,155413,163983,483,16,799,,0.2958,1.5122,0.5003,0.6848,0
IND_0405,Nizamabad,Telangana,2019,19.213,77.6461,970056,382090,587966,1655,38,2057,10,0.2541,1.7061,0.4241,0.6283,0
IND_0405,Nizamabad,Telangana,2020,19.213,77.6461,982662,391969,590693,,68,1610,17,0.2655,0.8324,0.3277,0.5445,0
IND_0405,Nizamabad,Telangana,2021,19.213,77.6461,1002837,405031,597806,1813,56,2213,20,0.3947,1.8079,0.4413,0.7277,0
IND_0405,Nizamabad,Telangana,2022,19.213,77.6461,1011269,413493,597776,1344,60,3043,14,0.2766,1.329,0.6018,0.6549,0
IND_0405,Nizamabad,Telangana,2023,19.213,77.6461,1026510,424857,,1421,72,3158,17,0.2674,1.3843,0.6153,0.7036,0
IND_0406,Peddapalli,Telangana,2019,18.2628,80.1304,351344,177625,173719,458,16,738,3,0.2684,1.3036,0.4201,0.5853,0
IND_0406,Peddapalli,Telangana,2020,18.2628,80.1304,356005,181762,,312,,1280,4,0.3594,0.8764,0.7191,0.6104,0
IND_0406,Peddapalli,Telangana,2021,18.2628,80.1304,361835,186547,175288,,19,452,5,0.3302,1.8489,0.2498,0.6516,0
IND_0406,Peddapalli,Telangana,2022,18.2628,80.1304,370515,192875,177640,424,16,413,2,0.249,1.1444,,0.493,0
IND_0406,Peddapalli,Telangana,2023,18.2628,80.1304,373677,196389,177288,510,17,464,5,0.3372,1.3648,0.2483,0.5849,0
IND_0407,Rajanna Sircilla,Telangana,2019,16.6162,81.1662,1761543,712705,,2834,108,4790,35,0.2626,1.6088,0.5438,0.7469,0
IND_0407,Rajanna Sircilla,Telangana,2020,16.6162,81.1662,1792528,734204,1058324,3010,106,5114,37,0.2614,1.6792,0.5706,0.7695,0
IND_0407,Rajanna Sircilla,Telangana,2021,16.6162,81.1662,1810933,750797,1060136,2382,121,2817,18,0.3044,1.3153,,0.5611,0
IND_0407,Rajanna Sircilla,Telangana,2022,16.6162,81.1662,1837993,771206,1066787,2242,117,5970,28,0.285,1.2198,0.6496,0.6824,0
IND_0407,Rajanna Sircilla,Telangana,2023,16.6162,81.1662,1873957,795666,1078291,3084,109,6070,22,0.3406,1.6457,0.6478,0.6988,0
IND_0408,Rangareddy,Telangana,2019,19.2226,80.4818,523232,260393,,603,24,595,9,,1.1525,0.2274,0.6123,0
IND_0408,Rangareddy,Telangana,2020,19.2226,80.4818,530888,,264030,574,,1292,9,0.2663,,0.4867,0.6686,0
IND_0408,Rangareddy,Telangana,2021,19.2226,80.4818,535928,272071,263857,870,30,884,4,0.3276,1.6234,0.3299,0.5656,0
IND_0408,Rangareddy,Telangana,2022,19.2226,80.4818,543179,278468,264711,556,37,1549,6,0.2115,1.0236,0.5703,0.6056,0
IND_0408,Rangareddy,Telangana,2023,19.2226,80.4818,555615,287621,267994,831,23,670,6,0.2234,1.4956,0.2412,0.6232,0
IND_0409,Sangareddy,Telangana,2019,18.194,79.3304,1062987,408576,654411,1870,54,2745,20,0.3157,,0.5165,0.7593,0
IND_0409,Sangareddy,Telangana,2020,18.194,79.3304,1079292,420239,,1409,53,1861,20,0.275,1.3055,0.3449,0.6375,0
IND_0409,Sangareddy,Telangana,2021,18.194,79.3304,1090669,,660547,1485,70,2617,14,0.3509,1.3615,0.4799,0.6191,0
IND_0409,Sangareddy,Telangana,2022,18.194,79.3304,1112297,444213,668084,932,67,3159,18,0.2407,0.8379,0.568,0.6041,0
IND_0409,Sangareddy,Telangana,2023,18.194,79.3304,1116579,451506,665073,1840,,1630,14,0.2587,1.6479,0.292,0.6528,0
IND_0410,Siddipet,Telangana,2019,18.0914,77.3932,637789,281786,,921,28,1200,12,0.2827,1.4441,0.3763,0.704,0
IND_0410,Siddipet,Telangana,2020,18.0914,77.3932,648966,289969,358997,1061,39,1460,8,0.3545,1.6349,0.4499,0.6283,0
IND_0410,Siddipet,Telangana,2021,18.0914,77.3932,653408,295221,358187,705,,1524,11,0.442,1.079,0.4665,0.5881,0
IND_0410,Siddipet,Telangana,2022,18.0914,77.3932,667410,304884,362526,919,,730,8,0.2379,1.377,0.2188,0.5947,0
IND_0410,Siddipet,Telangana,2023,18.0914,77.3932,673055,310828,362227,928,42,1151,11,0.2808,1.3788,0.342,0.6602,0
IND_0411,Suryapet,Telangana,2019,18.0791,78.3623,297002,144485,152517,321,17,890,4,0.2641,1.0808,0.5993,0.6627,0
IND_0411,Suryapet,Telangana,2020,18.0791,78.3623,301455,148158,153297,400,18,424,5,0.3926,1.3269,0.2813,0.6289,0
IND_0411,Suryapet,Telangana,2021,18.0791,78.3623,304663,151258,153405,427,12,617,5,0.3387,1.4015,0.405,0.6627,0
IND_0411,Suryapet,Telangana,2022,18.0791,78.3623,308897,154905,153992,415,21,819,3,0.2766,,,0.64,0
IND_0411,Suryapet,Telangana,2023,18.0791,78.3623,315608,159848,155760,404,,1101,2,0.2277,1.2801,0.6977,0.638,0
IND_0412,Vikarabad,Telangana,2019,16.9022,78.566,150300,69274,81026,43,3,120,1,0.3938,,0.1597,0.317,1
IND_0412,Vikarabad,Telangana,2020,16.9022,78.566,152116,70872,81244,88,4,214,1,,0.5785,0.2814,0.3713,1
IND_0412,Vikarabad,Telangana,2021,16.9022,78.566,154106,72569,81537,162,5,125,1,0.5023,1.0512,0.1622,0.4053,1
IND_0412,Vikarabad,Telangana,2022,16.9022,78.566,156942,74689,82253,81,3,110,1,0.3547,0.5161,0.1402,0.3545,1
IND_0412,Vikarabad,Telangana,2023,16.9022,78.566,160090,76988,83102,123,6,290,,0.4697,0.7683,0.3623,0.4176,1
IND_0413,Wanaparthy,Telangana,2019,17.0615,77.2361,292470,107448,185022,,12,,5,0.2211,0.9847,,0.5646,0
IND_0413,Wanaparthy,Telangana,2020,17.0615,77.2361,296965,110585,186380,385,11,540,5,0.3775,1.2964,0.3637,0.5768,0
IND_0413,Wanaparthy,Telangana,2021,17.0615,77.2361,301660,113841,187819,264,,757,4,0.3957,0.8752,0.5019,0.5359,0
IND_0413,Wanaparthy,Telangana,2022,17.0615,77.2361,304500,116435,,304,13,,6,0.2103,0.9984,0.4388,0.6287,0
IND_0413,Wanaparthy,Telangana,2023,17.0615,77.2361,307252,119024,188228,519,12,486,5,0.2967,1.6892,0.3164,0.684,0
IND_0414,Warangal,Telangana,2019,19.3613,80.3533,137091,56264,80827,220,8,417,2,0.2947,1.6048,0.6084,0.7247,0
IND_0414,Warangal,Telangana,2020,19.3613,80.3533,139538,57966,81572,161,7,200,2,0.3618,1.1538,0.2867,0.5563,0
IND_0414,Warangal,Telangana,2021,19.3613,80.3533,141345,,81922,258,6,332,1,0.432,,0.4698,0.6029,0
IND_0414,Warangal,Telangana,2022,19.3613,80.3533,143363,60988,82375,122,7,264,2,0.3137,0.851,0.3683,0.5044,0
IND_0414,Warangal,Telangana,2023,19.3613,80.3533,144442,62170,82272,120,6,314,2,0.2304,0.8308,0.4348,0.5842,0
IND_0415,Yadadri Bhuvanagiri,Telangana,2019,17.732,78.1789,402468,150799,251669,302,,396,4,0.3749,0.7504,,0.4091,1
IND_0415,Yadadri Bhuvanagiri,Telangana,2020,17.732,78.1789,407757,154820,252937,254,14,712,3,0.5927,0.6229,0.3492,0.3557,1
IND_0415,Yadadri Bhuvanagiri,Telangana,2021,17.732,78.1789,416349,160164,256185,233,10,279,2,,0.5596,0.134,0.3122,1
IND_0415,Yadadri Bhuvanagiri,Telangana,2022,17.732,78.1789,417436,,254767,322,10,248,3,0.3401,0.7714,0.1188,0.3633,1
IND_0415,Yadadri Bhuvanagiri,Telangana,2023,17.732,78.1789,422919,166920,255999,265,10,,,0.4068,0.6266,0.2539,0.411,1
IND_0416,Alappuzha,Kerala,2019,11.7288,76.0319,274365,143261,131104,308,20,,4,0.1621,1.1226,0.8441,0.7673,0
IND_0416,Alappuzha,Kerala,2020,11.7288,76.0319,278658,146896,131762,633,23,650,4,0.2963,2.2716,0.4665,0.7658,0
IND_0416,Alappuzha,Kerala,2021,11.7288,76.0319,283314,150767,132547,726,15,925,3,0.2559,2.5625,0.653,0.8086,0
IND_0416,Alappuzha,Kerala,2022,11.7288,76.0319,285155,153173,131982,524,21,1218,4,0.1001,1.8376,0.8543,0.8831,0
IND_0416,Alappuzha,Kerala,2023,11.7288,76.0319,291664,158128,133536,593,19,1079,4,0.1853,2.0332,0.7399,0.8641,0
IND_0417,Ernakulam,Kerala,2019,11.8383,75.1235,708364,,277983,1412,51,3439,6,0.1891,,0.971,0.869,0
IND_0417,Ernakulam,Kerala,2020,11.8383,75.1235,719945,441017,278928,1564,54,1713,8,0.2179,2.1724,0.4759,0.7906,0
IND_0417,Ernakulam,Kerala,2021,11.8383,75.1235,729717,450651,279066,923,61,3421,5,0.1749,1.2649,0.9376,0.7549,0
IND_0417,Ernakulam,Kerala,2022,11.8383,75.1235,743619,462955,280664,1530,62,1804,9,0.082,2.0575,0.4852,0.8127,0
IND_0417,Ernakulam,Kerala,2023,11.8383,75.1235,758929,476281,282648,1347,46,1733,6,0.1199,,,0.7186,0
IND_0418,Idukki,Kerala,2019,11.3374,75.4902,494097,,214679,1002,,3055,4,0.1813,2.0279,1.0,0.876,0
IND_0418,Idukki,Kerala,2020,11.3374,75.4902,500392,285480,214912,596,44,2296,7,0.2475,1.1911,0.9177,0.7837,0
IND_0418,Idukki,Kerala,2021,11.3374,75.4902,507721,292200,215521,855,44,2643,7,0.1906,1.684,1.0,0.8867,0
IND_0418,Idukki,Kerala,2022,11.3374,75.4902,518137,300785,,1168,50,,4,0.1151,2.2542,0.5728,0.7663,0
IND_0418,Idukki,Kerala,2023,11.3374,75.4902,529719,310157,219562,680,34,1012,7,0.0771,1.2837,0.3821,0.6958,0
IND_0419,Kannur,Kerala,2019,8.4713,76.0039,543790,347504,196286,1235,33,2350,4,0.1251,2.2711,0.8643,0.8504,0
IND_0419,Kannur,Kerala,2020,8.4713,76.0039,553185,,196912,772,,1940,3,0.2538,1.3956,0.7014,0.6587,0
IND_0419,Kannur,Kerala,2021,8.4713,76.0039,559426,363090,196336,1058,29,946,5,0.3058,1.8912,0.3382,0.7044,0
IND_0419,Kannur,Kerala,2022,8.4713,76.0039,564692,369331,195361,1502,42,2547,4,0.2102,2.6599,0.9021,0.8397,0
IND_0419,Kannur,Kerala,2023,8.4713,76.0039,577324,380480,,,38,2577,3,0.1934,1.5243,0.8927,0.7713,0
IND_0420,Kasaragod,Kerala,2019,9.6968,77.2461,487112,264950,222162,632,39,2653,6,0.1769,1.2974,1.0,0.849,0
IND_0420,Kasaragod,Kerala,2020,9.6968,77.2461,493967,271148,222819,756,41,2332,8,0.2027,1.5305,0.9442,0.8913,0
IND_0420,Kasaragod,Kerala,2021,9.6968,77.2461,502203,278180,224023,1183,42,2249,3,0.1733,,0.8957,0.8118,0
IND_0420,Kasaragod,Kerala,2022,9.6968,77.2461,513784,287164,226620,1312,26,1716,5,0.2101,2.5536,0.668,0.8126,0
IND_0420,Kasaragod,Kerala,2023,9.6968,77.2461,522351,294564,227787,1087,,1356,7,0.0764,2.081,,0.8211,0
IND_0421,Kollam,Kerala,2019,9.6017,77.1233,1096023,544804,551219,1551,71,2573,14,,1.4151,0.4695,0.6757,0
IND_0421,Kollam,Kerala,2020,9.6017,77.1233,1110487,,552941,1528,,2765,16,0.1558,1.376,0.498,0.7099,0
IND_0421,Kollam,Kerala,2021,9.6017,77.1233,1123248,569569,553679,1839,105,3669,12,0.2528,1.6372,,0.7587,0
IND_0421,Kollam,Kerala,2022,9.6017,77.1233,1154499,591188,563311,1844,82,2528,14,0.1463,1.5972,0.4379,0.7259,0
IND_0421,Kollam,Kerala,2023,9.6017,77.1233,1156104,597790,558314,1459,88,6240,15,,1.262,1.0,0.78,0
IND_0422,Kottayam,Kerala,2019,9.121,76.6623,735054,361515,373539,1317,50,,10,0.1205,1.7917,0.9782,0.9137,0
IND_0422,Kottayam,Kerala,2020,9.121,76.6623,746769,371011,375758,1616,68,,13,0.129,2.164,0.9267,0.9556,0
IND_0422,Kottayam,Kerala,2021,9.121,76.6623,760512,381641,378871,1239,57,2548,11,0.2262,,0.6701,0.8029,0
IND_0422,Kottayam,Kerala,2022,9.121,76.6623,770673,390594,380079,1143,67,,11,0.0915,1.4831,0.7944,0.8361,0
IND_0422,Kottayam,Kerala,2023,9.121,76.6623,788678,403662,385016,1837,64,2291,8,0.114,2.3292,0.581,0.8076,0
IND_0423,Kozhikode,Kerala,2019,11.6256,76.465,1082348,659526,422822,,88,4617,15,0.1026,2.4567,0.8531,0.9351,0
IND_0423,Kozhikode,Kerala,2020,11.6256,76.465,1099962,675759,424203,1701,,4366,13,0.2379,1.5464,0.7938,0.8016,0
IND_0423,Kozhikode,Kerala,2021,11.6256,76.465,1113327,689536,423791,1375,82,,14,0.2122,1.235,0.9875,0.8089,0
IND_0423,Kozhikode,Kerala,2022,11.6256,76.465,1122382,700756,421626,1821,77,,13,0.142,1.6224,0.66,0.8096,0
IND_0423,Kozhikode,Kerala,2023,11.6256,76.465,1145812,721114,424698,3130,104,3766,13,0.1182,2.7317,0.6574,0.8565,0
IND_0424,Malappuram,Kerala,2019,12.6565,76.7312,1612284,736159,876125,2981,90,2573,27,0.1197,1.8489,0.3192,0.7461,0
IND_0424,Malappuram,Kerala,2020,12.6565,76.7312,1637266,755752,881514,1831,108,,,0.2334,1.1183,0.5095,0.6639,0
IND_0424,Malappuram,Kerala,2021,12.6565,76.7312,1663200,776039,887161,4135,115,6095,,,2.4862,,0.857,0
IND_0424,Malappuram,Kerala,2022,12.6565,76.7312,1682147,793290,888857,2032,101,3195,29,0.187,1.208,0.3799,0.6868,0
IND_0424,Malappuram,Kerala,2023,12.6565,76.7312,1711051,815476,895575,2166,160,,31,0.1299,1.2659,0.8092,0.8142,0
IND_0425,Palakkad,Kerala,2019,9.5439,75.3799,310872,181999,,205,10,362,2,0.2849,0.6594,0.2329,0.4383,1
IND_0425,Palakkad,Kerala,2020,9.5439,75.3799,316013,186588,129425,418,9,,1,0.319,1.3227,0.2626,0.4567,1
IND_0425,Palakkad,Kerala,2021,9.5439,75.3799,319394,190182,129212,173,18,979,,0.29,0.5417,0.613,0.501,1
IND_0425,Palakkad,Kerala,2022,9.5439,75.3799,322622,193717,128905,267,15,478,2,0.193,0.8276,0.2963,0.489,1
IND_0425,Palakkad,Kerala,2023,9.5439,75.3799,326845,197887,128958,460,15,859,1,0.2767,1.4074,0.5256,0.5629,1
IND_0426,Pathanamthitta,Kerala,2019,12.7881,77.1329,437376,232639,204737,325,19,593,2,0.3331,0.7431,0.2712,0.3887,1
IND_0426,Pathanamthitta,Kerala,2020,12.7881,77.1329,445104,,206129,575,15,753,2,0.3209,1.2918,0.3383,0.5051,1
IND_0426,Pathanamthitta,Kerala,2021,12.7881,77.1329,449409,243533,205876,276,16,970,1,0.3667,0.6141,0.4317,0.3939,1
IND_0426,Pathanamthitta,Kerala,2022,12.7881,77.1329,460846,252035,208811,175,14,596,3,0.2997,,0.2587,0.3772,1
IND_0426,Pathanamthitta,Kerala,2023,12.7881,77.1329,465166,256724,208442,271,16,892,3,0.2522,0.5826,0.3835,0.4636,1
IND_0427,Thiruvananthapuram,Kerala,2019,11.1615,76.9151,1140373,693648,446725,1154,27,1278,6,0.3203,1.0119,0.2241,0.4327,1
IND_0427,Thiruvananthapuram,Kerala,2020,11.1615,76.9151,1157917,710109,447808,687,28,1424,6,0.4247,0.5933,0.246,0.3789,1
IND_0427,Thiruvananthapuram,Kerala,2021,11.1615,76.9151,1169897,723305,446592,607,,939,6,0.2896,0.5188,0.1605,0.3909,1
IND_0427,Thiruvananthapuram,Kerala,2022,11.1615,76.9151,1193013,743562,449451,1075,55,3395,3,,0.9011,0.5691,0.4936,1
IND_0427,Thiruvananthapuram,Kerala,2023,11.1615,76.9151,1200349,754136,446213,880,42,2688,,0.2746,0.7331,0.4479,0.4335,1
IND_0428,Thrissur,Kerala,2019,11.7423,75.6832,1791672,999068,792604,4327,151,6044,22,0.1969,2.4151,0.6747,0.8623,0
IND_0428,Thrissur,Kerala,2020,11.7423,75.6832,1822605,1025430,,3705,145,7998,19,,2.0328,0.8776,0.8533,0
IND_0428,Thrissur,Kerala,2021,11.7423,75.6832,1843141,1046200,796941,3179,114,6920,25,0.1545,1.7248,0.7509,0.8415,0
IND_0428,Thrissur,Kerala,2022,11.7423,75.6832,1858570,1064251,794319,2454,102,3806,21,0.1191,1.3204,0.4096,0.6886,0
IND_0428,Thrissur,Kerala,2023,11.7423,75.6832,1886239,1089526,,,181,6758,27,0.0999,1.5369,0.7166,0.836,0
IND_0429,Wayanad,Kerala,2019,9.6873,76.7806,632297,,286958,817,57,2951,9,0.1346,1.2921,0.9334,0.8014,0
IND_0429,Wayanad,Kerala,2020,9.6873,76.7806,640324,352925,287399,1414,38,1540,9,0.2669,,0.481,0.7755,0
IND_0429,Wayanad,Kerala,2021,9.6873,76.7806,653127,363247,289880,863,39,1188,9,0.1721,1.3213,0.3638,0.6687,0
IND_0429,Wayanad,Kerala,2022,9.6873,76.7806,655518,367855,287663,1706,61,2251,7,0.1621,2.6025,,0.854,0
IND_0429,Wayanad,Kerala,2023,9.6873,76.7806,668440,378448,289992,1105,34,1379,4,0.199,1.6531,,0.616,0
IND_0430,Amritsar,Punjab,2019,29.7477,74.2286,741616,301589,440027,252,19,456,6,0.3147,0.3398,0.123,0.3484,1
IND_0430,Amritsar,Punjab,2020,29.7477,74.2286,751341,,442041,623,17,756,8,0.4692,0.8292,0.2012,0.4006,1
IND_0430,Amritsar,Punjab,2021,29.7477,74.2286,767218,319672,447546,382,17,,5,0.4367,0.4979,0.1189,0.2935,1
IND_0430,Amritsar,Punjab,2022,29.7477,74.2286,771469,325301,446168,560,33,959,4,0.4416,0.7259,0.2486,0.37,1
IND_0430,Amritsar,Punjab,2023,29.7477,74.2286,780063,332825,447238,550,25,1174,3,0.2937,0.7051,0.301,0.4161,1
IND_0431,Barnala,Punjab,2019,29.7656,76.1226,508937,208890,300047,673,24,1196,5,,1.3224,,0.6044,0
IND_0431,Barnala,Punjab,2020,29.7656,76.1226,516042,214386,301656,525,31,1628,6,,1.0174,0.631,0.5631,0
IND_0431,Barnala,Punjab,2021,29.7656,76.1226,527164,221643,305521,798,22,980,10,0.4048,1.5138,0.3718,0.6765,0
IND_0431,Barnala,Punjab,2022,29.7656,76.1226,533536,226990,306546,940,29,1430,7,0.3158,1.7618,0.536,0.6979,0
IND_0431,Barnala,Punjab,2023,29.7656,76.1226,534676,230148,304528,593,27,1114,5,0.2417,1.1091,0.4167,0.5595,0
IND_0432,Bathinda,Punjab,2019,31.0867,75.6262,286917,118262,168655,,18,,5,0.2463,1.2408,0.2921,0.6341,0
IND_0432,Bathinda,Punjab,2020,31.0867,75.6262,290576,,169353,316,18,730,4,0.3841,1.0875,0.5025,0.5798,0
IND_0432,Bathinda,Punjab,2021,31.0867,75.6262,295215,,170580,318,20,845,2,0.3259,,0.5725,0.5202,0
IND_0432,Bathinda,Punjab,2022,31.0867,75.6262,300981,128574,172407,,15,653,3,0.353,1.5981,0.4339,0.6238,0
IND_0432,Bathinda,Punjab,2023,31.0867,75.6262,305947,132225,173722,297,14,363,5,0.3218,0.9708,0.2373,0.5232,0
IND_0433,Faridkot,Punjab,2019,31.9286,75.3083,576127,215086,361041,822,35,915,11,,1.4268,0.3176,0.6486,0
IND_0433,Faridkot,Punjab,2020,31.9286,75.3083,584105,220985,363120,889,,1428,12,0.4112,1.522,0.489,0.698,0
IND_0433,Faridkot,Punjab,2021,31.9286,75.3083,591180,226617,364563,887,33,,11,,1.5004,0.5667,0.6863,0
IND_0433,Faridkot,Punjab,2022,31.9286,75.3083,605238,235032,370206,926,26,1010,8,0.2452,1.53,0.3338,0.6344,0
IND_0433,Faridkot,Punjab,2023,31.9286,75.3083,604973,237954,367019,854,37,1764,12,0.2189,1.4116,0.5832,0.7317,0
IND_0434,Fatehgarh Sahib,Punjab,2019,29.5483,76.0483,265829,106736,159093,321,15,420,3,0.315,1.2075,0.316,0.5435,0
IND_0434,Fatehgarh Sahib,Punjab,2020,29.5483,76.0483,270354,109905,160449,236,12,403,3,0.4166,0.8729,0.2981,0.4622,0
IND_0434,Fatehgarh Sahib,Punjab,2021,29.5483,76.0483,272777,,160524,312,11,516,5,0.2654,1.1438,0.3783,0.6216,0
IND_0434,Fatehgarh Sahib,Punjab,2022,29.5483,76.0483,277440,115560,161880,308,11,402,4,0.3104,1.1101,0.2898,0.54,0
IND_0434,Fatehgarh Sahib,Punjab,2023,29.5483,76.0483,285017,120141,164876,290,14,681,5,0.3526,1.0175,0.4779,0.6281,0
IND_0435,Fazilka,Punjab,2019,31.0463,75.022,487408,182705,304703,696,25,1183,5,0.3318,1.428,0.4854,0.6072,0
IND_0435,Fazilka,Punjab,2020,31.0463,75.022,495886,188362,307524,511,27,619,7,0.3394,1.0305,0.2497,0.5348,0
IND_0435,Fazilka,Punjab,2021,31.0463,75.022,502971,193568,309403,800,25,726,8,,1.5905,0.2887,0.6106,0
IND_0435,Fazilka,Punjab,2022,31.0463,75.022,513233,,,667,27,610,10,0.2202,1.2996,0.2377,0.6293,0
IND_0435,Fazilka,Punjab,2023,31.0463,75.022,522557,206331,316226,832,22,905,7,0.2583,1.5922,0.3464,0.6232,0
IND_0436,Ferozepur,Punjab,2019,30.7599,76.1851,1848307,907990,940317,2532,123,3877,33,0.293,1.3699,0.4195,0.7448,0
IND_0436,Ferozepur,Punjab,2020,30.7599,76.1851,1880632,933273,,1709,76,2759,31,0.4184,0.9087,0.2934,0.5495,0
IND_0436,Ferozepur,Punjab,2021,30.7599,76.1851,1911883,958341,953542,2955,123,3468,32,0.3196,1.5456,0.3628,0.6868,0
IND_0436,Ferozepur,Punjab,2022,30.7599,76.1851,1921824,972933,948891,2101,,4509,22,0.2943,1.0932,0.4692,0.5969,0
IND_0436,Ferozepur,Punjab,2023,30.7599,76.1851,1944625,994200,950425,2499,132,,17,0.217,1.2851,0.4366,0.6286,0
IND_0437,Gurdaspur,Punjab,2019,30.9604,75.0694,850977,329076,521901,1274,53,2167,18,,1.4971,0.5093,0.7521,0
IND_0437,Gurdaspur,Punjab,2020,30.9604,75.0694,865253,,526330,1348,36,1574,10,0.386,1.5579,0.3638,0.5908,0
IND_0437,Gurdaspur,Punjab,2021,30.9604,75.0694,881765,349799,531966,1089,66,2440,13,0.32,1.235,0.5534,0.6331,0
IND_0437,Gurdaspur,Punjab,2022,30.9604,75.0694,882548,354523,528025,792,42,1491,16,0.2839,0.8974,0.3379,0.5928,0
IND_0437,Gurdaspur,Punjab,2023,30.9604,75.0694,903864,367605,536259,987,65,2662,,0.2365,1.092,0.589,0.6899,0
IND_0438,Hoshiarpur,Punjab,2019,32.3234,76.3913,478544,190362,288182,680,21,994,7,,1.421,0.4154,0.6619,0
IND_0438,Hoshiarpur,Punjab,2020,32.3234,76.3913,484321,195081,289240,725,28,1448,7,0.3017,1.4969,0.598,0.6865,0
IND_0438,Hoshiarpur,Punjab,2021,32.3234,76.3913,494838,201792,293046,813,22,850,7,0.3177,1.643,0.3435,0.6283,0
IND_0438,Hoshiarpur,Punjab,2022,32.3234,76.3913,501296,206932,294364,448,,1117,7,,0.8937,0.4456,0.5657,0
IND_0438,Hoshiarpur,Punjab,2023,32.3234,76.3913,509464,212851,296613,710,38,2001,10,0.3523,1.3936,,0.7745,0
IND_0439,Jalandhar,Punjab,2019,30.2119,75.6013,701025,268809,432216,,38,941,10,0.3424,1.2924,0.2685,0.5453,0
IND_0439,Jalandhar,Punjab,2020,30.2119,75.6013,710509,275998,434511,690,33,1389,9,0.4103,0.9711,0.391,0.4866,0
IND_0439,Jalandhar,Punjab,2021,30.2119,75.6013,725511,285453,440058,744,40,1726,13,0.3531,1.0255,0.4758,0.5998,0
IND_0439,Jalandhar,Punjab,2022,30.2119,75.6013,732106,291709,440397,868,41,2135,8,0.3173,1.1856,0.5832,0.6018,0
IND_0439,Jalandhar,Punjab,2023,30.2119,75.6013,742438,299538,442900,1268,29,1341,12,0.3528,1.7079,0.3612,0.6565,0
IND_0440,Kapurthala,Punjab,2019,29.8122,74.5115,914656,380199,534457,1225,50,2654,9,0.218,1.3393,0.5803,0.6441,0
IND_0440,Kapurthala,Punjab,2020,29.8122,74.5115,930063,391254,538809,1192,66,1900,14,0.416,,0.4086,0.6191,0
IND_0440,Kapurthala,Punjab,2021,29.8122,74.5115,941040,400577,540463,858,53,2164,16,0.3845,0.9118,0.4599,0.5971,0
IND_0440,Kapurthala,Punjab,2022,29.8122,74.5115,959533,413247,546286,1558,54,2829,13,0.257,1.6237,0.5897,0.678,0
IND_0440,Kapurthala,Punjab,2023,29.8122,74.5115,980910,427358,553552,1641,66,2987,19,0.3125,1.6729,0.609,0.7605,0
IND_0441,Ludhiana,Punjab,2019,29.6048,74.1719,1225276,533706,691570,1834,74,3218,14,0.3567,1.4968,0.5253,0.6383,0
IND_0441,Ludhiana,Punjab,2020,29.6048,74.1719,1243545,547881,695664,994,87,2388,21,0.3933,0.7993,0.3841,0.5365,0
IND_0441,Ludhiana,Punjab,2021,29.6048,74.1719,1259598,561252,698346,1684,84,3626,17,0.4156,1.3369,0.5757,0.646,0
IND_0441,Ludhiana,Punjab,2022,29.6048,74.1719,1282195,577731,704464,1501,77,2585,23,0.218,1.1706,0.4032,0.6521,0
IND_0441,Ludhiana,Punjab,2023,29.6048,74.1719,1301716,593036,708680,2332,59,1358,22,0.2853,1.7915,0.2086,0.6906,0
IND_0442,Malerkotla,Punjab,2019,31.6097,74.7807,561044,251620,309424,464,28,1194,7,0.3126,0.827,0.4256,0.5203,0
IND_0442,Malerkotla,Punjab,2020,31.6097,74.7807,569312,258175,311137,701,23,821,6,,1.2313,0.2884,0.5169,0
IND_0442,Malerkotla,Punjab,2021,31.6097,74.7807,581178,266462,314716,739,41,2127,6,0.3759,1.2716,0.732,0.6424,0
IND_0442,Malerkotla,Punjab,2022,31.6097,74.7807,589979,273447,316532,511,33,1262,10,0.2768,0.8661,0.4278,0.597,0
IND_0442,Malerkotla,Punjab,2023,31.6097,74.7807,597205,279782,317423,971,33,1259,,0.357,1.6259,0.4216,0.7347,0
IND_0443,Mansa,Punjab,2019,30.3365,74.5909,331210,159387,171823,493,14,,3,0.2211,1.4885,0.4481,0.6369,0
IND_0443,Mansa,Punjab,2020,30.3365,74.5909,335487,163122,172365,461,16,710,5,0.4155,1.3741,0.4233,0.6309,0
IND_0443,Mansa,Punjab,2021,30.3365,74.5909,340706,167364,173342,483,13,388,5,0.397,1.4176,0.2278,0.5917,0
IND_0443,Mansa,Punjab,2022,30.3365,74.5909,345749,171570,174179,276,14,610,4,0.2464,0.7983,0.3529,0.5318,0
IND_0443,Mansa,Punjab,2023,30.3365,74.5909,351704,176283,175421,444,25,1320,3,0.2579,1.2624,0.7506,0.6451,0
IND_0444,Moga,Punjab,2019,29.9593,75.8144,313671,145465,168206,329,15,407,,0.3462,1.0489,0.2595,0.5755,0
IND_0444,Moga,Punjab,2020,29.9593,75.8144,319126,149591,169535,526,17,714,3,0.4042,1.6483,0.4475,0.6329,0
IND_0444,Moga,Punjab,2021,29.9593,75.8144,321852,152478,169374,408,,489,3,0.3061,1.2677,0.3039,0.55,0
IND_0444,Moga,Punjab,2022,29.9593,75.8144,325918,156034,169884,286,,,3,0.2251,0.8775,0.4197,0.5251,0
IND_0444,Moga,Punjab,2023,29.9593,75.8144,335857,162471,173386,547,17,447,6,0.2365,,0.2662,0.723,0
IND_0445,Muktsar,Punjab,2019,30.7831,75.2654,308897,119893,189004,263,21,941,,0.3354,0.8514,0.6093,0.6175,0
IND_0445,Muktsar,Punjab,2020,30.7831,75.2654,313410,123211,190199,327,22,485,,0.3301,1.0434,0.3095,0.5455,0
IND_0445,Muktsar,Punjab,2021,30.7831,75.2654,318542,126821,,545,16,637,4,0.395,1.7109,0.3999,0.6165,0
IND_0445,Muktsar,Punjab,2022,30.7831,75.2654,325150,131078,194072,426,21,1073,5,0.345,1.3102,0.66,0.6641,0
IND_0445,Muktsar,Punjab,2023,30.7831,75.2654,326187,133127,193060,360,14,600,5,0.2444,1.1037,,0.6111,0
IND_0446,Nawanshahr,Punjab,2019,31.8173,76.4584,895114,394789,500325,520,29,1112,5,0.384,0.5809,0.2485,0.3618,1
IND_0446,Nawanshahr,Punjab,2020,31.8173,76.4584,909512,405687,503825,409,27,790,9,0.4429,0.4497,0.1737,0.33,1
IND_0446,Nawanshahr,Punjab,2021,31.8173,76.4584,921832,415791,506041,362,23,768,8,0.5944,0.3927,0.1666,0.2912,1
IND_0446,Nawanshahr,Punjab,2022,31.8173,76.4584,930812,424496,506316,,25,1201,5,0.4166,0.6758,0.2581,0.383,1
IND_0446,Nawanshahr,Punjab,2023,31.8173,76.4584,958995,442143,516852,493,20,877,8,0.3553,0.5141,0.1829,0.3707,1
IND_0447,Pathankot,Punjab,2019,31.7585,75.7806,345103,,205661,441,21,1125,4,0.3168,1.2779,0.652,0.6579,0
IND_0447,Pathankot,Punjab,2020,31.7585,75.7806,349431,142938,206493,,16,514,5,0.354,1.6427,0.2942,0.6295,0
IND_0447,Pathankot,Punjab,2021,31.7585,75.7806,355347,147135,208212,576,22,962,5,0.2937,,0.5414,0.681,0
IND_0447,Pathankot,Punjab,2022,31.7585,75.7806,359248,150546,,569,19,857,5,0.3286,,0.4771,0.6653,0
IND_0447,Pathankot,Punjab,2023,31.7585,75.7806,364450,154548,209902,381,25,583,3,0.2323,1.0454,,0.512,0
IND_0448,Patiala,Punjab,2019,32.4148,74.0745,1121903,507475,614428,973,53,2037,,0.2811,0.8673,0.3631,0.5325,0
IND_0448,Patiala,Punjab,2020,32.4148,74.0745,1141889,522225,619664,1258,48,2112,10,0.3003,,0.3699,0.5448,0
IND_0448,Patiala,Punjab,2021,32.4148,74.0745,1159046,,623180,1097,82,4361,21,0.3168,0.9465,0.7525,0.7,0
IND_0448,Patiala,Punjab,2022,32.4148,74.0745,1179176,,628107,1068,69,2929,20,0.3512,0.9057,0.4968,0.6187,0
IND_0448,Patiala,Punjab,2023,32.4148,74.0745,1197827,565775,632052,1199,76,,21,0.2417,1.001,,0.681,0
IND_0449,Rupnagar,Punjab,2019,31.0539,74.0265,488210,203579,284631,403,32,1443,9,,,0.5911,0.6619,0
IND_0449,Rupnagar,Punjab,2020,31.0539,74.0265,496880,209679,287201,469,21,473,7,0.3918,0.9439,0.1904,0.4703,0
IND_0449,Rupnagar,Punjab,2021,31.0539,74.0265,500889,213875,287014,575,34,1831,9,0.4218,1.148,0.7311,0.69,0
IND_0449,Rupnagar,Punjab,2022,31.0539,74.0265,507666,219307,288359,872,35,1645,8,0.2791,1.7177,0.6481,0.759,0
IND_0449,Rupnagar,Punjab,2023,31.0539,74.0265,516492,225702,290790,545,22,544,6,0.3274,1.0552,0.2107,0.5051,0
IND_0450,Sahibzada Ajit Singh Nagar,Punjab,2019,31.2563,76.2836,446333,182288,264045,655,21,,8,0.2857,1.4675,0.3437,0.6817,0
IND_0450,Sahibzada Ajit Singh Nagar,Punjab,2020,31.2563,76.2836,454285,187807,266478,386,26,920,8,0.3732,0.8497,0.405,0.5842,0
IND_0450,Sahibzada Ajit Singh Nagar,Punjab,2021,31.2563,76.2836,460017,192477,267540,462,34,1450,7,0.3358,1.0043,0.6304,0.6414,0
IND_0450,Sahibzada Ajit Singh Nagar,Punjab,2022,31.2563,76.2836,465691,197180,268511,685,30,982,5,0.3058,1.4709,0.4217,0.6193,0
IND_0450,Sahibzada Ajit Singh Nagar,Punjab,2023,31.2563,76.2836,470470,201555,268915,439,20,737,7,,0.9331,0.3133,0.5287,0
IND_0451,Sangrur,Punjab,2019,32.2569,75.9965,334221,133423,,367,,,3,0.2303,1.0981,0.3626,0.5727,0
IND_0451,Sangrur,Punjab,2020,32.2569,75.9965,339196,137105,202091,,15,652,4,0.4033,1.5006,0.3844,0.5922,0
IND_0451,Sangrur,Punjab,2021,32.2569,75.9965,345528,141392,204136,572,,646,5,0.428,1.6554,0.3739,0.65,0
IND_0451,Sangrur,Punjab,2022,32.2569,75.9965,349179,144632,204547,345,19,423,5,0.2404,0.988,0.2423,0.5544,0
IND_0451,Sangrur,Punjab,2023,32.2569,75.9965,355227,148913,206314,594,19,467,3,0.282,1.6722,0.2629,0.5875,0
IND_0452,Tarn Taran,Punjab,2019,32.057,75.025,1003783,444786,558997,,40,1111,17,0.3522,1.3768,0.2214,0.595,0
IND_0452,Tarn Taran,Punjab,2020,32.057,75.025,1017508,455955,561553,949,42,2248,16,0.4048,0.9327,0.4419,0.5923,0
IND_0452,Tarn Taran,Punjab,2021,32.057,75.025,1033799,468424,565375,1055,44,1145,11,0.3682,1.0205,,0.4625,0
IND_0452,Tarn Taran,Punjab,2022,32.057,75.025,1042312,477493,564819,1569,42,1670,14,0.2266,1.5053,0.3204,0.66,0
IND_0452,Tarn Taran,Punjab,2023,32.057,75.025,1060975,491348,569627,1500,,3208,17,0.2677,1.4138,0.6047,0.7416,0
IND_0453,Ambala,Haryana,2019,30.258,75.7065,658917,245133,,678,35,701,13,0.2845,,0.2128,0.6062,0
IND_0453,Ambala,Haryana,2020,30.258,75.7065,670037,252620,417417,1027,43,1137,7,0.4079,1.5328,0.3394,0.5682,0
IND_0453,Ambala,Haryana,2021,30.258,75.7065,677908,258977,418931,,45,1686,12,0.3775,1.3984,0.4974,0.6474,0
IND_0453,Ambala,Haryana,2022,30.258,75.7065,689733,266943,422790,671,39,2006,12,0.3014,0.9728,0.5817,0.6311,0
IND_0453,Ambala,Haryana,2023,30.258,75.7065,695467,272640,422827,599,41,1374,8,,,0.3951,0.5209,0
IND_0454,Bhiwani,Haryana,2019,28.8851,76.7449,448931,190912,258019,434,18,397,7,0.3188,0.9667,0.1769,0.521,0
IND_0454,Bhiwani,Haryana,2020,28.8851,76.7449,455076,195801,259275,519,26,706,5,0.4134,1.1405,0.3103,0.491,0
IND_0454,Bhiwani,Haryana,2021,28.8851,76.7449,462003,201091,,,19,496,6,0.3217,1.2554,0.2147,0.5663,0
IND_0454,Bhiwani,Haryana,2022,28.8851,76.7449,470640,207204,263436,642,30,703,7,0.2244,1.3641,0.2987,0.6323,0
IND_0454,Bhiwani,Haryana,2023,28.8851,76.7449,476085,,264104,792,19,548,,0.2863,1.6636,0.2302,0.6892,0
IND_0455,Charkhi Dadri,Haryana,2019,30.3702,75.3372,587663,,313737,399,37,1055,5,0.374,0.679,0.359,0.4328,0
IND_0455,Charkhi Dadri,Haryana,2020,30.3702,75.3372,597300,281405,315895,451,34,885,7,0.4047,0.7551,0.2963,0.4869,0
IND_0455,Charkhi Dadri,Haryana,2021,30.3702,75.3372,607395,,318197,512,28,740,7,0.3764,0.8429,0.2437,0.4832,0
IND_0455,Charkhi Dadri,Haryana,2022,30.3702,75.3372,615093,295939,319154,732,38,1329,6,0.3373,1.1901,,0.5572,0
IND_0455,Charkhi Dadri,Haryana,2023,30.3702,75.3372,616798,299843,316955,,36,1666,,0.2402,1.4689,0.5402,0.6561,0
IND_0456,Faridabad,Haryana,2019,28.4426,75.5942,484587,217980,266607,461,18,417,6,0.3504,0.9513,0.1721,0.4737,0
IND_0456,Faridabad,Haryana,2020,28.4426,75.5942,492232,223880,268352,392,21,495,6,0.3722,0.7964,0.2011,0.4757,0
IND_0456,Faridabad,Haryana,2021,28.4426,75.5942,497556,228790,268766,538,26,1138,4,0.3556,1.0813,0.4574,0.517,0
IND_0456,Faridabad,Haryana,2022,28.4426,75.5942,505541,234989,270552,740,32,,4,0.3365,1.4638,0.5056,0.6002,0
IND_0456,Faridabad,Haryana,2023,28.4426,75.5942,515616,,273366,666,33,932,5,,1.2917,0.3615,0.5782,0
IND_0457,Fatehabad,Haryana,2019,28.6823,75.3005,2643520,911295,1732225,2246,139,5864,34,0.3466,0.8496,0.4437,0.5575,0
IND_0457,Fatehabad,Haryana,2020,28.6823,75.3005,2682092,938002,1744090,4117,111,3886,47,0.3339,1.535,0.2898,0.6139,0
IND_0457,Fatehabad,Haryana,2021,28.6823,75.3005,2738135,971293,1766842,4014,114,5235,62,0.3867,1.466,,0.6878,0
IND_0457,Fatehabad,Haryana,2022,28.6823,75.3005,2775331,,1776967,3134,191,9738,40,0.3264,1.1292,0.7018,0.6506,0
IND_0457,Fatehabad,Haryana,2023,28.6823,75.3005,2792151,1018375,1773776,4301,116,4693,37,0.3374,1.5404,0.3362,0.5957,0
IND_0458,Gurugram,Haryana,2019,28.9261,75.353,809767,365259,444508,,,882,5,,0.6483,0.2178,0.373,1
IND_0458,Gurugram,Haryana,2020,28.9261,75.353,824134,375860,448274,346,,1372,4,0.434,0.4198,0.333,0.353,1
IND_0458,Gurugram,Haryana,2021,28.9261,75.353,829449,382431,447018,438,18,735,6,0.4959,,0.1772,0.3126,1
IND_0458,Gurugram,Haryana,2022,28.9261,75.353,853565,397818,455747,456,20,987,4,0.4165,0.5342,0.2313,0.3412,1
IND_0458,Gurugram,Haryana,2023,28.9261,75.353,856583,403508,453075,358,17,732,8,0.3139,0.4179,0.1709,0.3605,1
IND_0459,Hisar,Haryana,2019,30.0935,76.1652,988564,390604,597960,674,60,1739,10,,0.6818,0.3518,0.4673,0
IND_0459,Hisar,Haryana,2020,30.0935,76.1652,1005867,402470,603397,1436,63,1597,18,0.4033,1.4276,0.3175,0.6299,0
IND_0459,Hisar,Haryana,2021,30.0935,76.1652,1012768,410295,602473,824,42,1129,10,0.3193,0.8136,0.223,0.4393,0
IND_0459,Hisar,Haryana,2022,30.0935,76.1652,1041717,427232,614485,1560,46,1473,19,0.3724,1.4975,0.2828,0.628,0
IND_0459,Hisar,Haryana,2023,30.0935,76.1652,1055721,438254,617467,1625,66,2635,20,0.2624,1.5392,0.4992,0.7272,0
IND_0460,Jhajjar,Haryana,2019,27.731,75.0256,3361603,1353363,2008240,3740,202,6955,33,0.2661,1.1126,0.4138,0.5531,0
IND_0460,Jhajjar,Haryana,2020,27.731,75.0256,3411622,1390558,2021064,2431,130,3944,58,0.3768,0.7126,0.2312,0.505,0
IND_0460,Jhajjar,Haryana,2021,27.731,75.0256,3470649,1431971,2038678,3312,133,6676,42,0.2872,0.9543,0.3847,0.549,0
IND_0460,Jhajjar,Haryana,2022,27.731,75.0256,3530108,1474154,2055954,2752,152,6412,51,,0.7796,0.3633,0.528,0
IND_0460,Jhajjar,Haryana,2023,27.731,75.0256,3528298,1491039,2037259,3721,224,4420,39,0.3549,1.0546,0.2505,0.524,0
IND_0461,Jind,Haryana,2019,28.8017,75.7024,690158,314112,376046,790,46,2077,9,0.2485,1.1447,0.6019,0.6409,0
IND_0461,Jind,Haryana,2020,28.8017,75.7024,702535,323258,379277,887,32,1244,8,0.4523,1.2626,0.3541,0.5359,0
IND_0461,Jind,Haryana,2021,28.8017,75.7024,708450,329522,378928,,43,1824,11,0.3191,0.8046,0.5149,0.6065,0
IND_0461,Jind,Haryana,2022,28.8017,75.7024,719192,338114,381078,742,44,974,,0.338,1.0317,0.2709,0.516,0
IND_0461,Jind,Haryana,2023,28.8017,75.7024,727390,,,1137,40,1379,10,0.3042,1.5631,0.3792,0.6698,0
IND_0462,Kaithal,Haryana,2019,30.7654,76.0215,289331,103784,185547,360,,266,5,0.3506,1.2442,0.1839,0.5683,0
IND_0462,Kaithal,Haryana,2020,30.7654,76.0215,293741,106834,186907,,16,792,5,0.4039,1.5149,,0.6811,0
IND_0462,Kaithal,Haryana,2021,30.7654,76.0215,299840,110552,189288,408,12,551,3,0.3059,1.3607,0.3675,0.5416,0
IND_0462,Kaithal,Haryana,2022,30.7654,76.0215,305061,,191059,264,,720,6,0.2284,0.8654,0.472,0.6353,0
IND_0462,Kaithal,Haryana,2023,30.7654,76.0215,304346,115257,189089,293,19,753,4,0.2943,0.9627,0.4948,0.5759,0
IND_0463,Karnal,Haryana,2019,28.3758,76.9364,183970,74046,109924,203,9,408,3,0.2348,1.1034,0.4436,0.6324,0
IND_0463,Karnal,Haryana,2020,28.3758,76.9364,186969,76188,110781,192,9,321,3,0.3475,1.0269,0.3434,0.5384,0
IND_0463,Karnal,Haryana,2021,28.3758,76.9364,189153,78023,111130,269,,413,,0.3826,1.4221,0.4367,0.6126,0
IND_0463,Karnal,Haryana,2022,28.3758,76.9364,192394,80322,112072,168,10,508,3,0.2455,0.8732,0.5281,0.623,0
IND_0463,Karnal,Haryana,2023,28.3758,76.9364,196836,83161,113675,278,11,441,2,,,0.4481,0.5929,0
IND_0464,Kurukshetra,Haryana,2019,27.9679,77.3769,547256,270068,277188,120,11,316,4,0.4809,0.2193,0.1155,0.2729,1
IND_0464,Kurukshetra,Haryana,2020,27.9679,77.3769,555025,276677,278348,207,20,543,2,0.5772,0.373,0.1957,0.2391,1
IND_0464,Kurukshetra,Haryana,2021,27.9679,77.3769,562131,283030,279101,397,17,565,2,0.4717,0.7062,0.201,0.345,1
IND_0464,Kurukshetra,Haryana,2022,27.9679,77.3769,576877,293339,283538,196,16,735,3,0.3745,0.3398,0.2548,0.3304,1
IND_0464,Kurukshetra,Haryana,2023,27.9679,77.3769,583701,299728,283973,141,,302,4,0.4583,0.2416,0.1035,0.2786,1
IND_0465,Mahendragarh,Haryana,2019,30.1865,74.8114,488831,219604,269227,332,31,1316,5,0.3258,0.6792,0.5384,0.5193,0
IND_0465,Mahendragarh,Haryana,2020,30.1865,74.8114,496865,225698,271167,598,28,1278,6,0.2915,1.2035,0.5144,0.6135,0
IND_0465,Mahendragarh,Haryana,2021,30.1865,74.8114,503021,231009,272012,641,18,725,6,0.3287,1.2743,0.2883,0.5766,0
IND_0465,Mahendragarh,Haryana,2022,30.1865,74.8114,511463,,274020,536,31,678,,0.3202,,0.2651,0.5825,0
IND_0465,Mahendragarh,Haryana,2023,30.1865,74.8114,515227,241767,273460,756,32,1239,6,0.3195,1.4673,0.481,0.6473,0
IND_0466,Nuh,Haryana,2019,28.1097,75.0901,361330,128511,232819,200,9,448,1,0.3586,0.5535,0.248,0.3416,1
IND_0466,Nuh,Haryana,2020,28.1097,75.0901,365869,,233914,242,12,351,4,0.4717,0.6614,0.1919,0.3706,1
IND_0466,Nuh,Haryana,2021,28.1097,75.0901,374078,136786,237292,177,12,384,2,0.4476,0.4732,0.2053,0.308,1
IND_0466,Nuh,Haryana,2022,28.1097,75.0901,380455,141020,,201,12,,2,0.3777,0.5283,0.3265,0.3713,1
IND_0466,Nuh,Haryana,2023,28.1097,75.0901,384633,144492,240141,226,12,492,4,0.4107,0.5876,0.2558,0.3991,1
IND_0467,Palwal,Haryana,2019,29.3152,74.5568,557520,268071,289449,227,14,336,3,0.3779,0.4072,0.1205,0.3021,1
IND_0467,Palwal,Haryana,2020,29.3152,74.5568,564534,274266,,294,12,269,,0.4712,0.5208,0.0953,0.2819,1
IND_0467,Palwal,Haryana,2021,29.3152,74.5568,576497,282960,293537,375,13,594,,0.4396,0.6505,0.2061,0.342,1
IND_0467,Palwal,Haryana,2022,29.3152,74.5568,583158,289145,294013,287,16,520,4,0.3903,0.4921,0.1783,0.3538,1
IND_0467,Palwal,Haryana,2023,29.3152,74.5568,597238,299113,,323,14,309,5,0.3951,0.5408,0.1035,0.3372,1
IND_0468,Panchkula,Haryana,2019,27.9249,74.8964,719522,279500,440022,470,28,1074,4,0.3819,0.6532,0.2985,0.3952,1
IND_0468,Panchkula,Haryana,2020,27.9249,74.8964,731127,287663,,208,17,443,,,0.2845,0.1212,0.3109,1
IND_0468,Panchkula,Haryana,2021,27.9249,74.8964,742327,295782,446545,318,22,617,7,0.4958,0.4284,0.1662,0.3219,1
IND_0468,Panchkula,Haryana,2022,27.9249,74.8964,757940,305792,452148,252,21,1026,7,0.299,0.3325,0.2707,0.4096,1
IND_0468,Panchkula,Haryana,2023,27.9249,74.8964,760598,310668,449930,,23,624,4,0.4754,0.5272,0.1641,0.3044,1
IND_0469,Panipat,Haryana,2019,28.4839,75.5044,251705,100660,151045,340,13,340,,0.3256,1.3508,0.2702,0.565,0
IND_0469,Panipat,Haryana,2020,28.4839,75.5044,255860,103601,152259,311,15,604,5,0.3292,1.2155,0.4721,0.6544,0
IND_0469,Panipat,Haryana,2021,28.4839,75.5044,258561,105988,152573,419,9,188,5,0.4281,,0.1454,0.6265,0
IND_0469,Panipat,Haryana,2022,28.4839,75.5044,265516,110166,155350,417,16,467,3,0.2362,1.5705,,0.6428,0
IND_0469,Panipat,Haryana,2023,28.4839,75.5044,264572,111097,153475,357,11,465,3,0.2613,1.3493,0.3515,0.6046,0
IND_0470,Rewari,Haryana,2019,27.7017,74.6803,1118202,329564,788638,1628,,1938,17,0.2523,1.4559,0.3466,0.6278,0
IND_0470,Rewari,Haryana,2020,27.7017,74.6803,1132293,339379,792914,1113,68,3433,23,0.3235,0.983,0.6064,0.6618,0
IND_0470,Rewari,Haryana,2021,27.7017,74.6803,1158592,353054,805538,1720,50,1133,15,0.3637,1.4846,0.1956,0.5394,0
IND_0470,Rewari,Haryana,2022,27.7017,74.6803,1165656,361035,804621,1606,50,1584,17,0.2258,1.3778,0.2718,0.5988,0
IND_0470,Rewari,Haryana,2023,27.7017,74.6803,1185118,372988,812130,1795,81,3915,21,0.3077,1.5146,0.6607,0.7349,0
IND_0471,Rohtak,Haryana,2019,29.3797,76.3356,454135,214047,240088,648,21,1014,7,0.3116,1.4269,0.4466,0.6721,0
IND_0471,Rohtak,Haryana,2020,29.3797,76.3356,460500,219350,241150,334,23,1042,5,0.367,0.7253,0.4526,0.5093,0
IND_0471,Rohtak,Haryana,2021,29.3797,76.3356,465197,223913,241284,570,28,854,4,0.4708,1.2253,0.3672,0.5017,0
IND_0471,Rohtak,Haryana,2022,29.3797,76.3356,476431,231703,244728,428,,,4,0.2636,0.8983,0.3782,0.4989,0
IND_0471,Rohtak,Haryana,2023,29.3797,76.3356,483411,237514,245897,,19,505,7,0.3228,1.5349,0.2089,0.6166,0
IND_0472,Sirsa,Haryana,2019,29.7771,77.5057,437443,224510,212933,332,26,987,5,0.2695,0.759,0.4513,0.5387,0
IND_0472,Sirsa,Haryana,2020,29.7771,77.5057,442732,229438,213294,709,27,972,6,,1.6014,0.4391,0.6867,0
IND_0472,Sirsa,Haryana,2021,29.7771,77.5057,448379,,213773,565,21,899,4,0.3016,1.2601,0.401,0.5573,0
IND_0472,Sirsa,Haryana,2022,29.7771,77.5057,454166,239905,214261,726,25,1140,3,0.24,,0.502,0.6284,0
IND_0472,Sirsa,Haryana,2023,29.7771,77.5057,461531,246103,215428,608,28,967,7,0.3331,1.3174,0.419,0.6364,0
IND_0473,Sonipat,Haryana,2019,29.362,75.7895,718539,331695,386844,483,34,955,11,0.3679,0.6722,0.2658,0.4934,0
IND_0473,Sonipat,Haryana,2020,29.362,75.7895,728182,339787,,984,39,1611,7,0.3212,1.3513,0.4425,0.5695,0
IND_0473,Sonipat,Haryana,2021,29.362,75.7895,742361,,392245,689,42,1110,11,0.4277,0.9281,,0.5422,0
IND_0473,Sonipat,Haryana,2022,29.362,75.7895,754281,359509,394772,935,44,1058,7,0.2752,1.2396,0.2805,0.5251,0
IND_0473,Sonipat,Haryana,2023,29.362,75.7895,756182,364196,391986,1186,47,2268,11,0.3217,1.5684,0.5999,0.7452,0
IND_0474,Yamunanagar,Haryana,2019,30.5461,74.9988,822250,286305,535945,1224,39,1397,9,0.363,1.4886,0.3398,0.54,0
IND_0474,Yamunanagar,Haryana,2020,30.5461,74.9988,832898,294177,538721,1114,33,895,19,0.3526,1.3375,0.2149,0.6258,0
IND_0474,Yamunanagar,Haryana,2021,30.5461,74.9988,848586,,544625,1216,53,2447,9,,1.433,,0.6329,0
IND_0474,Yamunanagar,Haryana,2022,30.5461,74.9988,866607,314749,551858,,,1048,,0.3224,1.0108,0.2419,0.4933,0
IND_0474,Yamunanagar,Haryana,2023,30.5461,74.9988,865348,318619,546729,979,38,,,0.2542,1.1313,0.205,0.5893,0
IND_0475,Angul,Odisha,2019,21.0491,81.4043,572113,118052,,87,9,121,3,0.5167,0.1521,0.0423,0.2145,1
IND_0475,Angul,Odisha,2020,21.0491,81.4043,579941,122567,457374,,11,,3,0.6159,0.4518,0.0835,0.2154,1
IND_0475,Angul,Odisha,2021,21.0491,81.4043,590429,127735,462694,204,9,160,5,0.6706,0.3455,,0.1987,1
IND_0475,Angul,Odisha,2022,21.0491,81.4043,603060,133483,469577,217,,219,4,0.442,0.3598,,0.2472,1
IND_0475,Angul,Odisha,2023,21.0491,81.4043,600123,,464289,,8,96,5,0.5114,0.3133,0.032,0.2481,1
IND_0476,Balangir,Odisha,2019,20.2458,84.9544,846166,140572,705594,784,22,,16,0.3691,0.9265,0.1647,0.4881,0
IND_0476,Balangir,Odisha,2020,20.2458,84.9544,859215,147035,712180,,23,459,20,0.4951,0.4865,0.1068,0.3992,0
IND_0476,Balangir,Odisha,2021,20.2458,84.9544,876387,154356,722031,452,23,,16,0.5312,0.5158,0.1417,0.3441,0
IND_0476,Balangir,Odisha,2022,20.2458,84.9544,886012,160481,725531,569,34,758,16,0.4549,0.6422,0.1711,0.3948,0
IND_0476,Balangir,Odisha,2023,20.2458,84.9544,897202,166994,730208,493,20,435,18,,,0.097,0.4219,0
IND_0477,Balasore,Odisha,2019,18.871,84.6199,200096,57492,142604,52,2,50,1,,0.2599,0.05,0.253,1
IND_0477,Balasore,Odisha,2020,18.871,84.6199,203351,59444,143907,,4,98,2,0.6261,0.2901,,0.2145,1
IND_0477,Balasore,Odisha,2021,18.871,84.6199,205749,61174,144575,45,5,86,1,0.657,0.2187,0.0836,0.1886,1
IND_0477,Balasore,Odisha,2022,18.871,84.6199,210450,,146826,65,3,86,1,0.548,,0.0817,0.2298,1
IND_0477,Balasore,Odisha,2023,18.871,84.6199,211629,65039,146590,102,3,78,1,0.5914,0.482,,0.2545,1
IND_0478,Bargarh,Odisha,2019,19.209,82.2639,242423,47654,194769,176,9,124,4,0.4033,0.726,0.1023,0.3971,0
IND_0478,Bargarh,Odisha,2020,19.209,82.2639,245822,49551,196271,182,7,165,5,0.5574,0.7404,0.1342,0.4158,0
IND_0478,Bargarh,Odisha,2021,19.209,82.2639,248698,51374,197324,154,6,153,3,0.401,0.6192,0.123,0.3462,0
IND_0478,Bargarh,Odisha,2022,19.209,82.2639,251467,53203,198264,235,,109,4,0.3879,0.9345,0.0867,0.4372,0
IND_0478,Bargarh,Odisha,2023,19.209,82.2639,258106,55899,202207,237,8,153,4,0.3789,0.9182,0.1186,0.445,0
IND_0479,Bhadrak,Odisha,2019,22.0292,84.287,405347,113019,292328,187,11,170,5,0.4751,,0.0839,0.3199,0
IND_0479,Bhadrak,Odisha,2020,22.0292,84.287,411558,116809,294749,331,13,195,9,0.5482,0.8043,0.0948,0.4697,0
IND_0479,Bhadrak,Odisha,2021,22.0292,84.287,418966,121006,297960,294,,306,10,0.4823,0.7017,,0.4629,0
IND_0479,Bhadrak,Odisha,2022,22.0292,84.287,423377,124397,298980,233,17,309,8,0.4113,0.5503,0.146,0.4426,0
IND_0479,Bhadrak,Odisha,2023,22.0292,84.287,427173,127648,299525,453,17,,6,0.4283,1.0605,0.2074,0.4698,0
IND_0480,Boudh,Odisha,2019,20.0864,81.9831,373984,61302,312682,356,15,216,8,0.4651,0.9519,0.1155,0.4719,0
IND_0480,Boudh,Odisha,2020,20.0864,81.9831,380331,,,204,11,274,7,0.57,0.5364,,0.3616,0
IND_0480,Boudh,Odisha,2021,20.0864,81.9831,386738,67260,319478,372,12,201,8,0.554,,0.1039,0.4228,0
IND_0480,Boudh,Odisha,2022,20.0864,81.9831,392870,70291,322579,186,16,432,7,0.4323,0.4734,0.2199,0.4336,0
IND_0480,Boudh,Odisha,2023,20.0864,81.9831,396201,72868,323333,290,15,232,7,0.3612,,0.1171,0.4283,0
IND_0481,Cuttack,Odisha,2019,17.8859,85.0123,564060,68861,495199,273,11,260,,0.5093,0.484,0.0922,0.2778,1
IND_0481,Cuttack,Odisha,2020,17.8859,85.0123,573038,72822,500216,271,9,265,5,0.6281,0.4729,0.0925,0.2246,1
IND_0481,Cuttack,Odisha,2021,17.8859,85.0123,581131,,504375,303,8,205,5,0.5838,0.5214,0.0706,0.2405,1
IND_0481,Cuttack,Odisha,2022,17.8859,85.0123,588832,80717,508115,159,8,101,6,,,0.0343,0.2496,1
IND_0481,Cuttack,Odisha,2023,17.8859,85.0123,596601,84765,,229,9,273,,,0.3838,0.0915,0.234,1
IND_0482,Deogarh,Odisha,2019,19.6954,83.7653,260625,40758,,161,5,149,3,0.4247,0.6177,0.1143,0.3416,0
IND_0482,Deogarh,Odisha,2020,19.6954,83.7653,264016,42609,221407,,9,198,4,,0.9962,0.15,0.4118,0
IND_0482,Deogarh,Odisha,2021,19.6954,83.7653,267746,44549,223197,244,6,187,7,0.5103,0.9113,,0.4842,0
IND_0482,Deogarh,Odisha,2022,19.6954,83.7653,271424,46519,224905,210,9,227,6,0.3732,,0.1673,0.4755,0
IND_0482,Deogarh,Odisha,2023,19.6954,83.7653,275018,48510,226508,179,,164,,0.424,0.6509,0.1193,0.3763,0
IND_0483,Dhenkanal,Odisha,2019,21.6557,85.5853,635056,148426,486630,508,26,739,16,0.3577,0.7999,0.2327,0.5195,0
IND_0483,Dhenkanal,Odisha,2020,21.6557,85.5853,646071,154231,491840,502,23,557,16,0.3996,0.777,0.1724,0.5116,0
IND_0483,Dhenkanal,Odisha,2021,21.6557,85.5853,653898,,494529,293,22,588,14,0.4872,0.4481,0.1798,0.4281,0
IND_0483,Dhenkanal,Odisha,2022,21.6557,85.5853,667265,165963,501302,491,23,676,,0.4221,0.7358,0.2026,0.4641,0
IND_0483,Dhenkanal,Odisha,2023,21.6557,85.5853,671182,170294,500888,386,25,432,13,0.4056,0.5751,0.1287,0.4027,0
IND_0484,Gajapati,Odisha,2019,21.1927,84.6171,240869,48773,192096,109,8,169,4,0.4161,0.4525,0.1403,0.4028,0
IND_0484,Gajapati,Odisha,2020,21.1927,84.6171,244707,50774,193933,232,,215,5,0.4144,0.9481,0.1757,0.4864,0
IND_0484,Gajapati,Odisha,2021,21.1927,84.6171,249222,52957,196265,168,7,150,6,0.5651,0.6741,0.1204,0.4055,0
IND_0484,Gajapati,Odisha,2022,21.1927,84.6171,253655,55167,198488,222,9,110,4,0.4658,0.8752,0.0867,0.4186,0
IND_0484,Gajapati,Odisha,2023,21.1927,84.6171,256623,57096,199527,273,6,73,4,0.3941,1.0638,0.0569,0.4298,0
IND_0485,Ganjam,Odisha,2019,20.6912,85.3552,524591,111939,412652,125,7,191,6,0.4569,0.2383,0.0728,0.2712,1
IND_0485,Ganjam,Odisha,2020,20.6912,85.3552,533621,116534,417087,126,,302,6,0.6153,0.2361,0.1132,0.2357,1
IND_0485,Ganjam,Odisha,2021,20.6912,85.3552,539082,120422,418660,168,10,162,7,0.4983,0.3116,0.0601,0.2596,1
IND_0485,Ganjam,Odisha,2022,20.6912,85.3552,548503,125269,423234,,11,176,4,0.5185,,0.0642,0.2654,1
IND_0485,Ganjam,Odisha,2023,20.6912,85.3552,554675,129452,425223,289,7,181,5,0.4747,0.521,0.0653,0.2865,1
IND_0486,Jagatsinghpur,Odisha,2019,20.3267,85.1458,755886,147525,608361,529,30,732,17,0.3958,0.6998,0.1937,0.4669,0
IND_0486,Jagatsinghpur,Odisha,2020,20.3267,85.1458,765193,153167,612026,,30,382,18,0.4383,0.5541,0.0998,0.4406,0
IND_0486,Jagatsinghpur,Odisha,2021,20.3267,85.1458,777465,159511,617954,,27,439,18,,1.0264,0.1129,0.4785,0
IND_0486,Jagatsinghpur,Odisha,2022,20.3267,85.1458,790498,166137,624361,685,28,555,11,0.4589,,0.1404,0.4132,0
IND_0486,Jagatsinghpur,Odisha,2023,20.3267,85.1458,811142,174532,636610,639,33,999,,0.4153,0.7878,0.2463,0.5244,0
IND_0487,Jajpur,Odisha,2019,21.6581,83.8722,317239,,247719,187,7,157,6,0.4053,0.5895,0.099,0.4219,0
IND_0487,Jajpur,Odisha,2020,21.6581,83.8722,322467,72278,250189,207,11,,5,0.4384,0.6419,0.1675,0.4031,0
IND_0487,Jajpur,Odisha,2021,21.6581,83.8722,325073,74487,250586,264,8,184,8,0.4192,0.8121,0.1132,0.4698,0
IND_0487,Jajpur,Odisha,2022,21.6581,83.8722,334508,78322,256186,219,11,219,5,0.3819,0.6547,0.1309,0.4199,0
IND_0487,Jajpur,Odisha,2023,21.6581,83.8722,334848,80076,254772,359,8,207,8,0.4734,1.0721,0.1236,0.4978,0
IND_0488,Jharsuguda,Odisha,2019,19.437,86.3449,1123716,269021,854695,829,35,948,19,0.4776,0.7377,0.1687,0.4077,0
IND_0488,Jharsuguda,Odisha,2020,19.437,86.3449,1143485,279471,864014,544,39,1186,14,0.4706,0.4757,0.2074,0.3455,0
IND_0488,Jharsuguda,Odisha,2021,19.437,86.3449,1150919,287042,863877,681,,562,19,0.5204,0.5917,0.0977,0.371,0
IND_0488,Jharsuguda,Odisha,2022,19.437,86.3449,1171436,298016,873420,735,35,506,27,0.4276,0.6274,,0.4471,0
IND_0488,Jharsuguda,Odisha,2023,19.437,86.3449,1200150,311322,888828,948,37,805,25,0.3915,0.7899,0.1341,0.4935,0
IND_0489,Kalahandi,Odisha,2019,19.3576,83.9015,211324,45367,165957,44,2,60,1,0.61,0.2082,0.0568,0.1864,1
IND_0489,Kalahandi,Odisha,2020,19.3576,83.9015,213951,47001,166950,88,,50,2,,0.4113,0.0467,0.284,1
IND_0489,Kalahandi,Odisha,2021,19.3576,83.9015,216885,48729,168156,82,4,,2,,0.3781,0.0627,0.2603,1
IND_0489,Kalahandi,Odisha,2022,19.3576,83.9015,222230,51042,171188,80,2,50,1,0.4592,0.36,0.045,0.2482,1
IND_0489,Kalahandi,Odisha,2023,19.3576,83.9015,221836,52060,169776,37,,,1,0.5214,0.1668,,0.1986,1
IND_0490,Kandhamal,Odisha,2019,21.2808,85.7401,261689,70112,,120,5,129,1,,,0.0986,0.213,1
IND_0490,Kandhamal,Odisha,2020,21.2808,85.7401,266035,72607,193428,54,3,50,2,0.5719,0.203,0.0376,0.1973,1
IND_0490,Kandhamal,Odisha,2021,21.2808,85.7401,271101,75345,195756,94,4,50,3,0.617,0.3467,0.0369,0.2273,1
IND_0490,Kandhamal,Odisha,2022,21.2808,85.7401,275905,78060,197845,58,6,175,3,0.568,,0.1269,0.2631,1
IND_0490,Kandhamal,Odisha,2023,21.2808,85.7401,279440,80457,198983,130,4,95,1,,0.4652,0.068,0.2392,1
IND_0491,Kendrapara,Odisha,2019,21.1509,85.3862,387902,75246,312656,257,14,426,8,0.3651,0.6625,0.2196,0.4593,0
IND_0491,Kendrapara,Odisha,2020,21.1509,85.3862,394674,78533,316141,303,12,307,7,0.5276,0.7677,0.1556,0.4101,0
IND_0491,Kendrapara,Odisha,2021,21.1509,85.3862,399846,81561,318285,319,,,6,,0.7978,0.1496,0.4034,0
IND_0491,Kendrapara,Odisha,2022,21.1509,85.3862,402831,,318646,289,13,393,8,0.4296,0.7174,,0.4465,0
IND_0491,Kendrapara,Odisha,2023,21.1509,85.3862,413686,88521,325165,241,9,201,7,0.4401,,0.0972,0.3895,0
IND_0492,Kendujhar,Odisha,2019,18.694,81.7123,451300,40416,410884,229,14,331,14,0.3687,0.5074,,0.4745,0
IND_0492,Kendujhar,Odisha,2020,18.694,81.7123,457916,43298,414618,267,,,8,0.4361,0.5831,0.2053,0.3737,0
IND_0492,Kendujhar,Odisha,2021,18.694,81.7123,467043,46496,420547,262,15,479,10,0.3943,0.561,0.2051,0.4353,0
IND_0492,Kendujhar,Odisha,2022,18.694,81.7123,472646,49417,423229,345,14,375,11,0.3959,0.7299,0.1587,0.4329,0
IND_0492,Kendujhar,Odisha,2023,18.694,81.7123,481679,52770,428909,353,11,214,10,0.483,0.7329,0.0889,0.4067,0
IND_0493,Khordha,Odisha,2019,19.5102,85.8622,1745542,445083,1300459,522,28,,19,0.5561,0.299,0.0949,0.2684,1
IND_0493,Khordha,Odisha,2020,19.5102,85.8622,1770896,460403,1310493,807,29,701,21,0.5462,0.4557,0.0792,0.2907,1
IND_0493,Khordha,Odisha,2021,19.5102,85.8622,1796141,475947,1320194,1031,29,687,12,0.6053,0.574,0.0765,0.2595,1
IND_0493,Khordha,Odisha,2022,19.5102,85.8622,1829543,493945,,914,28,372,24,0.4632,0.4996,0.0407,0.3486,1
IND_0493,Khordha,Odisha,2023,19.5102,85.8622,1837684,505332,1332352,609,29,441,13,0.4922,,0.048,0.2292,1
IND_0494,Koraput,Odisha,2019,20.6037,81.7074,971981,,,496,14,268,,0.5155,0.5103,0.0551,0.2634,1
IND_0494,Koraput,Odisha,2020,20.6037,81.7074,985469,187979,797490,219,14,439,11,0.6324,0.2222,0.0891,0.2078,1
IND_0494,Koraput,Odisha,2021,20.6037,81.7074,1002028,196147,805881,,,399,8,0.5701,,0.0796,0.2263,1
IND_0494,Koraput,Odisha,2022,20.6037,81.7074,1009009,202559,806450,233,16,383,13,0.4207,0.2309,0.0759,0.2984,1
IND_0494,Koraput,Odisha,2023,20.6037,81.7074,1038687,213710,824977,244,16,,8,0.5475,0.2349,0.042,0.2207,1
IND_0495,Malkangiri,Odisha,2019,21.8422,84.5939,587467,164781,422686,571,16,312,,0.4851,0.972,0.1062,0.4703,0
IND_0495,Malkangiri,Odisha,2020,21.8422,84.5939,595078,169892,425186,577,16,268,13,0.5196,0.9696,0.0901,0.4599,0
IND_0495,Malkangiri,Odisha,2021,21.8422,84.5939,606468,176176,430292,344,22,532,14,0.5087,0.5672,0.1754,0.4454,0
IND_0495,Malkangiri,Odisha,2022,21.8422,84.5939,612207,180904,431303,539,16,310,8,0.4802,0.8804,0.1013,0.4096,0
IND_0495,Malkangiri,Odisha,2023,21.8422,84.5939,622687,187114,435573,354,14,333,15,0.385,0.5685,0.107,0.4648,0
IND_0496,Mayurbhanj,Odisha,2019,21.602,81.632,572373,106832,465541,197,12,222,6,0.4279,0.3442,0.0776,0.2902,1
IND_0496,Mayurbhanj,Odisha,2020,21.602,81.632,580897,111327,,,9,113,7,0.4976,0.3684,0.0389,0.2728,1
IND_0496,Mayurbhanj,Odisha,2021,21.602,81.632,586420,115318,471102,267,7,,7,0.6062,0.4553,0.0399,0.2733,1
IND_0496,Mayurbhanj,Odisha,2022,21.602,81.632,593307,119638,473669,177,9,197,6,,0.2983,,0.2178,1
IND_0496,Mayurbhanj,Odisha,2023,21.602,81.632,602009,,477606,390,9,135,5,0.4992,,0.0448,0.3194,1
IND_0497,Nabarangpur,Odisha,2019,18.4722,85.288,936256,238334,697922,841,36,790,25,,0.8983,0.1688,0.5564,0
IND_0497,Nabarangpur,Odisha,2020,18.4722,85.288,949882,246553,703329,907,39,1031,16,0.429,0.9549,0.2171,0.4951,0
IND_0497,Nabarangpur,Odisha,2021,18.4722,85.288,968757,256296,712461,988,38,1076,25,0.5306,1.0199,0.2221,0.5489,0
IND_0497,Nabarangpur,Odisha,2022,18.4722,85.288,985119,265550,719569,597,28,743,18,0.4758,,0.1508,0.3835,0
IND_0497,Nabarangpur,Odisha,2023,18.4722,85.288,984859,270404,714455,697,31,886,25,0.4772,0.7077,,0.4948,0
IND_0498,Nayagarh,Odisha,2019,20.7349,86.0792,458591,117310,341281,,13,387,12,0.4724,0.6673,0.1688,0.4734,0
IND_0498,Nayagarh,Odisha,2020,20.7349,86.0792,465620,121436,344184,446,11,196,6,0.4323,0.9579,0.0842,0.4241,0
IND_0498,Nayagarh,Odisha,2021,20.7349,86.0792,473395,125831,347564,415,19,561,5,0.4328,0.8766,0.237,0.4215,0
IND_0498,Nayagarh,Odisha,2022,20.7349,86.0792,483224,,352365,291,11,348,10,0.4192,0.6022,0.144,0.4245,0
IND_0498,Nayagarh,Odisha,2023,20.7349,86.0792,489818,135094,354724,316,18,419,7,0.3919,0.6451,0.1711,0.425,0
IND_0499,Nuapada,Odisha,2019,18.8463,84.4961,498753,105979,392774,,8,114,5,0.5847,0.3429,0.0457,0.2429,1
IND_0499,Nuapada,Odisha,2020,18.8463,84.4961,506385,110133,,189,7,216,7,0.6046,0.3732,,0.2723,1
IND_0499,Nuapada,Odisha,2021,18.8463,84.4961,514197,114403,399794,,10,223,6,0.6234,0.4142,0.0867,0.2769,1
IND_0499,Nuapada,Odisha,2022,18.8463,84.4961,521233,118574,402659,172,5,145,5,0.6016,0.33,0.0556,0.2115,1
IND_0499,Nuapada,Odisha,2023,18.8463,84.4961,529858,123186,406672,332,11,314,3,0.5064,0.6266,0.1185,0.2804,1
IND_0500,Puri,Odisha,2019,20.3215,87.1086,564405,86025,478380,494,18,309,13,0.4842,0.8753,0.1095,0.4294,0
IND_0500,Puri,Odisha,2020,20.3215,87.1086,571427,89952,481475,288,16,192,9,0.4175,0.504,0.0672,0.3438,0
IND_0500,Puri,Odisha,2021,20.3215,87.1086,579305,94089,485216,349,22,663,12,0.4693,0.6024,0.2289,0.4216,0
IND_0500,Puri,Odisha,2022,20.3215,87.1086,590052,98784,491268,284,,161,11,0.4315,0.4813,0.0546,0.372,0
IND_0500,Puri,Odisha,2023,20.3215,87.1086,602542,,498654,555,24,294,14,0.4279,0.9211,0.0976,0.4711,0
IND_0501,Rayagada,Odisha,2019,19.258,82.523,307518,,,179,11,137,6,0.3818,0.5821,0.0891,0.4304,0
IND_0501,Rayagada,Odisha,2020,19.258,82.523,312165,61168,250997,241,10,243,7,0.4813,0.772,,0.443,0
IND_0501,Rayagada,Odisha,2021,19.258,82.523,316677,63635,253042,316,7,133,6,0.5007,0.9979,0.084,0.4429,0
IND_0501,Rayagada,Odisha,2022,19.258,82.523,323632,66651,256981,154,11,266,5,0.4689,0.4758,0.1644,0.3191,0
IND_0501,Rayagada,Odisha,2023,19.258,82.523,326486,68871,257615,192,9,137,6,0.3557,0.5881,0.0839,0.3815,0
IND_0502,Sambalpur,Odisha,2019,20.9311,81.443,161543,29845,131698,138,3,85,2,0.3844,0.8543,0.1052,0.4324,0
IND_0502,Sambalpur,Odisha,2020,20.9311,81.443,163582,31040,132542,110,6,73,,0.4638,0.6724,0.0893,0.4566,0
IND_0502,Sambalpur,Odisha,2021,20.9311,81.443,166499,32426,134073,157,5,80,4,0.4898,0.9429,0.0961,0.472,0
IND_0502,Sambalpur,Odisha,2022,20.9311,81.443,170205,33999,136206,162,4,,,0.4317,,0.0905,0.3804,0
IND_0502,Sambalpur,Odisha,2023,20.9311,81.443,170638,34938,135700,150,3,54,3,0.4521,0.8791,0.0633,0.4113,0
IND_0503,Sonepur,Odisha,2019,22.5602,81.5743,887065,,700122,364,14,320,6,0.5059,0.4103,0.0721,0.2581,1
IND_0503,Sonepur,Odisha,2020,22.5602,81.5743,898885,193928,704957,272,10,296,,0.5791,,0.0659,0.2587,1
IND_0503,Sonepur,Odisha,2021,22.5602,81.5743,913310,201607,711703,271,10,217,11,,0.2967,0.0475,0.2738,1
IND_0503,Sonepur,Odisha,2022,22.5602,81.5743,928112,209515,718597,250,15,,6,0.5864,0.2694,0.0733,0.194,1
IND_0503,Sonepur,Odisha,2023,22.5602,81.5743,945959,218273,727686,282,18,546,9,0.5831,0.2981,0.1154,0.2555,1
IND_0504,Subarnapur,Odisha,2019,22.4228,81.5696,708138,141187,566951,692,16,339,20,0.4213,0.9772,0.0957,0.5419,0
IND_0504,Subarnapur,Odisha,2020,22.4228,81.5696,717791,146700,571091,343,25,545,14,0.4671,0.4779,0.1519,0.3571,0
IND_0504,Subarnapur,Odisha,2021,22.4228,81.5696,728603,152553,576050,446,19,564,14,0.3951,0.6121,0.1548,0.4358,0
IND_0504,Subarnapur,Odisha,2022,22.4228,81.5696,743793,159452,584341,423,17,361,10,0.382,0.5687,0.0971,0.3843,0
IND_0504,Subarnapur,Odisha,2023,22.4228,81.5696,755188,165671,589517,366,22,315,17,0.3764,0.4846,0.0834,0.412,0
IND_0505,Sundargarh,Odisha,2019,21.8128,87.3846,146953,34482,112471,144,,135,3,0.4068,0.9799,0.1837,0.5092,0
IND_0505,Sundargarh,Odisha,2020,21.8128,87.3846,149449,35815,113634,87,6,,3,0.5443,0.5821,,0.4002,0
IND_0505,Sundargarh,Odisha,2021,21.8128,87.3846,151872,37155,,105,5,129,1,0.411,0.6914,0.1699,0.3317,0
IND_0505,Sundargarh,Odisha,2022,21.8128,87.3846,154930,38678,116252,97,3,89,3,0.3887,0.6261,0.1149,0.4381,0
IND_0505,Sundargarh,Odisha,2023,21.8128,87.3846,157325,40062,117263,,6,153,2,0.4362,0.6992,0.1945,0.4085,0
IND_0506,Bokaro,Jharkhand,2019,23.0615,87.7367,383981,103749,280232,203,12,282,5,0.4425,0.5287,0.1469,0.3461,0
IND_0506,Bokaro,Jharkhand,2020,23.0615,87.7367,388929,107030,281899,202,12,308,9,0.5265,,0.1584,0.436,0
IND_0506,Bokaro,Jharkhand,2021,23.0615,87.7367,397181,111287,285894,344,9,204,8,0.4957,0.8661,0.1027,0.4446,0
IND_0506,Bokaro,Jharkhand,2022,23.0615,87.7367,402667,114838,287829,349,15,171,9,0.4703,0.8667,0.0849,0.4602,0
IND_0506,Bokaro,Jharkhand,2023,23.0615,87.7367,411204,119328,291876,254,16,276,8,0.4449,0.6177,,0.4343,0
IND_0507,Chatra,Jharkhand,2019,25.238,87.2613,366994,62033,304961,289,12,296,10,0.4952,0.7875,0.1613,0.4952,0
IND_0507,Chatra,Jharkhand,2020,25.238,87.2613,372433,64815,307618,187,12,256,10,0.439,0.5021,0.1375,0.4668,0
IND_0507,Chatra,Jharkhand,2021,25.238,87.2613,379652,67969,311683,,11,274,6,,0.453,,0.361,0
IND_0507,Chatra,Jharkhand,2022,25.238,87.2613,382563,70403,312160,346,,285,8,0.3943,0.9044,0.149,0.479,0
IND_0507,Chatra,Jharkhand,2023,25.238,87.2613,391478,74001,317477,325,13,156,7,0.4126,,0.0797,0.4295,0
IND_0508,Deoghar,Jharkhand,2019,23.5759,87.1798,627059,112956,514103,557,19,461,17,0.4308,,0.147,0.5112,0
IND_0508,Deoghar,Jharkhand,2020,23.5759,87.1798,635777,117706,518071,272,24,605,9,,0.4278,0.1903,0.3513,0
IND_0508,Deoghar,Jharkhand,2021,23.5759,87.1798,645522,122737,522785,283,24,488,14,,0.4384,0.1512,0.3661,0
IND_0508,Deoghar,Jharkhand,2022,23.5759,87.1798,657465,128296,529169,452,15,245,18,0.4952,0.6875,0.0745,0.4735,0
IND_0508,Deoghar,Jharkhand,2023,23.5759,87.1798,661195,132329,528866,442,14,232,13,0.4952,0.6685,0.0702,0.4126,0
IND_0509,Dhanbad,Jharkhand,2019,24.9781,84.3473,440480,97339,343141,214,8,229,6,0.4588,0.4858,0.104,0.3556,1
IND_0509,Dhanbad,Jharkhand,2020,24.9781,84.3473,447264,101075,346189,149,,149,6,0.5753,,0.0666,0.274,1
IND_0509,Dhanbad,Jharkhand,2021,24.9781,84.3473,454533,104990,349543,134,4,106,2,0.4985,0.2948,0.0466,0.2005,1
IND_0509,Dhanbad,Jharkhand,2022,24.9781,84.3473,461837,108986,352851,133,9,164,5,0.6266,0.288,0.071,0.2315,1
IND_0509,Dhanbad,Jharkhand,2023,24.9781,84.3473,462625,111485,351140,157,4,103,5,0.538,0.3394,0.0445,0.2684,1
IND_0510,Dumka,Jharkhand,2019,24.2348,85.6695,253246,79576,173670,63,4,61,1,0.6006,0.2488,0.0482,0.1762,1
IND_0510,Dumka,Jharkhand,2020,24.2348,85.6695,257604,82234,175370,66,3,74,,0.7052,0.2562,0.0575,0.2317,1
IND_0510,Dumka,Jharkhand,2021,24.2348,85.6695,261106,84657,176449,78,2,50,2,0.6043,0.2987,,0.2182,1
IND_0510,Dumka,Jharkhand,2022,24.2348,85.6695,266660,87791,178869,51,4,97,2,0.457,0.1913,0.0728,0.2495,1
IND_0510,Dumka,Jharkhand,2023,24.2348,85.6695,268683,89801,178882,70,4,80,2,0.533,0.2605,0.0595,0.244,1
IND_0511,East Singhbhum,Jharkhand,2019,24.8519,85.9124,1252417,324692,927725,269,20,559,16,0.5515,0.2148,0.0893,0.2796,1
IND_0511,East Singhbhum,Jharkhand,2020,24.8519,85.9124,1274129,336692,937437,555,19,278,8,0.6478,0.4356,,0.2079,1
IND_0511,East Singhbhum,Jharkhand,2021,24.8519,85.9124,1284517,345859,938658,230,22,333,11,0.5613,0.1791,0.0518,0.1972,1
IND_0511,East Singhbhum,Jharkhand,2022,24.8519,85.9124,1304364,357725,946639,176,19,512,,0.5099,0.1349,0.0785,0.267,1
IND_0511,East Singhbhum,Jharkhand,2023,24.8519,85.9124,1339137,373957,965180,282,21,486,,0.4548,0.2106,0.0726,0.2444,1
IND_0512,Garhwa,Jharkhand,2019,25.1014,86.6599,370699,107531,263168,160,11,167,5,0.3759,0.4316,0.0901,0.3545,0
IND_0512,Garhwa,Jharkhand,2020,25.1014,86.6599,376556,111113,265443,279,10,225,5,0.5363,0.7409,0.1195,0.3764,0
IND_0512,Garhwa,Jharkhand,2021,25.1014,86.6599,380888,114296,266592,221,10,254,7,0.5938,0.5802,0.1334,0.3823,0
IND_0512,Garhwa,Jharkhand,2022,25.1014,86.6599,385763,117687,268076,276,10,259,6,0.4178,0.7155,0.1343,0.3896,0
IND_0512,Garhwa,Jharkhand,2023,25.1014,86.6599,393700,,271623,173,10,120,7,0.4798,0.4394,,0.3587,0
IND_0513,Giridih,Jharkhand,2019,24.8399,86.108,532613,170478,,107,6,178,,0.6094,0.2009,0.0668,0.2323,1
IND_0513,Giridih,Jharkhand,2020,24.8399,86.108,540877,175828,365049,92,8,117,5,,0.1701,0.0433,0.2382,1
IND_0513,Giridih,Jharkhand,2021,24.8399,86.108,547271,180643,366628,164,7,102,3,0.5897,0.2997,0.0373,0.2203,1
IND_0513,Giridih,Jharkhand,2022,24.8399,86.108,556272,186395,369877,206,12,269,3,0.5127,0.3703,0.0967,0.2432,1
IND_0513,Giridih,Jharkhand,2023,24.8399,86.108,569743,193758,375985,268,8,150,5,0.5835,0.4704,,0.2497,1
IND_0514,Godda,Jharkhand,2019,22.065,85.9225,671029,222314,448715,186,8,165,7,0.5097,0.2772,0.0492,0.2704,1
IND_0514,Godda,Jharkhand,2020,22.065,85.9225,681722,229266,452456,283,10,139,6,0.6905,0.4151,0.0408,0.2275,1
IND_0514,Godda,Jharkhand,2021,22.065,85.9225,690237,235580,454657,181,10,139,6,0.5852,0.2622,0.0403,0.2536,1
IND_0514,Godda,Jharkhand,2022,22.065,85.9225,699293,242168,457125,170,10,204,4,,0.2431,0.0583,0.2201,1
IND_0514,Godda,Jharkhand,2023,22.065,85.9225,720214,253014,467200,146,,211,8,0.5427,0.2027,0.0586,0.2545,1
IND_0515,Gumla,Jharkhand,2019,23.8592,86.5227,418046,75072,342974,348,14,379,11,0.3969,0.8324,0.1813,0.4945,0
IND_0515,Gumla,Jharkhand,2020,23.8592,86.5227,424609,78374,346235,180,9,165,9,0.594,0.4239,0.0777,0.3369,0
IND_0515,Gumla,Jharkhand,2021,23.8592,86.5227,433123,82111,351012,337,16,423,10,0.4865,0.7781,0.1953,0.4744,0
IND_0515,Gumla,Jharkhand,2022,23.8592,86.5227,438940,85409,353531,,10,263,7,0.4751,,0.1198,0.3682,0
IND_0515,Gumla,Jharkhand,2023,23.8592,86.5227,441381,88091,353290,255,10,282,12,0.38,0.5777,0.1278,0.486,0
IND_0516,Hazaribagh,Jharkhand,2019,23.7687,85.9906,170300,46429,123871,92,6,152,,0.4576,0.5402,0.1785,0.3375,0
IND_0516,Hazaribagh,Jharkhand,2020,23.7687,85.9906,172423,47870,124553,112,6,75,3,0.4297,0.6496,0.087,0.3954,0
IND_0516,Hazaribagh,Jharkhand,2021,23.7687,85.9906,175637,49640,125997,110,,70,3,0.5481,0.6263,0.0797,0.3671,0
IND_0516,Hazaribagh,Jharkhand,2022,23.7687,85.9906,178167,51246,126921,75,4,68,4,0.3711,,0.0763,0.4115,0
IND_0516,Hazaribagh,Jharkhand,2023,23.7687,85.9906,181195,53023,128172,90,5,93,2,0.5069,0.4967,0.1027,0.2925,0
IND_0517,Jamtara,Jharkhand,2019,24.3946,84.8824,425866,82094,343772,,10,,5,0.3689,0.7162,0.0587,0.371,0
IND_0517,Jamtara,Jharkhand,2020,24.3946,84.8824,432927,85619,347308,228,13,379,7,0.4502,0.5266,0.1751,0.3822,0
IND_0517,Jamtara,Jharkhand,2021,24.3946,84.8824,441248,89471,351777,325,,225,11,0.5506,0.7365,0.102,0.4281,0
IND_0517,Jamtara,Jharkhand,2022,24.3946,84.8824,445677,92598,353079,210,16,272,12,0.4015,0.4712,0.1221,0.4689,0
IND_0517,Jamtara,Jharkhand,2023,24.3946,84.8824,451165,,355171,387,,296,12,,,0.1312,0.5143,0
IND_0518,Khunti,Jharkhand,2019,23.4415,87.1839,586308,121675,464633,134,9,134,4,0.4985,0.2285,,0.2082,1
IND_0518,Khunti,Jharkhand,2020,23.4415,87.1839,595995,126666,469329,240,10,261,8,0.6471,0.4027,0.0876,0.2557,1
IND_0518,Khunti,Jharkhand,2021,23.4415,87.1839,606694,131973,474721,153,12,237,4,0.4875,0.2522,0.0781,0.2133,1
IND_0518,Khunti,Jharkhand,2022,23.4415,87.1839,611388,136051,475337,,13,220,7,0.5593,0.2911,,0.2555,1
IND_0518,Khunti,Jharkhand,2023,23.4415,87.1839,625400,142296,483104,219,8,181,,0.4754,,0.0579,0.2923,1
IND_0519,Koderma,Jharkhand,2019,24.9671,85.0902,269478,85266,184212,152,,98,3,0.4798,0.5641,0.0727,0.3233,0
IND_0519,Koderma,Jharkhand,2020,24.9671,85.0902,273881,88029,185852,139,6,78,4,0.4148,0.5075,0.057,0.3669,0
IND_0519,Koderma,Jharkhand,2021,24.9671,85.0902,278478,90899,187579,195,8,199,3,0.5366,0.7002,0.1429,0.3504,0
IND_0519,Koderma,Jharkhand,2022,24.9671,85.0902,283593,93986,189607,127,10,198,4,0.4469,0.4478,0.1396,0.3566,0
IND_0519,Koderma,Jharkhand,2023,24.9671,85.0902,285686,96108,189578,157,6,92,3,,,0.0644,0.3048,0
IND_0520,Latehar,Jharkhand,2019,24.1152,87.0852,638274,243236,395038,360,20,296,10,0.4236,0.564,,0.4001,0
IND_0520,Latehar,Jharkhand,2020,24.1152,87.0852,646918,249765,397153,423,22,469,9,,0.6539,0.145,0.3982,0
IND_0520,Latehar,Jharkhand,2021,24.1152,87.0852,659197,257802,,372,14,219,7,,0.5643,0.0664,0.3568,0
IND_0520,Latehar,Jharkhand,2022,24.1152,87.0852,666401,263951,402450,494,25,477,,0.4453,0.7413,0.1432,0.4658,0
IND_0520,Latehar,Jharkhand,2023,24.1152,87.0852,679397,272496,406901,644,15,209,6,0.4486,0.9479,,0.3876,0
IND_0521,Lohardaga,Jharkhand,2019,22.8675,87.4469,1209636,318533,891103,569,,616,23,0.4596,0.4704,0.1018,0.4072,0
IND_0521,Lohardaga,Jharkhand,2020,22.8675,87.4469,1227681,329423,898258,660,,,17,0.4987,0.5376,0.0515,0.3497,0
IND_0521,Lohardaga,Jharkhand,2021,22.8675,87.4469,1247457,340967,906490,567,47,1136,19,0.5798,0.4545,0.1821,0.3409,0
IND_0521,Lohardaga,Jharkhand,2022,22.8675,87.4469,1264076,351830,912246,882,38,686,28,0.4228,0.6977,0.1085,0.4708,0
IND_0521,Lohardaga,Jharkhand,2023,22.8675,87.4469,1278055,362111,915944,,50,1499,16,0.471,0.9366,0.2346,0.449,0
IND_0522,Pakur,Jharkhand,2019,24.3773,87.2229,986026,412219,573807,632,22,552,12,0.4885,0.641,0.112,0.3804,0
IND_0522,Pakur,Jharkhand,2020,24.3773,87.2229,1002956,424312,578644,701,37,,12,0.4937,0.6989,0.2198,0.3917,0
IND_0522,Pakur,Jharkhand,2021,24.3773,87.2229,1018965,436179,582786,934,36,848,15,0.4643,0.9166,0.1664,0.4639,0
IND_0522,Pakur,Jharkhand,2022,24.3773,87.2229,1037972,449505,588467,975,27,797,13,0.3847,0.9393,,0.476,0
IND_0522,Pakur,Jharkhand,2023,24.3773,87.2229,1038922,455111,583811,825,37,933,12,0.3661,0.7941,,0.4438,0
IND_0523,Palamu,Jharkhand,2019,24.6195,86.1415,620777,171755,449022,173,12,193,7,,0.2787,0.0622,0.2672,1
IND_0523,Palamu,Jharkhand,2020,24.6195,86.1415,628950,177161,451789,213,14,190,6,0.6114,0.3387,0.0604,0.1884,1
IND_0523,Palamu,Jharkhand,2021,24.6195,86.1415,638744,183113,455631,158,14,348,4,0.6145,0.2474,0.109,0.201,1
IND_0523,Palamu,Jharkhand,2022,24.6195,86.1415,650936,,461073,,9,113,6,0.4466,0.232,0.0347,0.2599,1
IND_0523,Palamu,Jharkhand,2023,24.6195,86.1415,665310,197382,467928,121,13,181,6,,0.1819,0.0544,0.2213,1
IND_0524,Ramgarh,Jharkhand,2019,22.3377,86.6881,195181,25636,169545,168,6,148,3,0.4326,0.8607,0.1517,0.3964,0
IND_0524,Ramgarh,Jharkhand,2020,22.3377,86.6881,198681,27090,171591,114,4,94,3,0.5114,0.5738,0.0946,0.3591,0
IND_0524,Ramgarh,Jharkhand,2021,22.3377,86.6881,202046,28559,173487,134,4,114,,0.5516,0.6632,0.1128,0.336,0
IND_0524,Ramgarh,Jharkhand,2022,22.3377,86.6881,204843,29978,174865,189,4,112,4,0.483,0.9227,0.1094,0.4318,0
IND_0524,Ramgarh,Jharkhand,2023,22.3377,86.6881,205326,31076,174250,152,,80,4,0.3935,0.7403,0.0779,0.3982,0
IND_0525,Ranchi,Jharkhand,2019,22.8236,85.9439,473887,135253,338634,,16,189,7,0.4175,0.3946,0.0798,0.3438,0
IND_0525,Ranchi,Jharkhand,2020,22.8236,85.9439,482033,139988,342045,347,15,282,9,0.6101,0.7199,0.117,0.4141,0
IND_0525,Ranchi,Jharkhand,2021,22.8236,85.9439,486115,143604,342511,213,13,373,9,0.5042,0.4382,,0.3701,0
IND_0525,Ranchi,Jharkhand,2022,22.8236,85.9439,491314,147597,343717,218,13,291,,0.4509,0.4437,0.1185,0.4143,0
IND_0525,Ranchi,Jharkhand,2023,22.8236,85.9439,500774,152942,347832,345,20,360,12,0.3779,0.6889,0.1438,0.4914,0
IND_0526,Sahebganj,Jharkhand,2019,23.7566,86.7618,425248,81808,343440,254,,356,9,0.4478,0.5973,0.1674,0.4207,0
IND_0526,Sahebganj,Jharkhand,2020,23.7566,86.7618,431306,85130,346176,378,15,210,12,0.5378,0.8764,0.0974,0.468,0
IND_0526,Sahebganj,Jharkhand,2021,23.7566,86.7618,439946,,350911,,13,294,9,0.5483,0.7546,0.1337,0.4126,0
IND_0526,Sahebganj,Jharkhand,2022,23.7566,86.7618,444913,92265,352648,329,15,,7,0.4253,0.7395,0.0845,0.3922,0
IND_0526,Sahebganj,Jharkhand,2023,23.7566,86.7618,450055,95581,354474,372,9,,6,0.3724,0.8266,,0.4072,0
IND_0527,Seraikela Kharsawan,Jharkhand,2019,23.3208,87.7935,371228,75284,295944,153,6,,5,0.6141,0.4121,,0.249,1
IND_0527,Seraikela Kharsawan,Jharkhand,2020,23.3208,87.7935,376188,78171,298017,51,4,69,2,0.691,0.1356,,0.1601,1
IND_0527,Seraikela Kharsawan,Jharkhand,2021,23.3208,87.7935,381767,81239,,60,5,,2,0.5718,0.1572,0.0545,0.1709,1
IND_0527,Seraikela Kharsawan,Jharkhand,2022,23.3208,87.7935,391517,85271,306246,146,5,87,4,0.5897,0.3729,0.0444,0.2249,1
IND_0527,Seraikela Kharsawan,Jharkhand,2023,23.3208,87.7935,395167,88042,307125,125,7,161,,0.5045,,0.0815,0.2357,1
IND_0528,Simdega,Jharkhand,2019,23.6675,83.6676,159854,,110555,,3,67,3,0.4102,0.6756,0.0838,0.4321,0
IND_0528,Simdega,Jharkhand,2020,23.6675,83.6676,161964,50760,111204,110,3,50,3,,0.6792,0.0617,0.3852,0
IND_0528,Simdega,Jharkhand,2021,23.6675,83.6676,165020,52543,112477,67,5,106,3,0.4507,0.406,0.1285,0.3679,0
IND_0528,Simdega,Jharkhand,2022,23.6675,83.6676,168064,54352,113712,158,6,131,2,0.3994,0.9401,0.1559,0.4339,0
IND_0528,Simdega,Jharkhand,2023,23.6675,83.6676,168031,55182,,135,5,114,3,0.501,0.8034,0.1357,0.4263,0
IND_0529,West Singhbhum,Jharkhand,2019,22.967,84.0761,1279006,412338,,672,49,1028,29,0.3684,0.5254,0.1607,0.4765,0
IND_0529,West Singhbhum,Jharkhand,2020,22.967,84.0761,1298455,425100,873355,1070,33,616,17,,,0.0949,0.3913,0
IND_0529,West Singhbhum,Jharkhand,2021,22.967,84.0761,1320785,439015,881770,656,40,,16,,0.4967,,0.3449,0
IND_0529,West Singhbhum,Jharkhand,2022,22.967,84.0761,1335948,450734,885214,1219,37,526,24,0.4027,0.9125,0.0787,0.5067,0
IND_0529,West Singhbhum,Jharkhand,2023,22.967,84.0761,1365293,467462,897831,961,51,1010,31,0.4376,0.7039,0.148,0.4959,0
IND_0530,Bajali,Assam,2019,24.6781,95.5536,1197609,,1119631,676,,591,25,0.4652,0.5645,0.0987,0.391,0
IND_0530,Bajali,Assam,2020,24.6781,95.5536,1217615,85369,1132246,,31,534,29,0.5453,0.5847,0.0877,0.3742,0
IND_0530,Bajali,Assam,2021,24.6781,95.5536,1238891,93055,1145836,555,39,843,,0.4037,0.448,0.1361,0.4679,0
IND_0530,Bajali,Assam,2022,24.6781,95.5536,1260550,100985,1159565,720,42,1181,30,0.4808,0.5712,0.1874,0.4004,0
IND_0530,Bajali,Assam,2023,24.6781,95.5536,1273286,108371,1164915,1031,38,617,20,0.395,0.8097,0.0969,0.3911,0
IND_0531,Baksa,Assam,2019,24.8274,94.5617,714238,154900,,,,397,7,0.5505,0.427,0.1112,0.2799,1
IND_0531,Baksa,Assam,2020,24.8274,94.5617,722841,160380,,324,11,220,6,0.601,0.4482,0.0609,0.235,1
IND_0531,Baksa,Assam,2021,24.8274,94.5617,737575,167337,570238,215,13,241,7,0.5792,0.2915,0.0653,0.2192,1
IND_0531,Baksa,Assam,2022,24.8274,94.5617,752435,174470,577965,197,14,356,9,,0.2618,,0.2808,1
IND_0531,Baksa,Assam,2023,24.8274,94.5617,754610,178748,575862,217,17,246,8,0.5541,0.2876,0.0652,0.2704,1
IND_0532,Barpeta,Assam,2019,25.2216,93.0841,1816420,403949,1412471,1692,70,1388,,0.4499,0.9315,0.1528,0.5332,0
IND_0532,Barpeta,Assam,2020,25.2216,93.0841,1844936,419515,1425421,1223,75,2022,32,0.5291,0.6629,,0.4294,0
IND_0532,Barpeta,Assam,2021,25.2216,93.0841,1868815,434289,1434526,1378,66,1835,44,,0.7374,0.1964,0.483,0
IND_0532,Barpeta,Assam,2022,25.2216,93.0841,1888251,448247,1440004,1826,47,944,37,0.4535,0.967,0.1,0.448,0
IND_0532,Barpeta,Assam,2023,25.2216,93.0841,1912355,463531,1448824,,46,730,34,0.3917,0.7703,,0.4571,0
IND_0533,Biswanath,Assam,2019,26.1434,92.6073,288656,42460,246196,60,3,51,2,0.6126,,0.0353,0.1652,1
IND_0533,Biswanath,Assam,2020,26.1434,92.6073,293315,44611,,,5,104,3,0.6887,0.225,,0.1697,1
IND_0533,Biswanath,Assam,2021,26.1434,92.6073,298872,46951,251921,57,7,205,3,0.5717,,0.1372,0.2635,1
IND_0533,Biswanath,Assam,2022,26.1434,92.6073,301400,48855,252545,103,5,90,2,0.4122,0.3417,0.0597,0.2709,1
IND_0533,Biswanath,Assam,2023,26.1434,92.6073,308450,51540,256910,76,4,81,2,0.4509,0.2464,0.0525,0.2269,1
IND_0534,Bongaigaon,Assam,2019,26.6482,90.2874,174572,,143401,73,4,57,1,0.5194,0.4182,0.0653,0.2366,1
IND_0534,Bongaigaon,Assam,2020,26.6482,90.2874,177154,32517,144637,26,2,50,,0.6637,0.1468,0.0564,0.1707,1
IND_0534,Bongaigaon,Assam,2021,26.6482,90.2874,179420,33830,145590,50,3,50,2,,0.2787,0.0557,0.2444,1
IND_0534,Bongaigaon,Assam,2022,26.6482,90.2874,183228,35465,147763,43,3,86,1,0.5589,0.2347,0.0939,0.2089,1
IND_0534,Bongaigaon,Assam,2023,26.6482,90.2874,185599,36851,148748,40,3,50,1,0.5872,0.2155,0.0539,0.2052,1
IND_0535,Cachar,Assam,2019,27.8996,90.6609,246113,22006,224107,101,9,195,5,0.4664,0.4104,0.1585,0.3863,0
IND_0535,Cachar,Assam,2020,27.8996,90.6609,249728,23577,226151,195,7,202,8,0.4373,0.7808,0.1618,0.5158,0
IND_0535,Cachar,Assam,2021,27.8996,90.6609,253399,25191,228208,188,9,159,4,0.5445,0.7419,0.1255,0.359,0
IND_0535,Cachar,Assam,2022,27.8996,90.6609,258662,,231655,165,8,147,7,,0.6379,0.1137,0.4342,0
IND_0535,Cachar,Assam,2023,27.8996,90.6609,263362,28815,234547,158,6,159,4,0.4296,,0.1207,0.3395,0
IND_0536,Charaideo,Assam,2019,25.0624,94.2418,463304,77263,386041,183,4,105,6,0.6218,0.395,,0.2603,1
IND_0536,Charaideo,Assam,2020,25.0624,94.2418,470102,80747,389355,93,6,187,4,0.6662,0.1978,0.0796,0.2012,1
IND_0536,Charaideo,Assam,2021,25.0624,94.2418,478943,84660,394283,90,9,159,5,0.4878,0.1879,0.0664,0.2405,1
IND_0536,Charaideo,Assam,2022,25.0624,94.2418,483899,87956,395943,95,7,105,4,0.5312,0.1963,0.0434,0.2189,1
IND_0536,Charaideo,Assam,2023,25.0624,94.2418,496631,92753,403878,143,9,143,7,0.473,0.2879,0.0576,0.3021,1
IND_0537,Chirang,Assam,2019,24.4622,91.6854,303882,64684,239198,233,9,227,7,0.4239,0.7667,0.1494,0.4643,0
IND_0537,Chirang,Assam,2020,24.4622,91.6854,308318,67170,,138,7,122,8,0.4752,0.4476,0.0791,0.4211,0
IND_0537,Chirang,Assam,2021,24.4622,91.6854,313124,69783,243341,246,11,137,7,0.4996,0.7856,0.0875,0.4506,0
IND_0537,Chirang,Assam,2022,24.4622,91.6854,317587,72365,245222,211,11,248,4,0.3732,0.6644,0.1562,0.3977,0
IND_0537,Chirang,Assam,2023,24.4622,91.6854,322724,75150,247574,169,7,92,6,0.471,0.5237,0.057,0.3598,0
IND_0538,Darrang,Assam,2019,25.4539,95.4029,994046,171328,822718,,11,159,8,0.517,0.3481,0.032,0.2291,1
IND_0538,Darrang,Assam,2020,25.4539,95.4029,1008550,178871,829679,326,15,317,11,0.5454,0.3232,0.0629,0.2771,1
IND_0538,Darrang,Assam,2021,25.4539,95.4029,1020068,186014,834054,311,22,,7,0.5776,0.3049,0.0722,0.2039,1
IND_0538,Darrang,Assam,2022,25.4539,95.4029,1038745,194613,844132,376,21,,14,0.5135,0.362,0.0535,0.2971,1
IND_0538,Darrang,Assam,2023,25.4539,95.4029,1059116,203725,855391,277,23,466,10,0.3906,0.2615,0.088,0.2917,1
IND_0539,Dhemaji,Assam,2019,27.3966,92.8926,1294714,377399,,507,20,294,,,0.3916,0.0454,0.3023,1
IND_0539,Dhemaji,Assam,2020,27.3966,92.8926,1310922,388678,922244,390,26,322,12,0.6726,0.2975,0.0491,0.2296,1
IND_0539,Dhemaji,Assam,2021,27.3966,92.8926,1336737,403015,,394,23,495,13,0.5031,0.2947,0.0741,0.273,1
IND_0539,Dhemaji,Assam,2022,27.3966,92.8926,1345928,412516,933412,429,17,297,13,0.5967,0.3187,0.0441,0.2534,1
IND_0539,Dhemaji,Assam,2023,27.3966,92.8926,1381416,430300,951116,591,26,394,15,0.5239,0.4278,0.057,0.2857,1
IND_0540,Dhubri,Assam,2019,28.1051,91.0684,1253892,236076,1017816,607,45,1414,24,0.4392,0.4841,0.2255,0.4031,0
IND_0540,Dhubri,Assam,2020,28.1051,91.0684,1274107,246253,1027854,887,32,629,28,0.4243,0.6962,0.0987,0.4285,0
IND_0540,Dhubri,Assam,2021,28.1051,91.0684,1296228,257009,1039219,603,47,1389,28,0.4941,0.4652,0.2143,0.4193,0
IND_0540,Dhubri,Assam,2022,28.1051,91.0684,1313919,267086,1046833,1000,33,937,29,0.3544,0.7611,0.1426,0.4522,0
IND_0540,Dhubri,Assam,2023,28.1051,91.0684,1321043,275140,1045903,667,35,829,25,0.4659,0.5049,0.1255,0.3736,0
IND_0541,Dibrugarh,Assam,2019,25.9147,92.3802,407907,22949,384958,114,7,163,,0.5965,0.2795,0.0799,0.2555,1
IND_0541,Dibrugarh,Assam,2020,25.9147,92.3802,413701,25343,388358,88,8,228,6,0.5874,0.2127,0.1102,0.269,1
IND_0541,Dibrugarh,Assam,2021,25.9147,92.3802,421887,27954,393933,142,5,88,6,0.5855,0.3366,0.0417,0.2421,1
IND_0541,Dibrugarh,Assam,2022,25.9147,92.3802,424097,30221,393876,64,5,79,5,0.537,0.1509,0.0373,0.2142,1
IND_0541,Dibrugarh,Assam,2023,25.9147,92.3802,437885,33393,404492,,5,102,5,0.527,0.3585,0.0466,0.2694,1
IND_0542,Dima Hasao,Assam,2019,27.7403,92.2457,939365,233725,705640,861,23,652,13,0.4182,0.9166,0.1388,0.4275,0
IND_0542,Dima Hasao,Assam,2020,27.7403,92.2457,952316,241709,710607,399,33,440,14,0.4327,0.419,0.0924,0.3283,0
IND_0542,Dima Hasao,Assam,2021,27.7403,92.2457,968955,250777,718178,938,30,474,22,0.3965,0.9681,0.0978,0.5214,0
IND_0542,Dima Hasao,Assam,2022,27.7403,92.2457,975591,257372,718219,759,35,775,18,0.4766,0.778,,0.4328,0
IND_0542,Dima Hasao,Assam,2023,27.7403,92.2457,1001873,269315,732558,692,43,1013,22,0.3593,0.6907,0.2022,0.5208,0
IND_0543,Goalpara,Assam,2019,25.9321,92.4475,851619,134998,716621,419,31,717,22,,0.492,0.1684,0.4414,0
IND_0543,Goalpara,Assam,2020,25.9321,92.4475,865368,141505,723863,814,34,992,14,0.5694,,0.2293,0.4185,0
IND_0543,Goalpara,Assam,2021,25.9321,92.4475,878015,147963,730052,863,28,567,14,0.5391,0.9829,0.1292,0.3993,0
IND_0543,Goalpara,Assam,2022,25.9321,92.4475,896797,155612,741185,473,20,,26,0.3996,0.5274,0.0609,0.453,0
IND_0543,Goalpara,Assam,2023,25.9321,92.4475,898870,160466,738404,444,35,994,19,0.3658,0.494,0.2212,0.4199,0
IND_0544,Golaghat,Assam,2019,27.5644,93.0032,402648,70920,331728,224,11,193,11,0.4827,0.5563,0.0959,0.4143,0
IND_0544,Golaghat,Assam,2020,27.5644,93.0032,409586,74190,335396,315,,265,7,0.5493,0.7691,0.1294,0.3875,0
IND_0544,Golaghat,Assam,2021,27.5644,93.0032,415118,77268,337850,397,9,114,6,0.4705,0.9564,0.0549,0.4178,0
IND_0544,Golaghat,Assam,2022,27.5644,93.0032,422296,80715,341581,314,13,168,8,0.3956,0.7436,0.0796,0.413,0
IND_0544,Golaghat,Assam,2023,27.5644,93.0032,423733,83109,340624,328,12,349,6,0.4325,0.7741,0.1647,0.4136,0
IND_0545,Hailakandi,Assam,2019,26.2663,95.3114,398166,65341,332825,300,10,,8,0.358,0.7535,0.1437,0.4419,0
IND_0545,Hailakandi,Assam,2020,26.2663,95.3114,403148,68174,334974,365,12,146,9,0.4985,,0.0724,0.4475,0
IND_0545,Hailakandi,Assam,2021,26.2663,95.3114,412048,71739,340309,362,12,227,10,0.4307,0.8785,0.1102,0.4888,0
IND_0545,Hailakandi,Assam,2022,26.2663,95.3114,414953,,340633,,16,333,6,0.4305,0.7278,0.1605,0.3915,0
IND_0545,Hailakandi,Assam,2023,26.2663,95.3114,421715,77640,344075,240,12,283,12,0.4014,0.5691,,0.4964,0
IND_0546,Hojai,Assam,2019,28.1212,92.0771,209230,37175,172055,46,4,108,2,0.5365,0.2199,0.1032,0.2566,1
IND_0546,Hojai,Assam,2020,28.1212,92.0771,211894,38708,173186,77,3,50,1,0.7087,0.3634,0.0472,0.1843,1
IND_0546,Hojai,Assam,2021,28.1212,92.0771,214612,,174334,72,4,50,1,0.5641,0.3355,0.0466,0.2185,1
IND_0546,Hojai,Assam,2022,28.1212,92.0771,217599,41926,175673,60,2,50,2,0.5454,0.2757,0.046,0.2277,1
IND_0546,Hojai,Assam,2023,28.1212,92.0771,221996,43884,178112,77,2,53,3,0.3931,0.3469,,0.3188,1
IND_0547,Jorhat,Assam,2019,26.1882,95.0374,283378,51902,231476,197,7,161,5,,0.6952,0.1136,0.4173,0
IND_0547,Jorhat,Assam,2020,26.1882,95.0374,287930,54176,233754,148,9,217,8,0.4717,0.514,0.1507,0.475,0
IND_0547,Jorhat,Assam,2021,26.1882,95.0374,293610,,236897,255,11,229,8,0.4045,0.8685,0.156,0.54,0
IND_0547,Jorhat,Assam,2022,26.1882,95.0374,297809,59013,238796,272,9,221,7,0.4515,0.9133,0.1484,0.473,0
IND_0547,Jorhat,Assam,2023,26.1882,95.0374,301741,61301,240440,172,11,213,4,0.3542,0.57,0.1412,0.3884,0
IND_0548,Kamrup,Assam,2019,24.2262,92.1063,776837,88141,688696,269,10,219,11,0.5347,0.3463,0.0564,0.2649,1
IND_0548,Kamrup,Assam,2020,24.2262,92.1063,789740,93554,696186,139,,141,8,,0.176,0.0357,0.2405,1
IND_0548,Kamrup,Assam,2021,24.2262,92.1063,803267,99172,704095,283,14,200,6,0.5355,0.3523,0.0498,0.2374,1
IND_0548,Kamrup,Assam,2022,24.2262,92.1063,805245,103443,701802,168,8,227,8,0.4685,0.2086,0.0564,0.2483,1
IND_0548,Kamrup,Assam,2023,24.2262,92.1063,823355,109886,713469,234,13,249,7,0.5868,0.2842,0.0605,0.2069,1
IND_0549,Kamrup Metropolitan,Assam,2019,24.4857,95.1794,479377,,339718,339,11,165,8,0.3707,0.7072,0.0688,0.4339,0
IND_0549,Kamrup Metropolitan,Assam,2020,24.4857,95.1794,486167,144068,342099,471,18,429,10,0.4687,0.9688,,0.4769,0
IND_0549,Kamrup Metropolitan,Assam,2021,24.4857,95.1794,491880,148221,,214,17,231,12,0.5638,0.4351,0.0939,0.3874,0
IND_0549,Kamrup Metropolitan,Assam,2022,24.4857,95.1794,497266,152330,344936,271,21,378,5,0.4135,0.545,0.152,0.3558,0
IND_0549,Kamrup Metropolitan,Assam,2023,24.4857,95.1794,511964,159392,352572,280,19,479,8,0.3449,0.5469,0.1871,0.4237,0
IND_0550,Karbi Anglong,Assam,2019,24.4476,95.914,197829,55750,142079,131,7,145,4,0.4458,0.6622,0.1466,0.4574,0
IND_0550,Karbi Anglong,Assam,2020,24.4476,95.914,201124,57684,143440,139,7,222,3,0.4893,0.6911,0.2208,0.4207,0
IND_0550,Karbi Anglong,Assam,2021,24.4476,95.914,204057,59545,144512,161,6,176,4,0.5167,0.789,0.1725,0.4576,0
IND_0550,Karbi Anglong,Assam,2022,24.4476,95.914,206704,61351,,141,8,228,4,0.3521,,0.2206,0.4998,0
IND_0550,Karbi Anglong,Assam,2023,24.4476,95.914,210035,63390,146645,126,5,118,,0.3712,0.5999,0.1124,0.4592,0
IND_0551,Karimganj,Assam,2019,28.0158,93.6689,1118179,197102,,235,25,434,11,0.4052,0.2102,0.0776,0.2824,1
IND_0551,Karimganj,Assam,2020,28.0158,93.6689,1132206,205235,926971,486,17,,12,0.6213,0.4293,0.0869,0.2686,1
IND_0551,Karimganj,Assam,2021,28.0158,93.6689,1158662,215824,,334,13,,10,,0.2883,0.0433,0.196,1
IND_0551,Karimganj,Assam,2022,28.0158,93.6689,1179339,225573,,248,16,504,10,0.5158,0.2103,0.0855,0.2083,1
IND_0551,Karimganj,Assam,2023,28.0158,93.6689,1182690,232127,950563,346,26,747,14,0.4666,0.2926,0.1263,0.2951,1
IND_0552,Kokrajhar,Assam,2019,24.2827,95.9942,179765,25377,154388,159,5,139,3,,0.8845,0.1546,0.4168,0
IND_0552,Kokrajhar,Assam,2020,24.2827,95.9942,182441,26667,155774,100,5,154,4,0.4448,0.5481,0.1688,0.4253,0
IND_0552,Kokrajhar,Assam,2021,24.2827,95.9942,184288,27859,156429,,4,82,5,0.4361,,0.089,0.4877,0
IND_0552,Kokrajhar,Assam,2022,24.2827,95.9942,188032,29365,158667,173,,178,5,0.34,,0.1893,0.5643,0
IND_0552,Kokrajhar,Assam,2023,24.2827,95.9942,191357,30841,160516,200,7,221,5,0.3863,1.0452,0.231,0.5578,0
IND_0553,Lakhimpur,Assam,2019,27.0508,89.9341,253212,33508,219704,112,6,79,7,0.42,0.4423,0.0624,0.4266,0
IND_0553,Lakhimpur,Assam,2020,27.0508,89.9341,256978,,221687,220,6,125,5,0.5692,0.8561,0.0973,0.4055,0
IND_0553,Lakhimpur,Assam,2021,27.0508,89.9341,259325,36910,222415,144,6,181,7,0.4784,0.5553,0.1396,0.4234,0
IND_0553,Lakhimpur,Assam,2022,27.0508,89.9341,267009,39339,227670,118,7,102,7,0.3772,0.4419,0.0764,0.4089,0
IND_0553,Lakhimpur,Assam,2023,27.0508,89.9341,266194,40549,225645,149,6,126,6,0.3421,0.5597,0.0947,0.4411,0
IND_0554,Majuli,Assam,2019,24.1108,93.4783,295682,85173,210509,191,8,198,,0.3597,0.646,0.1339,0.4538,0
IND_0554,Majuli,Assam,2020,24.1108,93.4783,299273,87704,,146,12,336,7,0.5026,0.4878,0.2245,0.4565,0
IND_0554,Majuli,Assam,2021,24.1108,93.4783,303340,90412,212928,179,8,97,6,0.5357,0.5901,0.064,0.3914,0
IND_0554,Majuli,Assam,2022,24.1108,93.4783,309828,93895,215933,205,7,,7,0.3663,0.6617,,0.4662,0
IND_0554,Majuli,Assam,2023,24.1108,93.4783,317154,97701,219453,153,10,220,5,0.4681,0.4824,0.1387,0.3731,0
IND_0555,Morigaon,Assam,2019,27.5194,90.8813,300159,25446,274713,174,10,238,8,0.4198,0.5797,0.1586,0.4597,0
IND_0555,Morigaon,Assam,2020,27.5194,90.8813,304306,,276986,131,12,292,4,0.4832,,0.1919,0.3323,0
IND_0555,Morigaon,Assam,2021,27.5194,90.8813,308295,29219,279076,240,10,261,4,,0.7785,0.1693,0.3243,0
IND_0555,Morigaon,Assam,2022,27.5194,90.8813,315231,31453,283778,166,11,176,9,,0.5266,0.1117,0.4385,0
IND_0555,Morigaon,Assam,2023,27.5194,90.8813,321659,33702,287957,172,10,,9,0.402,0.5347,0.1542,0.4585,0
IND_0556,Nagaon,Assam,2019,25.6065,90.1723,407799,,337867,374,15,373,9,0.4529,0.9171,0.1829,0.4763,0
IND_0556,Nagaon,Assam,2020,25.6065,90.1723,412980,72885,340095,,14,240,11,0.5383,,0.1162,0.4136,0
IND_0556,Nagaon,Assam,2021,25.6065,90.1723,420965,76399,344566,358,13,333,5,0.4954,0.8504,0.1582,0.3801,0
IND_0556,Nagaon,Assam,2022,25.6065,90.1723,428329,79878,348451,272,11,141,11,0.4235,0.635,0.0658,0.4559,0
IND_0556,Nagaon,Assam,2023,25.6065,90.1723,427804,81919,345885,225,10,254,8,0.3528,0.5259,0.1187,0.4255,0
IND_0557,Nalbari,Assam,2019,26.1878,91.0335,527644,,418083,265,17,415,12,0.3507,0.5022,0.1573,0.4582,0
IND_0557,Nalbari,Assam,2020,26.1878,91.0335,536911,114170,422741,469,14,317,7,0.4916,0.8735,0.1181,0.3915,0
IND_0557,Nalbari,Assam,2021,26.1878,91.0335,542794,118134,424660,282,,287,13,0.4293,0.5195,0.1057,0.4391,0
IND_0557,Nalbari,Assam,2022,26.1878,91.0335,553544,123242,430302,567,19,365,9,,1.0243,0.1319,0.4622,0
IND_0557,Nalbari,Assam,2023,26.1878,91.0335,558840,127215,431625,290,14,375,12,0.485,0.5189,0.1342,0.3798,0
IND_0558,Sivasagar,Assam,2019,24.7242,90.1124,283998,34495,249503,211,9,187,7,,0.743,0.1317,0.4426,0
IND_0558,Sivasagar,Assam,2020,24.7242,90.1124,288379,,251910,249,8,144,,0.5492,0.8634,,0.4711,0
IND_0558,Sivasagar,Assam,2021,24.7242,90.1124,292342,38432,253910,175,11,351,4,0.432,0.5986,0.2401,0.3766,0
IND_0558,Sivasagar,Assam,2022,24.7242,90.1124,298547,40741,257806,305,10,239,8,0.3818,1.0216,0.1601,0.5466,0
IND_0558,Sivasagar,Assam,2023,24.7242,90.1124,298807,42270,256537,,11,134,5,0.3631,0.8902,0.0897,0.4591,0
IND_0559,Sonitpur,Assam,2019,25.2724,90.0095,80000,17080,62920,42,3,50,1,0.4693,0.525,0.125,0.3488,0
IND_0559,Sonitpur,Assam,2020,25.2724,90.0095,81128,,63401,42,2,50,1,0.3959,0.5177,0.1233,0.3206,0
IND_0559,Sonitpur,Assam,2021,25.2724,90.0095,82093,18348,63745,64,2,50,2,,0.7796,0.1218,0.4664,0
IND_0559,Sonitpur,Assam,2022,25.2724,90.0095,83704,19127,64577,,2,50,2,0.4545,0.7407,0.1195,0.4544,0
IND_0559,Sonitpur,Assam,2023,25.2724,90.0095,85510,19967,65543,69,3,50,1,0.3995,0.8069,0.1169,0.4181,0
IND_0560,South Salmara-Mankachar,Assam,2019,24.6957,92.549,890085,177909,712176,212,13,319,5,0.5279,0.2382,0.0717,0.1951,1
IND_0560,South Salmara-Mankachar,Assam,2020,24.6957,92.549,901709,184741,716968,268,14,208,6,0.6514,0.2972,0.0461,0.1918,1
IND_0560,South Salmara-Mankachar,Assam,2021,24.6957,92.549,915964,192241,723723,411,11,316,11,0.544,0.4487,0.069,0.2763,1
IND_0560,South Salmara-Mankachar,Assam,2022,24.6957,92.549,925616,198895,726721,141,11,207,9,0.5624,0.1523,0.0447,0.2165,1
IND_0560,South Salmara-Mankachar,Assam,2023,24.6957,92.549,938570,206371,732199,329,10,213,8,0.5313,0.3505,0.0454,0.2423,1
IND_0561,Tinsukia,Assam,2019,24.8206,95.3698,1297223,190975,1106248,1029,53,1169,37,0.3764,0.7932,0.1802,0.5161,0
IND_0561,Tinsukia,Assam,2020,24.8206,95.3698,1315312,200215,,1089,42,1218,35,0.5008,0.8279,0.1852,0.4798,0
IND_0561,Tinsukia,Assam,2021,24.8206,95.3698,1328831,208917,1119914,1173,47,1436,27,0.4985,0.8827,,0.4701,0
IND_0561,Tinsukia,Assam,2022,24.8206,95.3698,1347789,218636,1129153,758,35,976,21,0.3481,0.5624,0.1448,0.4015,0
IND_0561,Tinsukia,Assam,2023,24.8206,95.3698,1382201,231129,1151072,983,39,507,37,0.3557,0.7112,0.0734,0.4806,0
IND_0562,Udalguri,Assam,2019,25.8541,92.9791,432169,108953,323216,331,13,163,5,,0.7659,0.0754,0.3806,0
IND_0562,Udalguri,Assam,2020,25.8541,92.9791,438517,,325771,232,10,134,,0.4486,0.5291,0.0611,0.4169,0
IND_0562,Udalguri,Assam,2021,25.8541,92.9791,444208,116430,327778,379,17,533,,0.5174,0.8532,0.24,0.4319,0
IND_0562,Udalguri,Assam,2022,25.8541,92.9791,455349,,333722,395,10,232,10,0.3535,0.8675,0.1019,0.4831,0
IND_0562,Udalguri,Assam,2023,25.8541,92.9791,455690,123996,331694,379,13,372,,0.367,0.8317,0.1633,0.4566,0
IND_0563,West Karbi Anglong,Assam,2019,28.1885,92.3592,664694,144285,520409,202,12,201,7,0.5305,0.3039,0.0605,0.2568,1
IND_0563,West Karbi Anglong,Assam,2020,28.1885,92.3592,675869,150091,525778,244,12,176,8,0.5549,0.361,0.0521,0.2478,1
IND_0563,West Karbi Anglong,Assam,2021,28.1885,92.3592,686364,155853,530511,,,,8,0.496,0.1865,0.0752,0.2894,1
IND_0563,West Karbi Anglong,Assam,2022,28.1885,92.3592,701231,162735,,246,11,182,6,0.5376,0.3508,0.0519,0.2388,1
IND_0563,West Karbi Anglong,Assam,2023,28.1885,92.3592,705171,167175,537996,387,11,221,5,0.5305,0.5488,0.0627,0.2904,1
IND_0564,Balod,Chhattisgarh,2019,22.4773,83.1902,1742416,,1277965,473,39,1129,15,0.5198,0.2715,0.1296,0.2516,1
IND_0564,Balod,Chhattisgarh,2020,22.4773,83.1902,1773268,481542,,491,36,645,17,0.5486,0.2769,0.0727,0.2528,1
IND_0564,Balod,Chhattisgarh,2021,22.4773,83.1902,1804574,499066,1305508,818,42,1148,11,0.6334,0.4533,0.1272,0.2468,1
IND_0564,Balod,Chhattisgarh,2022,22.4773,83.1902,1826326,514213,1312113,625,26,417,21,0.4952,0.3422,0.0457,0.2844,1
IND_0564,Balod,Chhattisgarh,2023,22.4773,83.1902,1828537,523978,,757,41,1282,12,0.5929,0.414,0.1402,0.2466,1
IND_0565,Baloda Bazar,Chhattisgarh,2019,18.4114,83.7889,435196,120573,314623,337,12,297,11,0.4362,0.7744,0.1365,0.4972,0
IND_0565,Baloda Bazar,Chhattisgarh,2020,18.4114,83.7889,442536,124819,317717,402,13,399,6,0.5702,0.9084,0.1803,0.3906,0
IND_0565,Baloda Bazar,Chhattisgarh,2021,18.4114,83.7889,448371,128707,319664,,13,248,10,0.4273,0.8341,0.1106,0.5197,0
IND_0565,Baloda Bazar,Chhattisgarh,2022,18.4114,83.7889,451865,131969,319896,369,11,290,5,0.4263,0.8166,0.1284,0.4082,0
IND_0565,Baloda Bazar,Chhattisgarh,2023,18.4114,83.7889,467219,138789,328430,299,14,276,7,0.4879,,0.1181,0.3754,0
IND_0566,Balrampur,Chhattisgarh,2019,22.2183,82.6884,1380950,,1054396,338,16,352,10,0.5064,0.2448,0.051,0.2361,1
IND_0566,Balrampur,Chhattisgarh,2020,22.2183,82.6884,1404659,339183,1065476,231,19,359,9,0.7054,0.1645,0.0511,0.1726,1
IND_0566,Balrampur,Chhattisgarh,2021,22.2183,82.6884,1428460,352073,1076387,360,21,,15,,0.252,0.0823,0.2519,1
IND_0566,Balrampur,Chhattisgarh,2022,22.2183,82.6884,1440970,362361,1078609,351,18,282,,0.5585,0.2436,0.0391,0.2199,1
IND_0566,Balrampur,Chhattisgarh,2023,22.2183,82.6884,1478966,379311,1099655,263,29,439,18,0.4368,0.1778,0.0594,0.2751,1
IND_0567,Bastar,Chhattisgarh,2019,18.3209,81.6135,231731,,165360,188,6,104,4,,0.8113,0.0898,0.4686,0
IND_0567,Bastar,Chhattisgarh,2020,18.3209,81.6135,234925,68460,166465,203,8,170,4,0.4236,0.8641,0.1447,0.4568,0
IND_0567,Bastar,Chhattisgarh,2021,18.3209,81.6135,239451,70976,168475,123,5,62,4,0.4892,0.5137,0.0518,0.3714,0
IND_0567,Bastar,Chhattisgarh,2022,18.3209,81.6135,243809,73487,170322,128,,149,5,0.4951,0.525,0.1222,0.4228,0
IND_0567,Bastar,Chhattisgarh,2023,18.3209,81.6135,244792,75007,169785,156,6,122,6,0.3664,0.6373,0.0997,0.4917,0
IND_0568,Bemetara,Chhattisgarh,2019,20.4532,81.6723,169452,54430,115022,158,5,91,1,0.4448,0.9324,,0.3696,0
IND_0568,Bemetara,Chhattisgarh,2020,20.4532,81.6723,172376,56231,116145,85,6,,2,0.4288,0.4931,0.1404,0.3482,0
IND_0568,Bemetara,Chhattisgarh,2021,20.4532,81.6723,174775,57888,116887,80,,130,2,0.5465,0.4577,0.1488,0.3216,0
IND_0568,Bemetara,Chhattisgarh,2022,20.4532,81.6723,177611,59715,,140,6,76,3,0.4421,0.7882,0.0856,0.4452,0
IND_0568,Bemetara,Chhattisgarh,2023,20.4532,81.6723,179487,61243,118244,155,5,,2,0.4129,0.8636,0.1716,0.4184,0
IND_0569,Bijapur,Chhattisgarh,2019,22.2848,80.977,145188,54328,90860,63,5,114,,0.4247,0.4339,0.157,0.2855,0
IND_0569,Bijapur,Chhattisgarh,2020,22.2848,80.977,147338,55869,91469,128,5,142,3,0.485,0.8688,0.1928,0.4872,0
IND_0569,Bijapur,Chhattisgarh,2021,22.2848,80.977,149672,57503,92169,71,5,150,1,0.4516,0.4744,0.2004,0.3396,0
IND_0569,Bijapur,Chhattisgarh,2022,22.2848,80.977,152802,59469,93333,125,6,104,3,0.4766,0.8181,0.1361,0.4771,0
IND_0569,Bijapur,Chhattisgarh,2023,22.2848,80.977,153778,60618,93160,129,6,156,2,0.4949,0.8389,0.2029,0.441,0
IND_0570,Bilaspur,Chhattisgarh,2019,19.804,82.5965,773431,147037,,695,27,394,14,0.3586,,0.1019,0.4693,0
IND_0570,Bilaspur,Chhattisgarh,2020,19.804,82.5965,783801,152927,630874,403,22,524,20,0.4129,0.5142,0.1337,0.4626,0
IND_0570,Bilaspur,Chhattisgarh,2021,19.804,82.5965,799914,160070,639844,380,21,648,16,0.5281,0.4751,0.162,0.3824,0
IND_0570,Bilaspur,Chhattisgarh,2022,19.804,82.5965,815393,167245,648148,369,30,,16,0.4822,0.4525,0.1263,0.3472,0
IND_0570,Bilaspur,Chhattisgarh,2023,19.804,82.5965,816038,171457,644581,,,313,17,0.4426,0.9031,0.0767,0.4607,0
IND_0571,Dantewada,Chhattisgarh,2019,20.5959,82.9979,2359455,889883,,914,42,991,26,0.4614,0.3874,0.084,0.313,1
IND_0571,Dantewada,Chhattisgarh,2020,20.5959,82.9979,2388735,912870,1475865,806,26,387,19,0.5274,0.3374,0.0324,0.2561,1
IND_0571,Dantewada,Chhattisgarh,2021,20.5959,82.9979,2428367,940158,1488209,373,42,854,24,,0.1536,0.0703,0.2347,1
IND_0571,Dantewada,Chhattisgarh,2022,20.5959,82.9979,2476637,971229,1505408,930,37,,17,0.4725,0.3755,,0.2516,1
IND_0571,Dantewada,Chhattisgarh,2023,20.5959,82.9979,2515634,999100,1516534,,46,1374,21,,0.2643,0.1092,0.2705,1
IND_0572,Dhamtari,Chhattisgarh,2019,19.8806,83.9171,866236,250770,615466,253,12,235,6,0.5902,0.2921,0.0543,0.1897,1
IND_0572,Dhamtari,Chhattisgarh,2020,19.8806,83.9171,880049,259169,620880,137,21,315,7,0.6302,0.1557,0.0716,0.2178,1
IND_0572,Dhamtari,Chhattisgarh,2021,19.8806,83.9171,893880,267712,626168,302,16,501,8,0.5312,0.3379,0.1121,0.2945,1
IND_0572,Dhamtari,Chhattisgarh,2022,19.8806,83.9171,908950,276770,632180,306,13,215,7,0.5602,0.3367,0.0473,0.2246,1
IND_0572,Dhamtari,Chhattisgarh,2023,19.8806,83.9171,913458,282710,630748,325,16,494,5,0.5799,0.3558,0.1082,0.2408,1
IND_0573,Durg,Chhattisgarh,2019,19.5571,80.7712,719271,180670,538601,585,18,552,18,0.4646,0.8133,0.1535,0.4972,0
IND_0573,Durg,Chhattisgarh,2020,19.5571,80.7712,728994,186757,542237,698,25,377,18,0.5056,0.9575,0.1034,0.516,0
IND_0573,Durg,Chhattisgarh,2021,19.5571,80.7712,740736,193469,547267,435,17,399,11,0.5535,0.5873,0.1077,0.3441,0
IND_0573,Durg,Chhattisgarh,2022,19.5571,80.7712,747194,198892,548302,598,28,,,0.3744,0.8003,0.1103,0.4185,0
IND_0573,Durg,Chhattisgarh,2023,19.5571,80.7712,759924,206080,,759,28,,18,0.3543,0.9988,0.1471,0.5411,0
IND_0574,Gariaband,Chhattisgarh,2019,19.678,80.7373,113298,29990,83308,33,2,50,1,0.5113,0.2913,0.0883,0.2325,1
IND_0574,Gariaband,Chhattisgarh,2020,19.678,80.7373,114805,,,,2,50,,0.6323,0.1916,0.0871,0.2118,1
IND_0574,Gariaband,Chhattisgarh,2021,19.678,80.7373,116916,32117,84799,37,2,50,1,0.6603,0.3165,0.0855,0.2185,1
IND_0574,Gariaband,Chhattisgarh,2022,19.678,80.7373,117946,32989,84957,56,2,50,1,0.5581,0.4748,0.0848,0.2722,1
IND_0574,Gariaband,Chhattisgarh,2023,19.678,80.7373,120514,34310,86204,46,2,59,1,0.5298,0.3817,0.0979,0.2603,1
IND_0575,Gaurela Pendra Marwahi,Chhattisgarh,2019,20.8527,80.9463,274046,78332,195714,166,10,260,6,0.4385,0.6057,0.1897,0.457,0
IND_0575,Gaurela Pendra Marwahi,Chhattisgarh,2020,20.8527,80.9463,278472,80990,197482,124,9,,4,0.5716,0.4453,0.1767,0.347,0
IND_0575,Gaurela Pendra Marwahi,Chhattisgarh,2021,20.8527,80.9463,282201,83485,198716,121,11,181,6,0.48,0.4288,0.1283,0.4278,0
IND_0575,Gaurela Pendra Marwahi,Chhattisgarh,2022,20.8527,80.9463,284360,85546,198814,126,10,201,,0.4246,0.4431,0.1414,0.4212,0
IND_0575,Gaurela Pendra Marwahi,Chhattisgarh,2023,20.8527,80.9463,290887,88964,,208,11,,5,0.3538,0.7151,0.2083,0.4521,0
IND_0576,Janjgir-Champa,Chhattisgarh,2019,22.1748,84.0946,389285,99877,289408,356,12,179,5,,0.9145,0.092,0.3944,0
IND_0576,Janjgir-Champa,Chhattisgarh,2020,22.1748,84.0946,395172,103363,291809,234,13,376,5,0.5099,0.5921,0.1903,0.3612,0
IND_0576,Janjgir-Champa,Chhattisgarh,2021,22.1748,84.0946,399829,106580,293249,276,12,224,9,0.5081,,0.112,0.4407,0
IND_0576,Janjgir-Champa,Chhattisgarh,2022,22.1748,84.0946,407837,110754,297083,365,13,302,5,0.4337,0.895,0.1481,0.4049,0
IND_0576,Janjgir-Champa,Chhattisgarh,2023,22.1748,84.0946,417210,115385,301825,,17,210,10,0.3836,0.9635,0.1007,0.523,0
IND_0577,Jashpur,Chhattisgarh,2019,20.1312,83.2284,221688,76800,144888,113,3,92,2,0.426,0.5097,0.083,0.3317,1
IND_0577,Jashpur,Chhattisgarh,2020,20.1312,83.2284,224832,79013,145819,60,5,62,2,0.6611,0.2669,0.0552,0.2197,1
IND_0577,Jashpur,Chhattisgarh,2021,20.1312,83.2284,228813,81557,147256,32,3,78,2,0.5022,0.1399,0.0682,0.2457,1
IND_0577,Jashpur,Chhattisgarh,2022,20.1312,83.2284,231757,83765,147992,73,,113,2,0.6023,0.315,0.0975,0.2747,1
IND_0577,Jashpur,Chhattisgarh,2023,20.1312,83.2284,234736,86015,148721,97,2,62,2,0.5765,0.4132,,0.2594,1
IND_0578,Kabirdham,Chhattisgarh,2019,18.8469,84.1014,302240,86225,216015,189,7,91,3,0.4545,0.6253,,0.3221,0
IND_0578,Kabirdham,Chhattisgarh,2020,18.8469,84.1014,306937,89099,217838,183,9,261,4,0.4899,0.5962,0.1701,0.3643,0
IND_0578,Kabirdham,Chhattisgarh,2021,18.8469,84.1014,310921,91811,219110,191,11,191,,0.4509,0.6143,0.1229,0.4265,0
IND_0578,Kabirdham,Chhattisgarh,2022,18.8469,84.1014,315251,94665,220586,258,12,160,4,0.4806,0.8184,0.1015,0.3927,0
IND_0578,Kabirdham,Chhattisgarh,2023,18.8469,84.1014,318314,97177,221137,143,11,143,7,0.4053,0.4492,0.0898,0.3905,0
IND_0579,Kanker,Chhattisgarh,2019,24.0963,82.2091,506590,133330,,322,18,247,9,0.3742,0.6356,0.0975,0.4322,0
IND_0579,Kanker,Chhattisgarh,2020,24.0963,82.2091,514259,137920,376339,284,18,255,13,0.5034,0.5523,0.0992,0.4574,0
IND_0579,Kanker,Chhattisgarh,2021,24.0963,82.2091,521042,142344,378698,339,13,303,8,0.578,0.6506,,0.378,0
IND_0579,Kanker,Chhattisgarh,2022,24.0963,82.2091,533085,148299,384786,439,22,305,11,,0.8235,0.1144,0.4456,0
IND_0579,Kanker,Chhattisgarh,2023,24.0963,82.2091,535863,,384111,330,16,277,12,0.3637,0.6158,0.1034,0.4803,0
IND_0580,Kondagaon,Chhattisgarh,2019,23.7557,81.6679,535092,151982,383110,120,10,311,6,,,0.1162,0.2429,1
IND_0580,Kondagaon,Chhattisgarh,2020,23.7557,81.6679,543294,157028,386266,265,7,170,5,0.5906,0.4878,0.0626,0.2802,1
IND_0580,Kondagaon,Chhattisgarh,2021,23.7557,81.6679,550814,161956,388858,158,8,142,5,0.6394,0.2868,0.0516,0.2069,1
IND_0580,Kondagaon,Chhattisgarh,2022,23.7557,81.6679,560603,167637,392966,136,8,198,6,0.5242,0.2426,0.0706,0.2549,1
IND_0580,Kondagaon,Chhattisgarh,2023,23.7557,81.6679,570913,173574,397339,157,9,144,6,0.5457,0.275,0.0504,0.2463,1
IND_0581,Korba,Chhattisgarh,2019,23.6805,80.9289,432950,166475,266475,131,8,166,3,0.5012,0.3026,0.0767,0.2643,1
IND_0581,Korba,Chhattisgarh,2020,23.6805,80.9289,438564,170827,,141,7,92,4,0.6521,,0.042,0.2236,1
IND_0581,Korba,Chhattisgarh,2021,23.6805,80.9289,447096,176385,270711,227,10,137,3,0.6502,0.5077,,0.2613,1
IND_0581,Korba,Chhattisgarh,2022,23.6805,80.9289,454185,181453,272732,250,6,93,4,0.4931,0.5504,0.041,0.2853,1
IND_0581,Korba,Chhattisgarh,2023,23.6805,80.9289,454237,183745,270492,169,6,82,2,0.5575,0.3721,0.0361,0.2284,1
IND_0582,Koriya,Chhattisgarh,2019,23.3811,80.6445,131851,36848,95003,112,5,140,2,,0.8494,0.2124,0.4607,0
IND_0582,Koriya,Chhattisgarh,2020,23.3811,80.6445,133717,38038,95679,65,5,98,3,0.4578,,0.1466,0.4305,0
IND_0582,Koriya,Chhattisgarh,2021,23.3811,80.6445,136459,39500,96959,90,4,58,2,0.4445,0.6595,0.085,0.361,0
IND_0582,Koriya,Chhattisgarh,2022,23.3811,80.6445,137911,40610,97301,95,3,65,3,0.371,0.6889,0.0943,0.4971,0
IND_0582,Koriya,Chhattisgarh,2023,23.3811,80.6445,140092,41953,98139,101,5,95,3,0.4236,0.721,0.1356,0.4819,0
IND_0583,Mahasamund,Chhattisgarh,2019,22.5226,83.1608,700177,236715,463462,144,7,130,6,0.6261,0.2057,0.0371,0.206,1
IND_0583,Mahasamund,Chhattisgarh,2020,22.5226,83.1608,709993,,466409,128,17,447,,0.6586,0.1803,0.1259,0.2041,1
IND_0583,Mahasamund,Chhattisgarh,2021,22.5226,83.1608,720285,250716,469569,156,12,160,7,,0.2166,0.0444,0.237,1
IND_0583,Mahasamund,Chhattisgarh,2022,22.5226,83.1608,730316,257859,472457,152,10,,,0.5394,0.2081,0.0644,0.2116,1
IND_0583,Mahasamund,Chhattisgarh,2023,22.5226,83.1608,751711,269172,482539,144,12,,4,0.4477,0.1916,0.0968,0.261,1
IND_0584,Mohla-Manpur,Chhattisgarh,2019,18.2689,82.1937,439125,128203,310922,146,4,71,4,0.5944,0.3325,0.0323,0.226,1
IND_0584,Mohla-Manpur,Chhattisgarh,2020,18.2689,82.1937,444942,132126,312816,171,9,185,5,0.6279,0.3843,0.0832,0.2661,1
IND_0584,Mohla-Manpur,Chhattisgarh,2021,18.2689,82.1937,450667,136079,314588,133,7,146,4,0.5037,0.2951,0.0648,0.2615,1
IND_0584,Mohla-Manpur,Chhattisgarh,2022,18.2689,82.1937,461691,141716,319975,122,8,99,4,0.5421,0.2642,0.0429,0.2303,1
IND_0584,Mohla-Manpur,Chhattisgarh,2023,18.2689,82.1937,465590,145241,320349,145,,221,5,0.5389,0.3114,0.0949,0.2682,1
IND_0585,Mungeli,Chhattisgarh,2019,19.455,81.2728,302915,84465,218450,243,10,302,6,0.3975,,0.1994,0.5004,0
IND_0585,Mungeli,Chhattisgarh,2020,19.455,81.2728,307880,87389,220491,165,10,314,7,0.5079,0.5359,0.204,0.4258,0
IND_0585,Mungeli,Chhattisgarh,2021,19.455,81.2728,313769,90629,223140,149,8,207,6,0.498,0.4749,0.1319,0.3792,0
IND_0585,Mungeli,Chhattisgarh,2022,19.455,81.2728,316424,92978,223446,,9,273,3,0.4602,0.8754,0.1726,0.3828,0
IND_0585,Mungeli,Chhattisgarh,2023,19.455,81.2728,321235,95998,225237,274,9,232,,,0.853,0.1444,0.4627,0
IND_0586,Narayanpur,Chhattisgarh,2019,23.7562,81.9472,264088,62296,201792,,5,114,,0.4995,0.284,0.0863,0.2771,1
IND_0586,Narayanpur,Chhattisgarh,2020,23.7562,81.9472,267673,64480,203193,91,5,60,3,0.5518,0.34,0.0448,0.2468,1
IND_0586,Narayanpur,Chhattisgarh,2021,23.7562,81.9472,271615,66787,204828,132,2,57,2,0.5985,0.486,0.042,0.2783,1
IND_0586,Narayanpur,Chhattisgarh,2022,23.7562,81.9472,274647,68906,205741,,3,50,,0.4074,0.2476,,0.2382,1
IND_0586,Narayanpur,Chhattisgarh,2023,23.7562,81.9472,280081,71670,,51,6,88,2,0.4856,0.1821,0.0628,0.2234,1
IND_0587,Raigarh,Chhattisgarh,2019,23.6962,80.3026,179497,,144797,64,3,93,1,0.5889,0.3566,0.1036,0.2141,1
IND_0587,Raigarh,Chhattisgarh,2020,23.6962,80.3026,182502,36194,146308,54,2,50,1,0.5715,0.2959,0.0548,0.2025,1
IND_0587,Raigarh,Chhattisgarh,2021,23.6962,80.3026,185496,37715,147781,35,,121,1,0.5319,0.1887,0.1305,0.2061,1
IND_0587,Raigarh,Chhattisgarh,2022,23.6962,80.3026,187193,38996,148197,72,3,75,2,0.529,0.3846,0.0801,0.2765,1
IND_0587,Raigarh,Chhattisgarh,2023,23.6962,80.3026,189618,40449,149169,50,2,50,2,0.5054,0.2637,0.0527,0.2402,1
IND_0588,Raipur,Chhattisgarh,2019,18.8857,83.2862,607648,106430,501218,551,22,578,8,0.3943,0.9068,0.1902,0.4463,0
IND_0588,Raipur,Chhattisgarh,2020,18.8857,83.2862,615681,110916,504765,470,23,380,9,0.4654,0.7634,0.1234,0.364,0
IND_0588,Raipur,Chhattisgarh,2021,18.8857,83.2862,625914,115889,,342,23,444,14,0.482,0.5464,0.1419,0.3974,0
IND_0588,Raipur,Chhattisgarh,2022,18.8857,83.2862,640757,121841,518916,522,19,286,10,0.3723,0.8147,0.0893,0.4475,0
IND_0588,Raipur,Chhattisgarh,2023,18.8857,83.2862,640582,125010,515572,397,19,353,10,0.3775,0.6197,0.1102,0.3963,0
IND_0589,Rajnandgaon,Chhattisgarh,2019,21.5178,81.802,1208349,316874,891475,251,17,238,,0.5633,0.2077,0.0394,0.2192,1
IND_0589,Rajnandgaon,Chhattisgarh,2020,21.5178,81.802,1226362,327730,898632,453,20,512,,0.5484,0.3694,0.0835,0.2816,1
IND_0589,Rajnandgaon,Chhattisgarh,2021,21.5178,81.802,1248566,339906,908660,611,19,,15,0.6241,0.4894,0.0383,0.2586,1
IND_0589,Rajnandgaon,Chhattisgarh,2022,21.5178,81.802,1268212,351596,,246,20,253,12,0.4684,0.194,0.0399,0.2312,1
IND_0589,Rajnandgaon,Chhattisgarh,2023,21.5178,81.802,1278487,,917650,376,32,858,11,0.4636,0.2941,0.1342,0.2551,1
IND_0590,Sakti,Chhattisgarh,2019,20.5968,83.8705,1018225,352899,665326,436,28,825,11,0.3987,0.4282,0.162,0.349,0
IND_0590,Sakti,Chhattisgarh,2020,20.5968,83.8705,1032463,362996,669467,,41,843,12,,0.7865,0.1633,0.3893,0
IND_0590,Sakti,Chhattisgarh,2021,20.5968,83.8705,1047739,,674134,551,40,1260,14,0.4896,0.5259,0.2405,0.3559,0
IND_0590,Sakti,Chhattisgarh,2022,20.5968,83.8705,1058001,382555,675446,545,35,932,15,0.4102,,0.1762,0.3897,0
IND_0590,Sakti,Chhattisgarh,2023,20.5968,83.8705,1075437,394236,681201,,,631,15,0.4234,0.5514,0.1173,0.3916,0
IND_0591,Sarangarh-Bilaigarh,Chhattisgarh,2019,20.0641,81.1999,671461,117247,554214,391,15,,,0.3734,0.5823,0.0938,0.4571,0
IND_0591,Sarangarh-Bilaigarh,Chhattisgarh,2020,20.0641,81.1999,683260,122723,560537,,23,716,15,0.4359,0.8342,0.2096,0.4515,0
IND_0591,Sarangarh-Bilaigarh,Chhattisgarh,2021,20.0641,81.1999,692483,127842,564641,562,16,195,14,0.4118,0.8116,0.0563,0.4368,0
IND_0591,Sarangarh-Bilaigarh,Chhattisgarh,2022,20.0641,81.1999,700698,132862,567836,646,20,630,18,0.3823,0.9219,0.1798,0.5414,0
IND_0591,Sarangarh-Bilaigarh,Chhattisgarh,2023,20.0641,81.1999,718555,139841,578714,490,19,,,0.4303,,0.1144,0.383,0
IND_0592,Sukma,Chhattisgarh,2019,22.1958,83.2129,874647,171368,703279,766,22,330,25,0.4555,0.8758,0.0755,0.5138,0
IND_0592,Sukma,Chhattisgarh,2020,22.1958,83.2129,886190,178061,708129,794,24,610,25,0.5026,0.896,0.1377,0.5264,0
IND_0592,Sukma,Chhattisgarh,2021,22.1958,83.2129,902166,185782,,570,22,365,15,0.5044,0.6318,0.0809,0.3499,0
IND_0592,Sukma,Chhattisgarh,2022,22.1958,83.2129,908697,191670,,678,27,667,25,0.4142,0.7461,0.1468,0.486,0
IND_0592,Sukma,Chhattisgarh,2023,22.1958,83.2129,920911,198851,722060,777,,767,21,0.456,0.8437,0.1666,0.4804,0
IND_0593,Surajpur,Chhattisgarh,2019,18.2935,82.2836,711142,208862,502280,401,16,335,14,0.488,0.5639,0.0942,0.4159,0
IND_0593,Surajpur,Chhattisgarh,2020,18.2935,82.2836,720606,215245,505361,534,,647,14,0.444,0.741,0.1796,0.4409,0
IND_0593,Surajpur,Chhattisgarh,2021,18.2935,82.2836,731909,222280,509629,616,21,310,12,0.5603,0.8416,0.0847,0.3747,0
IND_0593,Surajpur,Chhattisgarh,2022,18.2935,82.2836,743251,229441,513810,744,29,669,15,0.4593,1.001,0.18,0.5061,0
IND_0593,Surajpur,Chhattisgarh,2023,18.2935,82.2836,748482,234798,,522,22,,13,0.3825,0.6974,0.097,0.4432,0
IND_0594,Surguja,Chhattisgarh,2019,19.9038,83.8329,342838,109817,233021,99,5,147,2,0.5426,0.2888,0.0858,0.2564,1
IND_0594,Surguja,Chhattisgarh,2020,19.9038,83.8329,347114,112922,234192,126,4,92,3,0.5177,0.363,0.053,0.2935,1
IND_0594,Surguja,Chhattisgarh,2021,19.9038,83.8329,352702,116503,236199,100,7,,2,0.5951,0.2835,0.1157,0.2247,1
IND_0594,Surguja,Chhattisgarh,2022,19.9038,83.8329,359374,120504,238870,70,5,112,2,0.4628,0.1948,0.0623,0.1978,1
IND_0594,Surguja,Chhattisgarh,2023,19.9038,83.8329,366424,124700,241724,173,3,50,3,0.5503,0.4721,0.0273,0.2593,1
IND_0595,Almora,Uttarakhand,2019,28.7772,80.5176,302883,90954,211929,197,13,528,3,0.337,,0.3486,0.4458,0
IND_0595,Almora,Uttarakhand,2020,28.7772,80.5176,308179,94085,214094,246,15,418,,0.3675,0.7982,0.2713,0.5104,0
IND_0595,Almora,Uttarakhand,2021,28.7772,80.5176,313589,97304,216285,261,16,676,,0.3324,0.8323,0.4311,0.5292,0
IND_0595,Almora,Uttarakhand,2022,28.7772,80.5176,318252,100343,217909,422,12,500,7,,1.326,0.3142,0.6608,0
IND_0595,Almora,Uttarakhand,2023,28.7772,80.5176,320709,,217988,360,12,222,7,0.3334,1.1225,0.1384,0.5903,0
IND_0596,Bageshwar,Uttarakhand,2019,29.1647,78.2435,518301,133832,384469,558,21,879,8,0.3384,1.0766,0.3392,0.57,0
IND_0596,Bageshwar,Uttarakhand,2020,29.1647,78.2435,526276,138523,387753,504,19,746,10,0.3425,0.9577,0.2835,0.5554,0
IND_0596,Bageshwar,Uttarakhand,2021,29.1647,78.2435,532931,142939,389992,691,32,1504,8,0.4358,1.2966,0.5644,0.5954,0
IND_0596,Bageshwar,Uttarakhand,2022,29.1647,78.2435,545574,149058,396516,668,18,740,9,0.2994,1.2244,0.2713,0.5639,0
IND_0596,Bageshwar,Uttarakhand,2023,29.1647,78.2435,548236,152527,395709,589,35,1041,8,0.2716,1.0744,0.3798,0.5687,0
IND_0597,Chamoli,Uttarakhand,2019,29.3092,78.2152,555036,199653,355383,230,15,641,,0.406,,0.231,0.3111,1
IND_0597,Chamoli,Uttarakhand,2020,29.3092,78.2152,562292,205075,357217,,12,278,5,0.4342,0.4304,0.0989,0.3097,1
IND_0597,Chamoli,Uttarakhand,2021,29.3092,78.2152,574860,212533,362327,200,12,340,4,0.4796,0.3479,0.1183,0.2852,1
IND_0597,Chamoli,Uttarakhand,2022,29.3092,78.2152,580132,217383,362749,230,11,376,4,0.3317,0.3965,0.1296,0.3213,1
IND_0597,Chamoli,Uttarakhand,2023,29.3092,78.2152,584511,221946,362565,330,13,599,,,0.5646,0.205,0.3888,1
IND_0598,Champawat,Uttarakhand,2019,30.6468,78.5435,367518,125360,,421,16,509,7,0.3624,1.1455,0.277,0.5518,0
IND_0598,Champawat,Uttarakhand,2020,30.6468,78.5435,372502,128923,243579,259,,639,7,0.452,0.6953,0.3431,0.5037,0
IND_0598,Champawat,Uttarakhand,2021,30.6468,78.5435,376763,132281,244482,371,15,441,,,0.9847,0.2341,0.4807,0
IND_0598,Champawat,Uttarakhand,2022,30.6468,78.5435,382350,136155,246195,297,20,823,7,0.3046,0.7768,0.4305,0.5503,0
IND_0598,Champawat,Uttarakhand,2023,30.6468,78.5435,388805,140397,248408,542,23,1028,6,0.3239,1.394,0.5288,0.6577,0
IND_0599,Dehradun,Uttarakhand,2019,30.4863,80.0698,2029534,583549,1445985,2150,107,2930,49,0.2531,1.0594,0.2887,0.6254,0
IND_0599,Dehradun,Uttarakhand,2020,30.4863,80.0698,2054892,601115,1453777,2288,112,3348,24,0.3624,1.1134,0.3259,0.518,0
IND_0599,Dehradun,Uttarakhand,2021,30.4863,80.0698,2082365,619563,1462802,3103,123,4716,42,0.4537,1.4901,0.4529,0.6427,0
IND_0599,Dehradun,Uttarakhand,2022,30.4863,80.0698,2128277,643865,1484412,2640,133,4871,50,0.3787,1.2404,0.4577,0.6608,0
IND_0599,Dehradun,Uttarakhand,2023,30.4863,80.0698,2155523,662885,1492638,1690,130,5407,40,0.2636,0.784,0.5017,0.5771,0
IND_0600,Haridwar,Uttarakhand,2019,29.6774,79.1554,528721,181235,347486,,28,868,7,0.3387,0.9778,0.3283,0.5047,0
IND_0600,Haridwar,Uttarakhand,2020,29.6774,79.1554,538147,187157,350990,741,24,824,9,0.4815,1.3769,0.3062,0.5746,0
IND_0600,Haridwar,Uttarakhand,2021,29.6774,79.1554,545546,192458,353088,817,27,1049,10,0.323,1.4976,0.3846,0.6366,0
IND_0600,Haridwar,Uttarakhand,2022,29.6774,79.1554,556743,199192,,703,25,939,,0.315,1.2627,0.3373,0.5631,0
IND_0600,Haridwar,Uttarakhand,2023,29.6774,79.1554,556165,201766,354399,575,32,755,11,0.3676,1.0339,0.2715,0.5542,0
IND_0601,Nainital,Uttarakhand,2019,29.4943,80.7658,809720,,528320,389,19,769,7,0.4384,0.4804,0.1899,0.3476,1
IND_0601,Nainital,Uttarakhand,2020,29.4943,80.7658,824093,290516,,563,15,576,4,0.4651,0.6832,,0.3206,1
IND_0601,Nainital,Uttarakhand,2021,29.4943,80.7658,835795,,536975,246,25,,5,0.4203,0.2943,0.1579,0.2707,1
IND_0601,Nainital,Uttarakhand,2022,29.4943,80.7658,853690,309487,544203,380,19,565,7,0.4549,0.4451,0.1324,0.3231,1
IND_0601,Nainital,Uttarakhand,2023,29.4943,80.7658,867088,318679,548409,384,21,486,5,0.4241,0.4429,,0.2837,1
IND_0602,Pauri Garhwal,Uttarakhand,2019,29.3859,78.8449,1127416,317839,809577,298,18,566,14,0.3757,0.2643,0.1004,0.3203,1
IND_0602,Pauri Garhwal,Uttarakhand,2020,29.3859,78.8449,1143794,328176,815618,571,26,970,8,0.4407,0.4992,0.1696,0.317,1
IND_0602,Pauri Garhwal,Uttarakhand,2021,29.3859,78.8449,1156576,337626,818950,570,26,980,6,0.5163,0.4928,0.1695,0.284,1
IND_0602,Pauri Garhwal,Uttarakhand,2022,29.3859,78.8449,1173769,348514,825255,586,24,964,8,0.4502,0.4992,0.1643,0.3385,1
IND_0602,Pauri Garhwal,Uttarakhand,2023,29.3859,78.8449,1195241,360865,834376,401,20,517,,0.4695,0.3355,0.0865,0.2796,1
IND_0603,Pithoragarh,Uttarakhand,2019,28.7524,78.0036,1213681,435167,778514,633,34,1249,10,0.4219,0.5216,0.2058,0.3418,1
IND_0603,Pithoragarh,Uttarakhand,2020,28.7524,78.0036,1232418,448047,784371,470,34,1613,8,0.5207,0.3814,0.2618,0.3243,1
IND_0603,Pithoragarh,Uttarakhand,2021,28.7524,78.0036,1247768,459867,,491,26,544,10,0.5401,0.3935,0.0872,0.2871,1
IND_0603,Pithoragarh,Uttarakhand,2022,28.7524,78.0036,1258708,470192,788516,361,40,1159,7,0.467,0.2868,0.1842,0.2638,1
IND_0603,Pithoragarh,Uttarakhand,2023,28.7524,78.0036,1279410,484322,795088,968,34,1179,7,0.3744,0.7566,0.1843,0.3496,1
IND_0604,Rudraprayag,Uttarakhand,2019,30.6763,80.4296,1129452,260259,869193,1009,48,1332,19,0.3027,0.8934,0.2359,0.4745,0
IND_0604,Rudraprayag,Uttarakhand,2020,30.6763,80.4296,1147769,270219,877550,1664,50,1519,22,0.3986,1.4498,0.2647,0.5939,0
IND_0604,Rudraprayag,Uttarakhand,2021,30.6763,80.4296,1168843,281024,887819,991,53,2531,31,0.4285,0.8478,0.4331,0.5999,0
IND_0604,Rudraprayag,Uttarakhand,2022,30.6763,80.4296,1191184,292352,898832,1857,72,3299,26,0.3552,1.559,0.5539,0.7098,0
IND_0604,Rudraprayag,Uttarakhand,2023,30.6763,80.4296,1185545,296895,888650,1007,73,2040,14,0.3586,0.8494,0.3441,0.507,0
IND_0605,Tehri Garhwal,Uttarakhand,2019,30.7931,77.7855,536763,159924,376839,150,11,248,6,0.4031,0.2795,0.0924,0.3054,1
IND_0605,Tehri Garhwal,Uttarakhand,2020,30.7931,77.7855,544819,165049,379770,172,11,263,5,,,0.0965,0.2879,1
IND_0605,Tehri Garhwal,Uttarakhand,2021,30.7931,77.7855,553701,170508,383193,169,14,481,3,0.5088,0.3052,0.1737,0.2498,1
IND_0605,Tehri Garhwal,Uttarakhand,2022,30.7931,77.7855,565641,177013,388628,476,10,194,5,0.4667,0.8415,0.0686,0.3404,1
IND_0605,Tehri Garhwal,Uttarakhand,2023,30.7931,77.7855,567350,180384,386966,417,20,,5,0.4804,0.735,0.1276,0.3636,1
IND_0606,Udham Singh Nagar,Uttarakhand,2019,29.5251,77.7564,2203744,486697,1717047,1430,109,4143,35,0.2681,,0.376,0.4836,0
IND_0606,Udham Singh Nagar,Uttarakhand,2020,29.5251,77.7564,2239338,505755,1733583,2159,106,3955,54,,,,0.5516,0
IND_0606,Udham Singh Nagar,Uttarakhand,2021,29.5251,77.7564,2270131,524060,1746071,2579,119,2940,29,0.3444,1.1361,0.259,0.4853,0
IND_0606,Udham Singh Nagar,Uttarakhand,2022,29.5251,77.7564,2315473,546105,1769368,2787,101,2680,34,0.2901,1.2036,,0.5191,0
IND_0606,Udham Singh Nagar,Uttarakhand,2023,29.5251,77.7564,2353992,566959,1787033,3416,140,3718,62,0.2476,1.4512,0.3159,0.6873,0
IND_0607,Uttarkashi,Uttarakhand,2019,30.2098,78.6156,733090,188640,544450,726,32,1530,15,,0.9903,0.4174,0.6269,0
IND_0607,Uttarkashi,Uttarakhand,2020,30.2098,78.6156,746258,195759,,620,26,1148,19,,0.8308,0.3077,0.5752,0
IND_0607,Uttarkashi,Uttarakhand,2021,30.2098,78.6156,756411,202205,554206,991,39,1216,19,0.3211,1.3101,0.3215,0.6398,0
IND_0607,Uttarkashi,Uttarakhand,2022,30.2098,78.6156,763958,208042,555916,1075,39,1010,9,0.2673,1.4071,0.2644,0.5345,0
IND_0607,Uttarkashi,Uttarakhand,2023,30.2098,78.6156,769262,213333,555929,,,1536,,0.3887,1.2181,0.3993,0.5738,0
IND_0608,Bilaspur,Himachal Pradesh,2019,32.7726,78.8414,1069241,288792,780449,1043,45,1873,23,0.2072,0.9755,0.3503,0.5959,0
IND_0608,Bilaspur,Himachal Pradesh,2020,32.7726,78.8414,1086824,298975,787849,1488,70,3061,,0.3275,,0.5633,0.7438,0
IND_0608,Bilaspur,Himachal Pradesh,2021,32.7726,78.8414,1104554,309375,795179,,57,1717,25,0.3032,0.7469,0.3109,0.5694,0
IND_0608,Bilaspur,Himachal Pradesh,2022,32.7726,78.8414,1122494,320012,802482,1216,73,1879,,0.2498,1.0833,0.3348,0.6221,0
IND_0608,Bilaspur,Himachal Pradesh,2023,32.7726,78.8414,1136676,329739,806937,1235,73,2337,22,0.3291,1.0865,0.4112,0.6144,0
IND_0609,Chamba,Himachal Pradesh,2019,30.7565,77.711,382976,99604,283372,397,23,1101,8,0.2381,,0.575,0.6593,0
IND_0609,Chamba,Himachal Pradesh,2020,30.7565,77.711,388092,102876,285216,664,14,405,7,0.3828,1.7109,0.2087,0.5924,0
IND_0609,Chamba,Himachal Pradesh,2021,30.7565,77.711,392660,106050,,445,20,682,6,0.3739,1.1333,0.3474,0.5423,0
IND_0609,Chamba,Himachal Pradesh,2022,30.7565,77.711,399190,109809,289381,440,27,1062,9,0.2461,1.1022,0.5321,0.6524,0
IND_0609,Chamba,Himachal Pradesh,2023,30.7565,77.711,404369,113256,291113,669,23,,,0.3426,1.6544,0.5505,0.7227,0
IND_0610,Hamirpur,Himachal Pradesh,2019,30.7279,78.7789,309547,118072,191475,320,15,586,,0.2774,1.0338,0.3786,0.5267,0
IND_0610,Hamirpur,Himachal Pradesh,2020,30.7279,78.7789,313967,121328,192639,409,,345,4,0.2881,1.3027,0.2198,0.5627,0
IND_0610,Hamirpur,Himachal Pradesh,2021,30.7279,78.7789,317305,124204,193101,477,12,457,7,0.278,1.5033,0.2881,0.688,0
IND_0610,Hamirpur,Himachal Pradesh,2022,30.7279,78.7789,324293,128561,,360,18,685,4,0.2833,1.1101,0.4225,0.5661,0
IND_0610,Hamirpur,Himachal Pradesh,2023,30.7279,78.7789,324676,130336,194340,534,22,814,6,0.2072,1.6447,0.5014,0.7517,0
IND_0611,Kangra,Himachal Pradesh,2019,33.1357,75.668,372911,,249589,291,22,907,9,0.2974,0.7803,0.4864,0.6178,0
IND_0611,Kangra,Himachal Pradesh,2020,33.1357,75.668,379082,127258,251824,335,17,,,0.3191,0.8837,0.3108,0.4857,0
IND_0611,Kangra,Himachal Pradesh,2021,33.1357,75.668,384634,,253589,663,21,641,7,0.3484,1.7237,0.3333,0.6657,0
IND_0611,Kangra,Himachal Pradesh,2022,33.1357,75.668,392170,135573,256597,487,26,1120,,0.3206,,0.5712,0.6275,0
IND_0611,Kangra,Himachal Pradesh,2023,33.1357,75.668,396663,139110,257553,513,22,1040,,0.3211,1.2933,0.5244,0.6354,0
IND_0612,Kinnaur,Himachal Pradesh,2019,30.6121,75.7889,348622,,246623,,15,,7,0.3332,1.0929,0.2731,0.5665,0
IND_0612,Kinnaur,Himachal Pradesh,2020,30.6121,75.7889,354143,105385,248758,288,22,948,5,0.3032,0.8132,0.5354,0.5539,0
IND_0612,Kinnaur,Himachal Pradesh,2021,30.6121,75.7889,357166,108070,,490,19,621,4,0.3717,1.3719,0.3477,0.5586,0
IND_0612,Kinnaur,Himachal Pradesh,2022,30.6121,75.7889,365320,112364,252956,624,23,910,8,0.2249,1.7081,0.4982,0.751,0
IND_0612,Kinnaur,Himachal Pradesh,2023,30.6121,75.7889,369752,115576,254176,667,15,455,9,0.2356,1.8039,0.2461,0.7781,0
IND_0613,Kullu,Himachal Pradesh,2019,32.7522,76.7793,1415484,341573,1073911,2037,61,1732,32,0.3333,1.4391,0.2447,0.617,0
IND_0613,Kullu,Himachal Pradesh,2020,32.7522,76.7793,1439614,354594,1085020,1311,87,2826,,0.3243,0.9107,0.3926,0.5546,0
IND_0613,Kullu,Himachal Pradesh,2021,32.7522,76.7793,1463543,367806,1095737,2178,100,3998,35,0.331,1.4882,0.5463,0.7174,0
IND_0613,Kullu,Himachal Pradesh,2022,32.7522,76.7793,1472846,377508,1095338,1549,65,3075,20,0.3253,1.0517,0.4176,0.5468,0
IND_0613,Kullu,Himachal Pradesh,2023,32.7522,76.7793,1500527,392106,1108421,2582,93,3308,27,0.3419,1.7207,0.4409,0.703,0
IND_0614,Lahaul and Spiti,Himachal Pradesh,2019,31.3805,78.7172,332461,90021,242440,396,21,953,,0.3194,1.1911,0.5733,0.5699,0
IND_0614,Lahaul and Spiti,Himachal Pradesh,2020,31.3805,78.7172,336569,92816,243753,539,21,1013,7,0.3228,1.6015,0.602,0.7451,0
IND_0614,Lahaul and Spiti,Himachal Pradesh,2021,31.3805,78.7172,343973,96578,247395,296,,915,7,0.3571,0.8605,,0.6172,0
IND_0614,Lahaul and Spiti,Himachal Pradesh,2022,31.3805,78.7172,348452,99578,248874,,13,577,8,0.2937,1.0819,0.3312,0.6207,0
IND_0614,Lahaul and Spiti,Himachal Pradesh,2023,31.3805,78.7172,353927,102912,251015,267,16,333,7,0.3353,0.7544,0.1882,0.5154,0
IND_0615,Mandi,Himachal Pradesh,2019,32.7399,77.6701,2033121,606120,1427001,2765,101,3040,28,0.2179,1.36,,0.5717,0
IND_0615,Mandi,Himachal Pradesh,2020,32.7399,77.6701,2057797,623765,1434032,2202,76,2971,30,0.2472,1.0701,0.2888,0.5386,0
IND_0615,Mandi,Himachal Pradesh,2021,32.7399,77.6701,2106744,649136,1457608,2873,136,5847,30,0.3278,1.3637,0.5551,0.6099,0
IND_0615,Mandi,Himachal Pradesh,2022,32.7399,77.6701,2141267,670480,1470787,2470,147,6783,34,0.2918,1.1535,0.6336,0.6493,0
IND_0615,Mandi,Himachal Pradesh,2023,32.7399,77.6701,2179163,693242,1485921,3709,101,2299,41,0.2418,,0.211,0.6503,0
IND_0616,Shimla,Himachal Pradesh,2019,31.232,77.7423,358595,69436,289159,261,21,748,8,0.2889,0.7278,0.4172,0.5478,0
IND_0616,Shimla,Himachal Pradesh,2020,31.232,77.7423,364315,,291950,433,,869,10,0.3084,1.1885,0.4771,0.6859,0
IND_0616,Shimla,Himachal Pradesh,2021,31.232,77.7423,367389,,292577,346,18,408,6,0.3196,0.9418,0.2221,0.5045,0
IND_0616,Shimla,Himachal Pradesh,2022,31.232,77.7423,377175,78691,298484,,23,645,9,0.2654,1.7366,0.342,0.7027,0
IND_0616,Shimla,Himachal Pradesh,2023,31.232,77.7423,383262,81877,301385,586,25,,5,0.2724,1.529,0.4462,0.6177,0
IND_0617,Sirmaur,Himachal Pradesh,2019,33.1778,77.4081,2004271,386935,1617336,2990,117,5678,33,0.2413,1.4918,0.5666,0.6851,0
IND_0617,Sirmaur,Himachal Pradesh,2020,33.1778,77.4081,2036037,,1632790,2929,82,,37,0.3236,1.4386,0.2821,0.5682,0
IND_0617,Sirmaur,Himachal Pradesh,2021,33.1778,77.4081,2076979,421741,1655238,1692,131,4408,,0.2461,0.8146,0.4245,0.5476,0
IND_0617,Sirmaur,Himachal Pradesh,2022,33.1778,77.4081,2095380,435954,1659426,1909,142,5498,29,0.2056,0.9111,0.5248,0.5652,0
IND_0617,Sirmaur,Himachal Pradesh,2023,33.1778,77.4081,2112232,450022,1662210,3495,145,,48,0.2215,,0.4598,0.7523,0
IND_0618,Solan,Himachal Pradesh,2019,31.1134,77.8007,181423,36813,144610,,10,430,4,0.2663,,0.474,0.6823,0
IND_0618,Solan,Himachal Pradesh,2020,31.1134,77.8007,184534,38367,146167,227,10,277,3,0.4021,1.2301,0.3002,0.4957,0
IND_0618,Solan,Himachal Pradesh,2021,31.1134,77.8007,187738,39971,,234,11,,2,0.3607,1.2464,0.5582,0.5755,0
IND_0618,Solan,Himachal Pradesh,2022,31.1134,77.8007,189761,41351,148410,228,12,441,4,0.3193,1.2015,0.4648,0.6238,0
IND_0618,Solan,Himachal Pradesh,2023,31.1134,77.8007,194094,43266,,317,7,167,4,0.2427,1.6332,,0.6658,0
IND_0619,Una,Himachal Pradesh,2019,32.2539,78.5595,855876,,600536,1189,55,2417,10,0.2823,1.3892,0.5648,0.6159,0
IND_0619,Una,Himachal Pradesh,2020,32.2539,78.5595,867458,263133,604325,672,43,1431,18,,,0.3299,0.5499,0
IND_0619,Una,Himachal Pradesh,2021,32.2539,78.5595,884144,272615,611529,795,37,1192,18,0.4253,0.8992,0.2696,0.512,0
IND_0619,Una,Himachal Pradesh,2022,32.2539,78.5595,898014,281382,616632,1424,43,1761,16,0.2668,1.5857,0.3922,0.6575,0
IND_0619,Una,Himachal Pradesh,2023,32.2539,78.5595,908122,289090,619032,1443,34,1737,12,0.3257,1.589,0.3825,0.6162,0
IND_0620,Dhalai,Tripura,2019,22.9886,91.7181,568204,215826,352378,,10,239,6,0.39,0.4734,0.0841,0.3325,1
IND_0620,Dhalai,Tripura,2020,22.9886,91.7181,576627,221909,354718,159,14,339,4,0.495,,0.1176,0.2542,1
IND_0620,Dhalai,Tripura,2021,22.9886,91.7181,582103,,355176,309,10,337,4,0.4724,0.5308,0.1158,0.3263,1
IND_0620,Dhalai,Tripura,2022,22.9886,91.7181,588938,232536,356402,134,,382,3,0.5095,0.2275,0.1297,0.2135,1
IND_0620,Dhalai,Tripura,2023,22.9886,91.7181,602359,240847,361512,,10,220,4,0.4773,0.3237,0.073,0.2432,1
IND_0621,Gomati,Tripura,2019,24.1307,91.5003,192000,,146947,147,8,191,4,0.2994,0.7656,0.199,0.5108,0
IND_0621,Gomati,Tripura,2020,24.1307,91.5003,195449,46840,148609,104,9,177,4,0.4709,0.5321,0.1811,0.4073,0
IND_0621,Gomati,Tripura,2021,24.1307,91.5003,198610,48590,150020,198,,198,3,0.4605,0.9969,0.1994,0.4476,0
IND_0621,Gomati,Tripura,2022,24.1307,91.5003,201525,50311,151214,205,,134,2,0.3178,1.0172,0.133,0.4227,0
IND_0621,Gomati,Tripura,2023,24.1307,91.5003,202667,51609,151058,183,,173,3,0.3643,0.903,0.1707,0.4381,0
IND_0622,Khowai,Tripura,2019,24.198,91.3406,104061,26913,77148,103,3,50,,0.3956,0.9898,0.0961,0.4801,0
IND_0622,Khowai,Tripura,2020,24.198,91.3406,105499,27813,77686,111,4,109,2,0.4876,1.0521,0.2066,0.5077,0
IND_0622,Khowai,Tripura,2021,24.198,91.3406,106734,28672,78062,105,3,78,2,0.4849,0.9838,0.1462,0.4562,0
IND_0622,Khowai,Tripura,2022,24.198,91.3406,108293,29632,78661,,3,,2,,0.6649,0.0923,0.4152,0
IND_0622,Khowai,Tripura,2023,24.198,91.3406,110835,30882,,70,,143,2,0.4211,0.6316,0.258,0.4462,0
IND_0623,North Tripura,Tripura,2019,24.3863,91.9684,120634,39019,81615,126,4,140,2,0.2941,1.0445,0.2321,0.5388,0
IND_0623,North Tripura,Tripura,2020,24.3863,91.9684,122524,40242,82282,,4,141,2,,0.9876,,0.5194,0
IND_0623,North Tripura,Tripura,2021,24.3863,91.9684,124822,41621,83201,66,,86,2,0.4933,0.5288,0.1378,0.3814,0
IND_0623,North Tripura,Tripura,2022,24.3863,91.9684,125313,42412,82901,63,4,70,1,0.3057,0.5027,,0.3512,0
IND_0623,North Tripura,Tripura,2023,24.3863,91.9684,127812,43897,83915,136,5,69,1,0.3044,1.0641,0.108,0.4047,0
IND_0624,Sepahijala,Tripura,2019,23.4038,91.8079,947294,244340,702954,200,13,200,7,0.4143,0.2111,0.0422,0.25,1
IND_0624,Sepahijala,Tripura,2020,23.4038,91.8079,963689,253387,710302,549,16,561,10,0.5098,0.5697,0.1164,0.334,1
IND_0624,Sepahijala,Tripura,2021,23.4038,91.8079,977239,261836,715403,433,13,317,12,0.5656,0.4431,0.0649,0.2881,1
IND_0624,Sepahijala,Tripura,2022,23.4038,91.8079,993629,271196,722433,259,21,665,11,0.5208,0.2607,0.1339,0.2853,1
IND_0624,Sepahijala,Tripura,2023,23.4038,91.8079,1005864,279564,726300,427,14,275,7,0.5323,0.4245,,0.2511,1
IND_0625,Sipahijala,Tripura,2019,24.0254,91.9524,155169,44615,,134,4,61,2,0.4015,0.8636,0.0786,0.4185,0
IND_0625,Sipahijala,Tripura,2020,24.0254,91.9524,157463,46061,111402,100,6,130,2,0.4829,0.6351,0.1651,0.3874,0
IND_0625,Sipahijala,Tripura,2021,24.0254,91.9524,159218,,111847,102,6,202,1,0.3859,,0.2537,0.3631,0
IND_0625,Sipahijala,Tripura,2022,24.0254,91.9524,162677,49213,,155,6,209,,0.3105,0.9528,,0.5631,0
IND_0625,Sipahijala,Tripura,2023,24.0254,91.9524,163370,50240,113130,90,4,66,3,0.3683,0.5509,0.0808,0.4133,0
IND_0626,South Tripura,Tripura,2019,22.986,92.1947,1071696,372087,699609,694,16,282,6,0.455,0.6476,0.0526,0.3048,1
IND_0626,South Tripura,Tripura,2020,22.986,92.1947,1089017,383546,705471,351,15,429,9,0.5226,0.3223,0.0788,0.2673,1
IND_0626,South Tripura,Tripura,2021,22.986,92.1947,1107732,395676,712056,413,19,339,8,0.579,0.3728,0.0612,0.2687,1
IND_0626,South Tripura,Tripura,2022,22.986,92.1947,1126670,408074,718596,250,23,698,7,0.5217,0.2219,0.1239,0.2298,1
IND_0626,South Tripura,Tripura,2023,22.986,92.1947,1132000,415665,716335,253,15,290,12,0.4184,0.2235,0.0512,0.3026,1
IND_0627,Unakoti,Tripura,2019,23.7061,92.1742,2567877,835445,1732432,2295,65,1044,53,0.3423,0.8937,0.0813,0.483,0
IND_0627,Unakoti,Tripura,2020,23.7061,92.1742,2613281,863283,,2556,99,,36,0.4165,0.9781,0.2174,0.4727,0
IND_0627,Unakoti,Tripura,2021,23.7061,92.1742,2641746,885895,1755851,2694,72,2474,54,0.4499,1.0198,0.1873,0.5192,0
IND_0627,Unakoti,Tripura,2022,23.7061,92.1742,2669509,908553,1760956,1371,82,1711,31,0.4343,0.5136,0.1282,0.3806,0
IND_0627,Unakoti,Tripura,2023,23.7061,92.1742,2728411,942242,1786169,2291,116,3685,48,,0.8397,0.2701,0.5066,0
IND_0628,West Tripura,Tripura,2019,23.3922,91.4887,1298864,405705,893159,675,47,704,20,0.4266,0.5197,0.1084,0.3893,0
IND_0628,West Tripura,Tripura,2020,23.3922,91.4887,1318161,418323,899838,1354,33,977,17,0.5006,1.0272,0.1482,0.4211,0
IND_0628,West Tripura,Tripura,2021,23.3922,91.4887,1330674,428948,901726,763,47,,32,0.4267,0.5734,0.2264,0.4816,0
IND_0628,West Tripura,Tripura,2022,23.3922,91.4887,1353070,,910137,770,,1477,,0.3187,,0.2183,0.5029,0
IND_0628,West Tripura,Tripura,2023,23.3922,91.4887,1387849,461257,926592,911,43,1406,29,0.3828,0.6564,0.2026,0.4651,0
IND_0629,East Garo Hills,Meghalaya,2019,25.858,91.0955,447484,113060,334424,338,,560,,,0.7553,0.2503,0.5264,0
IND_0629,East Garo Hills,Meghalaya,2020,25.858,91.0955,453824,116931,336893,458,19,629,11,0.5129,1.0092,0.2772,0.5573,0
IND_0629,East Garo Hills,Meghalaya,2021,25.858,91.0955,461896,121320,,207,14,193,6,0.4484,0.4482,0.0836,0.3212,0
IND_0629,East Garo Hills,Meghalaya,2022,25.858,91.0955,470560,,344611,376,12,191,12,0.4177,0.799,0.0812,0.4861,0
IND_0629,East Garo Hills,Meghalaya,2023,25.858,91.0955,473606,129132,344474,462,18,287,6,0.4388,0.9755,0.1212,0.4404,0
IND_0630,East Jaintia Hills,Meghalaya,2019,25.501,91.7724,685756,257779,427977,278,7,132,7,0.4705,0.4054,0.0385,0.2945,1
IND_0630,East Jaintia Hills,Meghalaya,2020,25.501,91.7724,694070,264375,429695,234,14,256,4,0.4746,0.3371,0.0738,0.2716,1
IND_0630,East Jaintia Hills,Meghalaya,2021,25.501,91.7724,703228,271379,431849,233,9,298,7,0.6599,0.3313,0.0848,0.2665,1
IND_0630,East Jaintia Hills,Meghalaya,2022,25.501,91.7724,718980,281053,437927,363,,205,3,0.4878,0.5049,0.057,0.2706,1
IND_0630,East Jaintia Hills,Meghalaya,2023,25.501,91.7724,721127,285498,435629,303,11,277,5,0.4605,0.4202,0.0768,0.3075,1
IND_0631,East Khasi Hills,Meghalaya,2019,25.0225,92.2341,3164021,930549,2233472,1716,123,2740,59,0.4385,,0.1732,0.4254,0
IND_0631,East Khasi Hills,Meghalaya,2020,25.0225,92.2341,3203309,958120,2245189,1543,89,2044,50,0.4188,0.4817,0.1276,0.3756,0
IND_0631,East Khasi Hills,Meghalaya,2021,25.0225,92.2341,3244180,986565,2257615,2304,107,2427,62,0.3796,,0.1496,0.4719,0
IND_0631,East Khasi Hills,Meghalaya,2022,25.0225,92.2341,3316044,1025000,2291044,3447,94,2526,55,0.3979,1.0395,0.1524,0.4636,0
IND_0631,East Khasi Hills,Meghalaya,2023,25.0225,92.2341,3367685,1057800,2309885,2667,91,3002,68,0.4433,0.7919,0.1783,0.4585,0
IND_0632,North Garo Hills,Meghalaya,2019,25.5894,92.0468,679938,152576,527362,,23,650,10,0.4499,0.9104,0.1912,0.4222,0
IND_0632,North Garo Hills,Meghalaya,2020,25.5894,92.0468,689051,158066,,499,22,412,17,0.5436,0.7242,0.1196,0.4835,0
IND_0632,North Garo Hills,Meghalaya,2021,25.5894,92.0468,701401,164406,536995,528,25,324,12,,0.7528,0.0924,0.4072,0
IND_0632,North Garo Hills,Meghalaya,2022,25.5894,92.0468,706751,169194,537557,507,19,487,,0.4104,0.7174,0.1378,0.4775,0
IND_0632,North Garo Hills,Meghalaya,2023,25.5894,92.0468,727115,177705,549410,730,32,,15,0.3396,1.004,0.2874,0.5762,0
IND_0633,Ri Bhoi,Meghalaya,2019,25.9277,92.7043,1100319,284398,815921,602,39,1163,29,0.3213,0.5471,0.2114,0.5306,0
IND_0633,Ri Bhoi,Meghalaya,2020,25.9277,92.7043,1116183,294079,822104,844,39,1232,18,0.509,0.7561,0.2208,0.4142,0
IND_0633,Ri Bhoi,Meghalaya,2021,25.9277,92.7043,1135565,304863,,,47,1417,25,0.4682,1.0145,0.2496,0.5261,0
IND_0633,Ri Bhoi,Meghalaya,2022,25.9277,92.7043,1146214,313453,832761,577,38,1268,27,,0.5034,0.2213,0.4875,0
IND_0633,Ri Bhoi,Meghalaya,2023,25.9277,92.7043,1169231,325594,843637,,31,,16,0.3918,0.5277,0.0739,0.3627,0
IND_0634,South Garo Hills,Meghalaya,2019,26.0513,91.3833,825789,203766,622023,,33,952,13,0.4277,0.6842,0.2306,0.4293,0
IND_0634,South Garo Hills,Meghalaya,2020,26.0513,91.3833,839107,211247,627860,843,32,507,18,0.4848,1.0046,0.1208,0.5014,0
IND_0634,South Garo Hills,Meghalaya,2021,26.0513,91.3833,846961,217459,629502,422,20,336,13,0.3793,0.4983,,0.3797,0
IND_0634,South Garo Hills,Meghalaya,2022,26.0513,91.3833,864588,226308,638280,670,31,419,16,0.4376,0.7749,0.0969,0.4201,0
IND_0634,South Garo Hills,Meghalaya,2023,26.0513,91.3833,883593,235701,647892,873,24,488,20,0.3623,0.988,0.1105,0.5213,0
IND_0635,South West Garo Hills,Meghalaya,2019,26.0346,90.6809,784791,333946,450845,420,19,286,12,0.422,0.5352,0.0729,0.4168,0
IND_0635,South West Garo Hills,Meghalaya,2020,26.0346,90.6809,798336,343701,454635,813,19,328,10,0.528,,0.0822,0.4166,0
IND_0635,South West Garo Hills,Meghalaya,2021,26.0346,90.6809,806241,351136,455105,393,21,352,16,0.4066,0.4874,0.0873,0.4492,0
IND_0635,South West Garo Hills,Meghalaya,2022,26.0346,90.6809,823325,362693,460632,747,27,,,0.4129,0.9073,0.1885,0.5556,0
IND_0635,South West Garo Hills,Meghalaya,2023,26.0346,90.6809,837951,373326,464625,788,,819,15,0.3341,0.9404,0.1955,0.5395,0
IND_0636,South West Khasi Hills,Meghalaya,2019,25.4371,92.0554,203775,67634,136141,185,7,131,2,0.3919,0.9079,0.1286,0.4198,0
IND_0636,South West Khasi Hills,Meghalaya,2020,25.4371,92.0554,206608,,137001,120,6,119,4,0.529,0.5808,0.1152,0.3906,0
IND_0636,South West Khasi Hills,Meghalaya,2021,25.4371,92.0554,208974,71449,137525,112,5,84,4,0.5141,0.536,0.0804,0.3924,0
IND_0636,South West Khasi Hills,Meghalaya,2022,25.4371,92.0554,213268,73983,139285,117,7,193,4,,0.5486,0.181,0.4707,0
IND_0636,South West Khasi Hills,Meghalaya,2023,25.4371,92.0554,215958,,139962,225,6,154,3,0.4262,,,0.4617,0
IND_0637,West Garo Hills,Meghalaya,2019,25.2822,90.2058,274855,69825,205030,236,9,303,5,0.3798,0.8586,0.2205,0.4817,0
IND_0637,West Garo Hills,Meghalaya,2020,25.2822,90.2058,279091,72297,206794,170,8,122,6,0.3975,0.6091,0.0874,0.4723,0
IND_0637,West Garo Hills,Meghalaya,2021,25.2822,90.2058,283593,74881,208712,280,11,201,5,,0.9873,0.1418,0.4302,0
IND_0637,West Garo Hills,Meghalaya,2022,25.2822,90.2058,288906,77729,211177,182,,249,5,0.4557,0.63,0.1724,0.4402,0
IND_0637,West Garo Hills,Meghalaya,2023,25.2822,90.2058,291587,79908,211679,177,8,202,4,0.3748,0.607,0.1386,0.4182,0
IND_0638,West Jaintia Hills,Meghalaya,2019,25.312,90.1033,790758,228060,562698,511,20,501,14,0.3341,0.6462,0.1267,0.4805,0
IND_0638,West Jaintia Hills,Meghalaya,2020,25.312,90.1033,800431,234852,565579,584,20,,9,,0.7296,0.1127,0.3926,0
IND_0638,West Jaintia Hills,Meghalaya,2021,25.312,90.1033,810977,242001,568976,694,36,1200,17,0.4469,,0.2959,0.5237,0
IND_0638,West Jaintia Hills,Meghalaya,2022,25.312,90.1033,831823,252381,579442,389,20,389,20,0.4074,0.4676,0.0935,0.461,0
IND_0638,West Jaintia Hills,Meghalaya,2023,25.312,90.1033,845324,,584620,725,24,400,11,0.3805,0.8577,0.0946,0.4219,0
IND_0639,West Khasi Hills,Meghalaya,2019,25.1093,90.7301,731268,221229,510039,447,23,694,10,0.4227,0.6113,0.1898,0.3897,0
IND_0639,West Khasi Hills,Meghalaya,2020,25.1093,90.7301,740901,227848,513053,725,31,830,10,0.5026,0.9785,0.2241,0.4437,0
IND_0639,West Khasi Hills,Meghalaya,2021,25.1093,90.7301,751799,234958,516841,363,27,,12,0.5273,0.4828,,0.3933,0
IND_0639,West Khasi Hills,Meghalaya,2022,25.1093,90.7301,760684,,519146,490,22,601,16,,0.6442,0.158,0.485,0
IND_0639,West Khasi Hills,Meghalaya,2023,25.1093,90.7301,769298,248120,521178,615,29,908,9,0.3835,0.7994,0.2361,0.4505,0
IND_0640,Bishnupur,Manipur,2019,24.2531,93.9376,1004489,282138,722351,1062,34,825,13,0.4298,1.0573,0.1643,0.4548,0
IND_0640,Bishnupur,Manipur,2020,24.2531,93.9376,1018824,291258,727566,692,36,480,13,0.4899,,0.0942,0.37,0
IND_0640,Bishnupur,Manipur,2021,24.2531,93.9376,1033016,300480,732536,920,26,760,19,0.473,0.8906,,0.4674,0
IND_0640,Bishnupur,Manipur,2022,24.2531,93.9376,1044306,308986,735320,822,42,580,13,0.3957,0.7871,0.1111,0.4289,0
IND_0640,Bishnupur,Manipur,2023,24.2531,93.9376,1064583,320308,744275,680,35,1018,16,0.3222,0.6387,0.1912,0.4605,0
IND_0641,Chandel,Manipur,2019,24.4012,93.7438,229635,51516,178119,217,5,141,5,0.3951,0.945,0.1228,0.4992,0
IND_0641,Chandel,Manipur,2020,24.4012,93.7438,232688,,179323,132,9,219,6,0.3932,0.5673,0.1882,0.4884,0
IND_0641,Chandel,Manipur,2021,24.4012,93.7438,236942,55525,181417,,9,150,3,0.4385,,0.1266,0.3862,0
IND_0641,Chandel,Manipur,2022,24.4012,93.7438,241382,57772,183610,263,6,203,6,0.443,1.0896,0.1682,0.5456,0
IND_0641,Chandel,Manipur,2023,24.4012,93.7438,243941,59604,184337,244,7,169,4,0.3727,1.0002,0.1386,0.4804,0
IND_0642,Churachandpur,Manipur,2019,24.6651,94.3719,204499,52081,152418,163,7,234,,0.4094,0.7971,0.2289,0.509,0
IND_0642,Churachandpur,Manipur,2020,24.6651,94.3719,207189,53802,153387,139,5,115,3,0.475,0.6709,0.111,0.3517,0
IND_0642,Churachandpur,Manipur,2021,24.6651,94.3719,210847,,155041,220,5,66,5,0.5021,,0.0626,0.503,0
IND_0642,Churachandpur,Manipur,2022,24.6651,94.3719,212491,57304,155187,181,6,131,5,0.3627,0.8518,0.1233,0.5293,0
IND_0642,Churachandpur,Manipur,2023,24.6651,94.3719,218455,60004,158451,186,9,,4,0.3743,0.8514,0.1492,0.451,0
IND_0643,Imphal East,Manipur,2019,24.8605,93.9551,1245057,425416,819641,1244,42,928,19,0.3109,0.9992,,0.4812,0
IND_0643,Imphal East,Manipur,2020,24.8605,93.9551,1266306,439008,827298,794,49,,27,0.4706,0.627,0.1919,0.4778,0
IND_0643,Imphal East,Manipur,2021,24.8605,93.9551,1278782,449727,829055,998,45,906,14,0.4979,,0.1417,0.3798,0
IND_0643,Imphal East,Manipur,2022,24.8605,93.9551,1293791,461475,832316,1282,51,,20,0.3871,0.9909,0.1104,0.4644,0
IND_0643,Imphal East,Manipur,2023,24.8605,93.9551,1332773,,850730,861,,1259,17,0.344,0.646,,0.4551,0
IND_0644,Imphal West,Manipur,2019,25.5105,94.2364,274013,79884,194129,226,9,143,5,,0.8248,0.1044,0.4321,0
IND_0644,Imphal West,Manipur,2020,25.5105,94.2364,277512,82291,195221,252,11,,3,0.3749,0.9081,0.2472,0.4335,0
IND_0644,Imphal West,Manipur,2021,25.5105,94.2364,281120,84767,196353,294,,253,4,0.3695,1.0458,0.18,0.4767,0
IND_0644,Imphal West,Manipur,2022,25.5105,94.2364,285886,87633,198253,225,10,218,5,0.4394,0.787,0.1525,0.4364,0
IND_0644,Imphal West,Manipur,2023,25.5105,94.2364,293032,,201743,323,9,177,,0.4245,1.1023,0.1208,0.4623,0
IND_0645,Jiribam,Manipur,2019,25.6979,93.0916,1229005,,794992,700,52,1565,21,0.3172,0.5696,0.2547,0.4917,0
IND_0645,Jiribam,Manipur,2020,25.6979,93.0916,1247125,446648,800477,941,48,1401,13,0.4412,0.7545,0.2247,0.4022,0
IND_0645,Jiribam,Manipur,2021,25.6979,93.0916,1273159,462337,810822,1327,32,559,20,0.4707,1.0423,0.0878,0.479,0
IND_0645,Jiribam,Manipur,2022,25.6979,93.0916,1274692,469267,805425,1305,,666,18,0.3104,1.0238,0.1045,0.4866,0
IND_0645,Jiribam,Manipur,2023,25.6979,93.0916,1306543,487526,,,35,1006,20,0.424,0.7057,0.154,0.4489,0
IND_0646,Kakching,Manipur,2019,25.1777,93.0017,574906,194673,380233,521,21,279,11,0.4122,0.9062,0.0971,0.47,0
IND_0646,Kakching,Manipur,2020,25.1777,93.0017,584986,201011,383975,,,374,8,0.4002,1.0086,0.1279,0.4387,0
IND_0646,Kakching,Manipur,2021,25.1777,93.0017,590522,205866,384656,524,17,538,12,0.4844,0.8874,0.1822,0.5093,0
IND_0646,Kakching,Manipur,2022,25.1777,93.0017,603163,213289,389874,502,17,478,9,,0.8323,,0.4322,0
IND_0646,Kakching,Manipur,2023,25.1777,93.0017,615752,220819,394933,676,25,499,8,0.4078,1.0978,0.1621,0.4713,0
IND_0647,Kamjong,Manipur,2019,25.0901,93.701,566968,167349,399619,261,16,355,13,0.3923,0.4603,,0.4474,0
IND_0647,Kamjong,Manipur,2020,25.0901,93.701,577140,173237,403903,540,22,333,14,0.3884,0.9356,0.1154,0.5114,0
IND_0647,Kamjong,Manipur,2021,25.0901,93.701,587551,179299,408252,507,,289,8,0.3522,0.8629,0.0984,0.4217,0
IND_0647,Kamjong,Manipur,2022,25.0901,93.701,589586,182868,406718,559,19,523,10,0.4123,0.9481,0.1774,0.4903,0
IND_0647,Kamjong,Manipur,2023,25.0901,93.701,594843,187473,407370,432,,,10,0.3551,0.7262,0.1133,0.4382,0
IND_0648,Kangpokpi,Manipur,2019,25.2714,94.354,361596,61022,300574,239,12,177,7,0.3939,0.661,0.0979,0.4082,0
IND_0648,Kangpokpi,Manipur,2020,25.2714,94.354,366786,63731,303055,321,10,254,5,0.448,0.8752,0.1385,0.3983,0
IND_0648,Kangpokpi,Manipur,2021,25.2714,94.354,374589,66960,307629,284,12,,6,0.4518,0.7582,0.1847,0.4302,0
IND_0648,Kangpokpi,Manipur,2022,25.2714,94.354,378489,69550,308939,267,15,404,6,0.3935,0.7054,0.2135,0.4385,0
IND_0648,Kangpokpi,Manipur,2023,25.2714,94.354,380961,71909,309052,401,9,199,10,0.359,1.0526,0.1045,0.5224,0
IND_0649,Noney,Manipur,2019,24.4523,93.3867,799221,239202,560019,395,30,780,15,0.3334,0.4942,0.1952,0.4493,0
IND_0649,Noney,Manipur,2020,24.4523,93.3867,809424,246303,563121,414,,544,10,0.4498,0.5115,0.1344,0.3562,0
IND_0649,Noney,Manipur,2021,24.4523,93.3867,819742,253541,566201,853,29,597,19,0.3778,1.0406,0.1457,0.5568,0
IND_0649,Noney,Manipur,2022,24.4523,93.3867,831436,261316,570120,825,29,912,15,0.4144,0.9923,0.2194,0.4842,0
IND_0649,Noney,Manipur,2023,24.4523,93.3867,856138,273360,582778,902,27,814,18,0.3093,1.0536,,0.5822,0
IND_0650,Pherzawl,Manipur,2019,24.1772,94.1139,2161591,567319,1594272,1131,85,2358,28,0.3765,0.5232,,0.3894,0
IND_0650,Pherzawl,Manipur,2020,24.1772,94.1139,2198113,587895,1610218,1145,68,1847,47,0.4641,0.5209,0.1681,0.4503,0
IND_0650,Pherzawl,Manipur,2021,24.1772,94.1139,2223330,605756,1617574,2431,81,2558,45,0.3814,1.0934,0.2301,0.5635,0
IND_0650,Pherzawl,Manipur,2022,24.1772,94.1139,2268803,629489,1639314,1759,87,1940,35,0.401,0.7753,0.171,0.4066,0
IND_0650,Pherzawl,Manipur,2023,24.1772,94.1139,2309525,652335,1657190,2495,91,2662,33,0.339,1.0803,0.2305,0.5129,0
IND_0651,Senapati,Manipur,2019,25.4989,94.4365,318338,97386,220952,311,7,188,4,0.4058,0.9769,0.1181,0.4565,0
IND_0651,Senapati,Manipur,2020,25.4989,94.4365,323863,100696,223167,341,12,,4,0.3744,1.0529,0.1093,0.4195,0
IND_0651,Senapati,Manipur,2021,25.4989,94.4365,328912,103910,225002,207,12,358,4,0.452,0.6293,0.2177,0.3879,0
IND_0651,Senapati,Manipur,2022,25.4989,94.4365,334813,107449,227364,298,9,262,,0.316,0.89,,0.4529,0
IND_0651,Senapati,Manipur,2023,25.4989,94.4365,341042,111153,229889,293,11,249,5,0.3385,0.8591,0.146,0.4503,0
IND_0652,Tamenglong,Manipur,2019,23.8673,93.9603,715480,188804,526676,720,22,,17,0.3939,1.0063,0.1026,0.5482,0
IND_0652,Tamenglong,Manipur,2020,23.8673,93.9603,727679,195662,532017,636,23,,18,0.4887,0.874,0.0847,0.4718,0
IND_0652,Tamenglong,Manipur,2021,23.8673,93.9603,734950,201292,533658,617,,360,12,0.4578,0.8395,0.098,0.4352,0
IND_0652,Tamenglong,Manipur,2022,23.8673,93.9603,745714,207968,537746,767,25,450,16,0.306,1.0285,0.1207,0.5115,0
IND_0652,Tamenglong,Manipur,2023,23.8673,93.9603,766867,217702,549165,,31,478,10,0.4347,0.8945,0.1247,0.4316,0
IND_0653,Tengnoupal,Manipur,2019,23.8213,93.5128,1591385,411845,1179540,1489,55,1200,29,0.3857,0.9357,0.1508,0.459,0
IND_0653,Tengnoupal,Manipur,2020,23.8213,93.5128,1614682,425948,1188734,1152,60,2024,33,0.4111,0.7135,0.2507,0.4741,0
IND_0653,Tengnoupal,Manipur,2021,23.8213,93.5128,1647403,,1204587,837,39,1294,21,0.4113,0.5081,0.1571,0.3566,0
IND_0653,Tengnoupal,Manipur,2022,23.8213,93.5128,1671970,457780,1214190,1619,65,1598,,0.3992,0.9683,0.1912,0.5256,0
IND_0653,Tengnoupal,Manipur,2023,23.8213,93.5128,1674825,466935,1207890,1685,66,1758,21,0.4053,1.0061,0.2099,0.4545,0
IND_0654,Thoubal,Manipur,2019,25.6928,93.7689,1637948,448406,1189542,295,34,1063,15,0.3905,0.1801,0.1298,0.2847,1
IND_0654,Thoubal,Manipur,2020,25.6928,93.7689,1665577,464298,1201279,275,,744,10,,0.1651,0.0893,0.2235,1
IND_0654,Thoubal,Manipur,2021,25.6928,93.7689,1697288,481624,1215664,623,27,529,16,0.5471,,0.0623,0.2693,1
IND_0654,Thoubal,Manipur,2022,25.6928,93.7689,1723258,497610,1225648,299,,355,17,0.4561,0.1735,0.0412,0.2226,1
IND_0654,Thoubal,Manipur,2023,25.6928,93.7689,1722482,505998,1216484,520,27,706,21,0.4781,0.3019,0.082,0.2859,1
IND_0655,Ukhrul,Manipur,2019,24.1832,93.4762,1350276,487743,862533,,,1074,26,0.363,0.9057,0.1591,0.5149,0
IND_0655,Ukhrul,Manipur,2020,24.1832,93.4762,1367154,500675,866479,657,50,1025,16,0.4166,0.4806,0.1499,0.362,0
IND_0655,Ukhrul,Manipur,2021,24.1832,93.4762,1396966,518578,878388,963,60,1341,19,0.4359,0.6894,0.192,0.4324,0
IND_0655,Ukhrul,Manipur,2022,24.1832,93.4762,1412835,531533,881302,1003,43,1138,26,0.4397,0.7099,0.1611,0.4778,0
IND_0655,Ukhrul,Manipur,2023,24.1832,93.4762,1448071,552030,896041,1170,64,1486,32,0.347,0.808,0.2052,0.573,0
IND_0656,Chumoukedima,Nagaland,2019,25.9814,93.4277,1002539,283356,719183,201,,350,11,0.4525,,0.0698,0.2931,1
IND_0656,Chumoukedima,Nagaland,2020,25.9814,93.4277,1017061,292546,724515,189,11,257,12,0.4925,0.1858,0.0505,0.2561,1
IND_0656,Chumoukedima,Nagaland,2021,25.9814,93.4277,1037246,303538,733708,365,19,476,10,0.5318,0.3519,0.0918,0.2861,1
IND_0656,Chumoukedima,Nagaland,2022,25.9814,93.4277,1053494,,739934,197,23,441,6,0.5248,0.187,0.0837,0.218,1
IND_0656,Chumoukedima,Nagaland,2023,25.9814,93.4277,1054549,319147,735402,,14,343,12,0.4009,0.1735,0.0651,0.2662,1
IND_0657,Dimapur,Nagaland,2019,26.6698,95.0374,477179,133804,343375,325,19,558,9,0.4256,0.6811,,0.4343,0
IND_0657,Dimapur,Nagaland,2020,26.6698,95.0374,483916,138113,345803,305,14,408,8,0.4776,0.6303,0.1686,0.3897,0
IND_0657,Dimapur,Nagaland,2021,26.6698,95.0374,492272,142959,349313,294,20,529,6,0.4981,0.5972,0.2149,0.3626,0
IND_0657,Dimapur,Nagaland,2022,26.6698,95.0374,502347,148396,353951,369,13,283,7,,,0.1127,0.3993,0
IND_0657,Dimapur,Nagaland,2023,26.6698,95.0374,510385,153323,357062,411,12,271,6,0.3841,,0.1062,0.4001,0
IND_0658,Kiphire,Nagaland,2019,26.9856,94.8051,265717,95440,170277,,4,100,1,0.4567,0.2973,0.0753,0.2168,1
IND_0658,Kiphire,Nagaland,2020,26.9856,94.8051,270255,98421,171834,67,,102,2,0.5848,0.2479,0.0755,0.2461,1
IND_0658,Kiphire,Nagaland,2021,26.9856,94.8051,274317,101272,173045,65,5,112,2,0.5857,0.237,0.0817,0.2409,1
IND_0658,Kiphire,Nagaland,2022,26.9856,94.8051,279502,104583,174919,,5,103,2,0.563,0.3649,0.0737,0.2469,1
IND_0658,Kiphire,Nagaland,2023,26.9856,94.8051,281206,106627,174579,108,2,50,2,0.5095,0.3841,0.0356,0.2522,1
IND_0659,Kohima,Nagaland,2019,25.2323,93.5558,289550,110661,178889,123,11,177,5,0.4716,0.4248,0.1223,0.4184,0
IND_0659,Kohima,Nagaland,2020,25.2323,93.5558,293247,113540,179707,134,10,305,4,0.4468,0.457,,0.4082,0
IND_0659,Kohima,Nagaland,2021,25.2323,93.5558,298604,117107,181497,157,8,226,4,0.5499,0.5258,0.1514,0.3551,0
IND_0659,Kohima,Nagaland,2022,25.2323,93.5558,303537,120560,182977,296,9,,3,0.3505,0.9752,0.0718,0.4193,0
IND_0659,Kohima,Nagaland,2023,25.2323,93.5558,303756,122166,,142,7,99,3,0.422,0.4675,0.0652,0.3362,0
IND_0660,Longleng,Nagaland,2019,26.1869,95.0931,675438,184381,491057,592,16,396,17,0.4557,0.8765,0.1173,0.5103,0
IND_0660,Longleng,Nagaland,2020,26.1869,95.0931,685080,190439,,505,16,402,16,0.4518,0.7371,0.1174,0.4862,0
IND_0660,Longleng,Nagaland,2021,26.1869,95.0931,698139,197560,500579,316,18,240,11,0.4966,0.4526,0.0688,0.3175,0
IND_0660,Longleng,Nagaland,2022,26.1869,95.0931,702586,202331,500255,471,23,625,16,0.3433,0.6704,0.1779,0.4751,0
IND_0660,Longleng,Nagaland,2023,26.1869,95.0931,709100,,501348,328,24,367,16,,0.4626,0.1035,0.4242,0
IND_0661,Mokokchung,Nagaland,2019,26.9372,94.1981,373623,93208,280415,319,9,224,9,,0.8538,0.1199,0.5108,0
IND_0661,Mokokchung,Nagaland,2020,26.9372,94.1981,379279,96515,282764,179,14,362,8,0.4307,0.4719,0.1909,0.4133,0
IND_0661,Mokokchung,Nagaland,2021,26.9372,94.1981,386521,100291,286230,236,12,188,,,0.6106,0.0973,0.3368,0
IND_0661,Mokokchung,Nagaland,2022,26.9372,94.1981,393936,104184,289752,249,,440,9,0.3974,0.6321,0.2234,0.5012,0
IND_0661,Mokokchung,Nagaland,2023,26.9372,94.1981,396029,106718,289311,397,10,252,8,0.4369,,0.1273,0.503,0
IND_0662,Mon,Nagaland,2019,26.1002,95.2519,906003,231409,674594,228,17,356,8,0.5505,0.2517,0.0786,0.2399,1
IND_0662,Mon,Nagaland,2020,26.1002,95.2519,921965,240096,681869,187,13,169,8,0.566,0.2028,0.0367,0.2235,1
IND_0662,Mon,Nagaland,2021,26.1002,95.2519,929963,246828,683135,303,24,418,7,0.6268,0.3258,0.0899,0.2305,1
IND_0662,Mon,Nagaland,2022,26.1002,95.2519,939413,254034,685379,378,13,253,8,,0.4024,0.0539,0.2834,1
IND_0662,Mon,Nagaland,2023,26.1002,95.2519,963606,265394,698212,161,14,293,,0.5606,0.1671,0.0608,0.2372,1
IND_0663,Niuland,Nagaland,2019,26.4552,93.8567,707949,174902,533047,296,12,339,8,0.5289,0.4181,,0.2784,1
IND_0663,Niuland,Nagaland,2020,26.4552,93.8567,720577,181625,538952,168,11,343,9,0.5134,0.2331,0.0952,0.2723,1
IND_0663,Niuland,Nagaland,2021,26.4552,93.8567,727022,186884,,318,12,186,9,0.5188,0.4374,0.0512,0.3014,1
IND_0663,Niuland,Nagaland,2022,26.4552,93.8567,741693,194364,547329,367,12,,5,0.5271,0.4948,0.0949,0.2514,1
IND_0663,Niuland,Nagaland,2023,26.4552,93.8567,757202,202214,554988,245,14,341,6,0.3829,0.3236,0.0901,0.3003,1
IND_0664,Noklak,Nagaland,2019,25.8274,94.799,295693,89469,206224,271,8,222,6,0.3847,0.9165,0.1502,0.5009,0
IND_0664,Noklak,Nagaland,2020,25.8274,94.799,300568,92447,208121,170,,232,7,0.4438,0.5656,0.1544,0.4527,0
IND_0664,Noklak,Nagaland,2021,25.8274,94.799,303796,94959,208837,237,10,178,,0.4135,,0.1172,0.3971,0
IND_0664,Noklak,Nagaland,2022,25.8274,94.799,309026,98139,210887,243,8,188,3,0.4493,0.7863,,0.3541,0
IND_0664,Noklak,Nagaland,2023,25.8274,94.799,313179,101024,212155,208,9,195,7,0.4137,0.6642,0.1245,0.4825,0
IND_0665,Peren,Nagaland,2019,25.892,94.5256,565558,158910,406648,127,10,239,,0.5774,0.2246,,0.2724,1
IND_0665,Peren,Nagaland,2020,25.892,94.5256,573357,163968,409389,151,10,264,7,0.6171,0.2634,0.0921,0.2578,1
IND_0665,Peren,Nagaland,2021,25.892,94.5256,581567,169223,412344,170,10,256,4,0.6314,0.2923,0.088,0.2305,1
IND_0665,Peren,Nagaland,2022,25.892,94.5256,586729,173659,413070,225,8,167,,,0.3835,0.0569,0.2567,1
IND_0665,Peren,Nagaland,2023,25.892,94.5256,598817,180231,418586,147,9,199,6,0.5581,0.2455,0.0665,0.2542,1
IND_0666,Phek,Nagaland,2019,25.3261,94.6693,219911,40464,,117,,161,5,0.447,0.532,0.1464,0.4041,0
IND_0666,Phek,Nagaland,2020,25.3261,94.6693,222611,42073,180538,113,5,95,3,0.4696,0.5076,0.0854,0.3295,0
IND_0666,Phek,Nagaland,2021,25.3261,94.6693,225464,43740,181724,105,8,248,4,0.4494,0.4657,0.22,0.3966,0
IND_0666,Phek,Nagaland,2022,25.3261,94.6693,230127,45795,184332,187,6,108,5,0.387,0.8126,0.0939,0.492,0
IND_0666,Phek,Nagaland,2023,25.3261,94.6693,235273,47996,187277,214,7,109,5,0.3234,0.9096,0.0927,0.4807,0
IND_0667,Shamator,Nagaland,2019,25.3669,94.4278,494916,119298,375618,315,14,200,7,0.425,0.6365,0.0808,0.3782,0
IND_0667,Shamator,Nagaland,2020,25.3669,94.4278,502701,123689,379012,330,11,170,9,0.4361,0.6565,0.0676,0.4145,0
IND_0667,Shamator,Nagaland,2021,25.3669,94.4278,507329,127364,,363,12,,12,0.523,,0.0962,0.4216,0
IND_0667,Shamator,Nagaland,2022,25.3669,94.4278,521012,133404,387608,264,19,572,12,0.3387,0.5067,0.2196,0.4657,0
IND_0667,Shamator,Nagaland,2023,25.3669,94.4278,527315,137654,,552,21,384,9,0.388,1.0468,0.1456,0.4663,0
IND_0668,Tseminyu,Nagaland,2019,25.3052,93.8071,440642,115348,325294,351,17,390,11,,0.7966,0.177,0.5256,0
IND_0668,Tseminyu,Nagaland,2020,25.3052,93.8071,446297,119060,327237,266,14,300,9,0.5185,0.596,0.1344,0.4039,0
IND_0668,Tseminyu,Nagaland,2021,25.3052,93.8071,453628,123284,330344,318,15,353,6,0.4672,0.701,0.1556,0.3923,0
IND_0668,Tseminyu,Nagaland,2022,25.3052,93.8071,460966,127583,333383,261,12,205,6,0.3968,0.5662,0.0889,0.3698,0
IND_0668,Tseminyu,Nagaland,2023,25.3052,93.8071,469657,132336,337321,234,13,228,9,0.4679,0.4982,0.0971,0.3615,0
IND_0669,Tuensang,Nagaland,2019,26.8963,93.8655,149574,31435,118139,52,2,50,1,0.4367,0.3477,0.0669,0.279,1
IND_0669,Tuensang,Nagaland,2020,26.8963,93.8655,151802,32662,119140,39,2,50,1,0.5774,0.2569,0.0659,0.2209,1
IND_0669,Tuensang,Nagaland,2021,26.8963,93.8655,154265,33963,120302,31,3,50,1,0.5826,0.201,0.0648,0.2072,1
IND_0669,Tuensang,Nagaland,2022,26.8963,93.8655,156819,35310,121509,45,2,51,1,0.5177,0.287,0.065,0.225,1
IND_0669,Tuensang,Nagaland,2023,26.8963,93.8655,157709,36299,121410,31,2,50,2,0.4549,0.1966,0.0634,0.2587,1
IND_0670,Wokha,Nagaland,2019,26.8531,94.3139,237138,69978,167160,91,2,50,,0.4911,0.3837,0.0422,0.2694,1
IND_0670,Wokha,Nagaland,2020,26.8531,94.3139,241000,72322,168678,134,5,107,,0.4794,0.556,,0.3299,1
IND_0670,Wokha,Nagaland,2021,26.8531,94.3139,244396,74563,169833,,3,65,2,0.5805,0.2823,0.0532,0.2218,1
IND_0670,Wokha,Nagaland,2022,26.8531,94.3139,247183,76650,170533,125,3,53,2,0.5979,0.5057,0.0429,0.248,1
IND_0670,Wokha,Nagaland,2023,26.8531,94.3139,249836,,171115,67,3,70,2,0.3954,0.2682,0.056,0.2713,1
IND_0671,Zunheboto,Nagaland,2019,25.8611,95.1635,789539,178711,610828,341,19,,11,0.3335,0.4319,0.1502,0.3805,0
IND_0671,Zunheboto,Nagaland,2020,25.8611,95.1635,801429,,616020,606,21,341,13,0.477,0.7561,0.0851,0.437,0
IND_0671,Zunheboto,Nagaland,2021,25.8611,95.1635,810278,,618770,502,32,517,22,0.519,0.6195,0.1276,0.4693,0
IND_0671,Zunheboto,Nagaland,2022,25.8611,95.1635,821797,198339,623458,,19,439,20,0.3529,0.4721,0.1068,0.4697,0
IND_0671,Zunheboto,Nagaland,2023,25.8611,95.1635,837131,206226,630905,428,32,,11,0.4596,0.5113,0.098,0.3252,0
IND_0672,Anjaw,Arunachal Pradesh,2019,29.4029,95.0694,295581,,218498,,4,88,3,0.537,0.2673,0.0595,0.2871,1
IND_0672,Anjaw,Arunachal Pradesh,2020,29.4029,95.0694,300116,79766,220350,142,5,56,3,0.5991,0.4732,0.0373,0.2649,1
IND_0672,Anjaw,Arunachal Pradesh,2021,29.4029,95.0694,303850,82278,221572,105,6,132,3,0.6035,0.3456,0.0869,0.2593,1
IND_0672,Anjaw,Arunachal Pradesh,2022,29.4029,95.0694,307690,84856,222834,45,2,50,2,0.536,0.1463,0.0325,0.1921,1
IND_0672,Anjaw,Arunachal Pradesh,2023,29.4029,95.0694,313360,87987,225373,66,4,108,2,0.5522,0.2106,0.0689,0.2333,1
IND_0673,Changlang,Arunachal Pradesh,2019,29.252,97.1466,455742,129110,326632,165,11,177,8,0.4712,0.362,0.0777,0.3608,0
IND_0673,Changlang,Arunachal Pradesh,2020,29.252,97.1466,461314,,328319,287,10,165,11,0.5009,0.6221,0.0715,0.4216,0
IND_0673,Changlang,Arunachal Pradesh,2021,29.252,97.1466,468566,137429,331137,356,10,123,10,0.5213,0.7598,0.0525,0.4361,0
IND_0673,Changlang,Arunachal Pradesh,2022,29.252,97.1466,475354,141796,333558,390,11,211,9,0.4299,0.8204,0.0888,0.456,0
IND_0673,Changlang,Arunachal Pradesh,2023,29.252,97.1466,488050,148024,340026,261,10,182,9,0.3693,0.5348,0.0746,0.4359,0
IND_0674,Dibang Valley,Arunachal Pradesh,2019,29.3778,92.8534,113383,18437,94946,42,,50,1,0.3646,0.3704,0.0882,0.2961,0
IND_0674,Dibang Valley,Arunachal Pradesh,2020,29.3778,92.8534,115247,19317,95930,65,2,50,3,,0.564,0.0868,0.41,0
IND_0674,Dibang Valley,Arunachal Pradesh,2021,29.3778,92.8534,116363,20086,96277,81,3,65,1,0.56,0.6961,0.1117,0.3075,0
IND_0674,Dibang Valley,Arunachal Pradesh,2022,29.3778,92.8534,118320,21015,97305,68,3,65,3,0.4979,0.5747,0.1099,0.4499,0
IND_0674,Dibang Valley,Arunachal Pradesh,2023,29.3778,92.8534,119219,21771,97448,61,3,50,3,0.4866,0.5117,0.0839,0.4229,0
IND_0675,East Kameng,Arunachal Pradesh,2019,27.604,93.6608,267966,78193,189773,112,9,97,6,0.3923,0.418,0.0724,0.4074,0
IND_0675,East Kameng,Arunachal Pradesh,2020,27.604,93.6608,272685,80933,191752,189,,,5,0.5601,0.6931,0.0572,0.3736,0
IND_0675,East Kameng,Arunachal Pradesh,2021,27.604,93.6608,276667,83498,193169,189,8,177,6,0.5328,0.6831,0.128,0.4233,0
IND_0675,East Kameng,Arunachal Pradesh,2022,27.604,93.6608,279359,85707,193652,205,8,181,5,0.4775,,0.1296,0.4223,0
IND_0675,East Kameng,Arunachal Pradesh,2023,27.604,93.6608,281237,87690,,240,10,,5,0.4826,0.8534,,0.4348,0
IND_0676,East Siang,Arunachal Pradesh,2019,27.8059,92.2435,266205,80577,185628,57,2,51,2,0.5215,0.2141,0.0383,0.2332,1
IND_0676,East Siang,Arunachal Pradesh,2020,27.8059,92.2435,270274,83160,187114,62,4,,2,0.4666,0.2294,0.0518,0.2175,1
IND_0676,East Siang,Arunachal Pradesh,2021,27.8059,92.2435,272658,85257,187401,108,4,93,1,0.5413,0.3961,,0.2238,1
IND_0676,East Siang,Arunachal Pradesh,2022,27.8059,92.2435,276320,87783,188537,121,3,62,2,0.47,0.4379,0.0449,0.2811,1
IND_0676,East Siang,Arunachal Pradesh,2023,27.8059,92.2435,281857,90952,,83,,73,3,0.5558,0.2945,0.0518,0.2636,1
IND_0677,Kamle,Arunachal Pradesh,2019,27.6949,96.6377,290366,58526,231840,166,9,150,,0.4281,0.5717,0.1033,0.3579,0
IND_0677,Kamle,Arunachal Pradesh,2020,27.6949,96.6377,295334,61004,234330,186,8,113,7,0.5809,,0.0765,0.4002,0
IND_0677,Kamle,Arunachal Pradesh,2021,27.6949,96.6377,297404,62918,234486,118,8,151,4,0.4513,0.3968,0.1015,0.3148,0
IND_0677,Kamle,Arunachal Pradesh,2022,27.6949,96.6377,303174,,237519,222,9,,8,0.4761,0.7323,0.1577,0.4735,0
IND_0677,Kamle,Arunachal Pradesh,2023,27.6949,96.6377,308420,68333,240087,184,8,,5,0.4956,0.5966,0.0927,0.3647,0
IND_0678,Kra Daadi,Arunachal Pradesh,2019,27.3478,95.0686,311588,50168,261420,,2,55,4,0.5045,0.1637,0.0353,0.2084,1
IND_0678,Kra Daadi,Arunachal Pradesh,2020,27.3478,95.0686,315344,52350,262994,107,4,91,,0.6457,0.3393,0.0577,0.2269,1
IND_0678,Kra Daadi,Arunachal Pradesh,2021,27.3478,95.0686,322846,55209,267637,74,4,109,4,0.5269,0.2292,0.0675,0.2589,1
IND_0678,Kra Daadi,Arunachal Pradesh,2022,27.3478,95.0686,324412,57099,267313,72,3,80,3,,0.2219,0.0493,0.2195,1
IND_0678,Kra Daadi,Arunachal Pradesh,2023,27.3478,95.0686,332953,60267,272686,127,4,,3,0.6172,0.3814,0.0595,0.2103,1
IND_0679,Kurung Kumey,Arunachal Pradesh,2019,29.0211,96.3804,1856723,421940,1434783,1460,47,743,46,0.4584,0.7863,0.08,0.4459,0
IND_0679,Kurung Kumey,Arunachal Pradesh,2020,29.0211,96.3804,1881158,,1444259,1596,43,803,43,,0.8484,0.0854,0.4646,0
IND_0679,Kurung Kumey,Arunachal Pradesh,2021,29.0211,96.3804,1922292,456064,1466228,1632,,1434,31,0.4724,0.849,0.1492,0.4009,0
IND_0679,Kurung Kumey,Arunachal Pradesh,2022,29.0211,96.3804,1948343,471986,1476357,1702,71,1796,25,,0.8736,0.1844,0.4399,0
IND_0679,Kurung Kumey,Arunachal Pradesh,2023,29.0211,96.3804,1986500,491162,1495338,935,65,,45,0.4416,0.4707,0.1327,0.4375,0
IND_0680,Lepa Rada,Arunachal Pradesh,2019,28.603,92.136,1261870,312607,949263,854,35,946,32,0.4366,0.6768,0.1499,0.4941,0
IND_0680,Lepa Rada,Arunachal Pradesh,2020,28.603,92.136,1280352,323587,956765,912,37,454,15,0.5466,0.7123,0.0709,0.3387,0
IND_0680,Lepa Rada,Arunachal Pradesh,2021,28.603,92.136,1293544,333389,960155,816,41,675,18,0.5197,0.6308,0.1044,0.3557,0
IND_0680,Lepa Rada,Arunachal Pradesh,2022,28.603,92.136,1328001,348910,979091,597,42,810,22,,0.4495,0.122,0.3644,0
IND_0680,Lepa Rada,Arunachal Pradesh,2023,28.603,92.136,1339813,358712,981101,653,41,649,32,0.3656,0.4874,0.0969,0.4248,0
IND_0681,Lohit,Arunachal Pradesh,2019,29.454,92.9668,80000,24347,55653,56,2,55,1,0.4046,0.7,0.1375,0.4007,0
IND_0681,Lohit,Arunachal Pradesh,2020,29.454,92.9668,81154,25104,56050,60,2,50,1,0.5295,0.7393,0.1232,0.3771,0
IND_0681,Lohit,Arunachal Pradesh,2021,29.454,92.9668,82660,25984,56676,64,2,54,1,0.4016,0.7743,0.1307,0.4098,0
IND_0681,Lohit,Arunachal Pradesh,2022,29.454,92.9668,83166,26559,56607,49,2,50,1,0.4692,0.5892,0.1202,0.3488,0
IND_0681,Lohit,Arunachal Pradesh,2023,29.454,92.9668,85540,27744,57796,38,,63,1,0.4519,,0.1473,0.3495,0
IND_0682,Longding,Arunachal Pradesh,2019,28.8263,91.91,938785,,762932,361,27,602,19,0.4548,0.3845,0.1283,0.3801,0
IND_0682,Longding,Arunachal Pradesh,2020,28.8263,91.91,951161,182927,768234,714,,330,14,0.4559,0.7507,0.0694,0.3801,0
IND_0682,Longding,Arunachal Pradesh,2021,28.8263,91.91,969813,191363,778450,475,31,474,20,0.5647,0.4898,0.0978,0.3764,0
IND_0682,Longding,Arunachal Pradesh,2022,28.8263,91.91,987620,199815,787805,379,35,389,19,0.3727,0.3838,0.0788,0.3503,0
IND_0682,Longding,Arunachal Pradesh,2023,28.8263,91.91,998355,206979,791376,739,27,437,25,0.3877,0.7402,,0.4871,0
IND_0683,Lower Dibang Valley,Arunachal Pradesh,2019,27.1658,95.9647,344706,104607,240099,94,4,79,3,0.5751,0.2727,0.0458,0.2113,1
IND_0683,Lower Dibang Valley,Arunachal Pradesh,2020,27.1658,95.9647,350140,108006,242134,119,5,95,3,0.603,,0.0543,0.2318,1
IND_0683,Lower Dibang Valley,Arunachal Pradesh,2021,27.1658,95.9647,354093,110996,243097,122,4,89,4,0.5515,0.3445,0.0503,0.3028,1
IND_0683,Lower Dibang Valley,Arunachal Pradesh,2022,27.1658,95.9647,361040,114979,246061,106,8,188,3,0.5476,0.2936,,0.2891,1
IND_0683,Lower Dibang Valley,Arunachal Pradesh,2023,27.1658,95.9647,366195,,247743,101,4,50,2,0.6093,0.2758,0.0273,0.1849,1
IND_0684,Lower Siang,Arunachal Pradesh,2019,28.7841,92.1142,348126,88438,259688,93,5,123,4,0.6455,0.2671,0.0707,0.2778,1
IND_0684,Lower Siang,Arunachal Pradesh,2020,28.7841,92.1142,353255,91507,261748,133,4,97,2,0.6215,0.3765,0.0549,0.2018,1
IND_0684,Lower Siang,Arunachal Pradesh,2021,28.7841,92.1142,358904,94765,264139,99,5,139,4,,0.2758,0.0775,0.2844,1
IND_0684,Lower Siang,Arunachal Pradesh,2022,28.7841,92.1142,365055,98215,266840,107,5,111,3,0.4623,0.2931,0.0608,0.2702,1
IND_0684,Lower Siang,Arunachal Pradesh,2023,28.7841,92.1142,367743,100776,,54,3,50,3,0.6191,0.1468,0.0272,0.1949,1
IND_0685,Lower Subansiri,Arunachal Pradesh,2019,28.3294,91.8951,86166,18708,67458,64,2,50,,0.4509,,0.1161,0.3485,0
IND_0685,Lower Subansiri,Arunachal Pradesh,2020,28.3294,91.8951,87348,19401,67947,62,2,54,1,0.5569,0.7098,0.1236,0.3226,0
IND_0685,Lower Subansiri,Arunachal Pradesh,2021,28.3294,91.8951,88287,20051,68236,63,2,,1,0.4508,0.7136,0.1201,0.3807,0
IND_0685,Lower Subansiri,Arunachal Pradesh,2022,28.3294,91.8951,90487,21004,69483,53,2,50,1,0.3712,,0.1105,0.3726,0
IND_0685,Lower Subansiri,Arunachal Pradesh,2023,28.3294,91.8951,90912,,,47,3,71,2,0.4431,0.517,0.1562,0.4555,0
IND_0686,Namsai,Arunachal Pradesh,2019,27.5048,92.9621,520118,100450,419668,236,11,,14,0.3786,0.4537,0.0654,0.4179,0
IND_0686,Namsai,Arunachal Pradesh,2020,27.5048,92.9621,527853,104583,423270,365,12,132,9,0.4893,0.6915,0.05,0.3858,0
IND_0686,Namsai,Arunachal Pradesh,2021,27.5048,92.9621,538905,109467,429438,225,14,307,14,0.5191,0.4175,0.1139,0.4006,0
IND_0686,Namsai,Arunachal Pradesh,2022,27.5048,92.9621,547435,113937,433498,214,19,260,11,0.4806,0.3909,0.095,0.3704,0
IND_0686,Namsai,Arunachal Pradesh,2023,27.5048,92.9621,546278,116428,429850,349,10,,8,0.3572,0.6389,,0.4222,0
IND_0687,Pakke Kessang,Arunachal Pradesh,2019,27.7243,91.6119,386684,64177,322507,277,8,161,11,0.4128,0.7163,0.0833,0.4698,0
IND_0687,Pakke Kessang,Arunachal Pradesh,2020,27.7243,91.6119,393131,67213,325918,236,10,246,7,0.5779,0.6003,,0.354,0
IND_0687,Pakke Kessang,Arunachal Pradesh,2021,27.7243,91.6119,400672,70505,330167,319,9,170,10,0.5851,,0.0849,0.4221,0
IND_0687,Pakke Kessang,Arunachal Pradesh,2022,27.7243,91.6119,404544,73210,331334,214,9,206,7,,0.529,0.1018,0.3679,0
IND_0687,Pakke Kessang,Arunachal Pradesh,2023,27.7243,91.6119,405599,,330171,305,14,228,11,0.4048,0.752,0.1124,0.4818,0
IND_0688,Papum Pare,Arunachal Pradesh,2019,27.0646,94.816,901536,298693,602843,296,8,203,5,,0.3283,0.045,0.1981,1
IND_0688,Papum Pare,Arunachal Pradesh,2020,27.0646,94.816,913358,307177,606181,222,16,403,6,0.5324,0.2431,0.0882,0.2344,1
IND_0688,Papum Pare,Arunachal Pradesh,2021,27.0646,94.816,923929,315352,,262,17,378,,0.5634,,0.0818,0.2763,1
IND_0688,Papum Pare,Arunachal Pradesh,2022,27.0646,94.816,942577,326429,616148,252,13,176,7,0.555,0.2674,0.0373,0.2177,1
IND_0688,Papum Pare,Arunachal Pradesh,2023,27.0646,94.816,957712,336459,621253,174,16,272,10,0.5739,0.1817,0.0568,0.2426,1
IND_0689,Shi Yomi,Arunachal Pradesh,2019,28.6216,93.6165,497692,111657,,265,10,176,13,0.4745,0.5325,0.0707,0.4299,0
IND_0689,Shi Yomi,Arunachal Pradesh,2020,28.6216,93.6165,504931,115806,389125,399,17,314,10,0.5375,0.7902,,0.3972,0
IND_0689,Shi Yomi,Arunachal Pradesh,2021,28.6216,93.6165,513625,120368,393257,436,12,239,13,0.4485,0.8489,0.0931,0.4984,0
IND_0689,Shi Yomi,Arunachal Pradesh,2022,28.6216,93.6165,520786,124650,396136,393,,397,8,0.3977,0.7546,0.1525,0.423,0
IND_0689,Shi Yomi,Arunachal Pradesh,2023,28.6216,93.6165,524883,128255,396628,454,,,9,0.4981,,0.1867,0.4317,0
IND_0690,Siang,Arunachal Pradesh,2019,29.0461,94.3295,839254,263783,575471,253,14,326,6,0.4852,0.3015,0.0777,0.2631,1
IND_0690,Siang,Arunachal Pradesh,2020,29.0461,94.3295,852467,272198,580269,192,11,154,,0.5775,0.2252,0.0361,0.2477,1
IND_0690,Siang,Arunachal Pradesh,2021,29.0461,94.3295,859622,278781,580841,123,16,220,10,0.5075,0.1431,0.0512,0.2548,1
IND_0690,Siang,Arunachal Pradesh,2022,29.0461,94.3295,885256,291521,593735,260,8,142,,0.4572,0.2937,0.0321,0.2803,1
IND_0690,Siang,Arunachal Pradesh,2023,29.0461,94.3295,894233,298948,595285,234,12,181,5,0.5576,0.2617,0.0405,0.1883,1
IND_0691,Tawang,Arunachal Pradesh,2019,27.0388,92.4967,245779,81762,164017,175,5,82,3,0.4297,0.712,0.0667,0.3873,0
IND_0691,Tawang,Arunachal Pradesh,2020,27.0388,92.4967,249056,84098,,188,6,93,5,0.5254,0.7549,0.0747,0.4423,0
IND_0691,Tawang,Arunachal Pradesh,2021,27.0388,92.4967,252385,86484,165901,185,7,173,4,0.4924,0.733,0.1371,0.4138,0
IND_0691,Tawang,Arunachal Pradesh,2022,27.0388,92.4967,257925,89672,168253,218,,147,5,0.4569,0.8452,0.114,0.4723,0
IND_0691,Tawang,Arunachal Pradesh,2023,27.0388,92.4967,262173,92459,169714,128,8,160,4,0.4727,0.4882,0.1221,0.3918,0
IND_0692,Tirap,Arunachal Pradesh,2019,29.1004,97.1283,589699,151938,437761,143,7,96,6,0.5222,0.2425,,0.2511,1
IND_0692,Tirap,Arunachal Pradesh,2020,29.1004,97.1283,597215,156861,440354,259,7,188,6,0.5862,0.4337,0.063,0.2705,1
IND_0692,Tirap,Arunachal Pradesh,2021,29.1004,97.1283,610643,163441,447202,,,187,5,0.6817,0.3586,0.0612,0.2272,1
IND_0692,Tirap,Arunachal Pradesh,2022,29.1004,97.1283,612971,167129,445842,197,11,271,7,0.5045,,0.0884,0.2905,1
IND_0692,Tirap,Arunachal Pradesh,2023,29.1004,97.1283,632263,175550,456713,214,9,155,8,0.5314,0.3385,0.049,0.2841,1
IND_0693,Upper Siang,Arunachal Pradesh,2019,29.2591,96.9208,638922,136214,502708,352,20,495,12,0.4615,0.5509,0.1549,0.4123,0
IND_0693,Upper Siang,Arunachal Pradesh,2020,29.2591,96.9208,649824,141787,508037,317,14,214,9,0.5648,0.4878,0.0659,0.3005,0
IND_0693,Upper Siang,Arunachal Pradesh,2021,29.2591,96.9208,654815,146150,508665,412,13,195,14,0.4622,0.6292,0.0596,0.438,0
IND_0693,Upper Siang,Arunachal Pradesh,2022,29.2591,96.9208,667988,152430,515558,344,17,254,12,0.4637,0.515,0.076,0.3742,0
IND_0693,Upper Siang,Arunachal Pradesh,2023,29.2591,96.9208,681951,159026,522925,468,23,256,11,0.3962,0.6863,0.0751,0.3815,0
IND_0694,Upper Subansiri,Arunachal Pradesh,2019,27.1379,93.5952,144400,37641,106759,102,,121,3,0.3544,0.7064,0.1676,0.4914,0
IND_0694,Upper Subansiri,Arunachal Pradesh,2020,27.1379,93.5952,146848,,,103,4,93,2,0.4834,0.7014,0.1267,0.3839,0
IND_0694,Upper Subansiri,Arunachal Pradesh,2021,27.1379,93.5952,148537,40205,108332,62,,61,2,0.4459,0.4174,0.0821,0.3245,0
IND_0694,Upper Subansiri,Arunachal Pradesh,2022,27.1379,93.5952,149825,41303,108522,114,4,59,,0.4823,0.7609,0.0788,0.4469,0
IND_0694,Upper Subansiri,Arunachal Pradesh,2023,27.1379,93.5952,154945,43489,111456,83,5,66,3,0.4548,0.5357,0.0852,0.4097,0
IND_0695,West Kameng,Arunachal Pradesh,2019,27.8473,96.5493,1034552,282734,751818,744,28,325,25,0.48,0.7192,0.0628,0.4625,0
IND_0695,West Kameng,Arunachal Pradesh,2020,27.8473,96.5493,1050750,292414,758336,889,22,289,21,0.4484,0.8461,0.055,0.4393,0
IND_0695,West Kameng,Arunachal Pradesh,2021,27.8473,96.5493,1062443,300981,761462,717,32,757,26,0.4682,0.6749,0.1425,0.473,0
IND_0695,West Kameng,Arunachal Pradesh,2022,27.8473,96.5493,1078881,311032,767849,799,28,,,0.3503,0.7406,,0.505,0
IND_0695,West Kameng,Arunachal Pradesh,2023,27.8473,96.5493,1088027,319109,768918,419,39,710,15,0.3674,,0.1305,0.3577,0
IND_0696,West Siang,Arunachal Pradesh,2019,29.0805,92.856,295841,87868,207973,134,9,247,5,0.4512,0.4529,,0.3627,0
IND_0696,West Siang,Arunachal Pradesh,2020,29.0805,92.856,299883,90568,209315,232,9,122,5,0.424,0.7736,0.0814,0.4064,0
IND_0696,West Siang,Arunachal Pradesh,2021,29.0805,92.856,304815,93581,211234,205,9,197,3,0.4866,0.6725,0.1293,0.3542,0
IND_0696,West Siang,Arunachal Pradesh,2022,29.0805,92.856,311797,97284,214513,159,7,171,7,0.3917,0.5099,0.1097,0.4604,0
IND_0696,West Siang,Arunachal Pradesh,2023,29.0805,92.856,312956,99210,213746,148,10,113,4,0.3653,0.4729,0.0722,0.3728,0
IND_0697,Aizawl,Mizoram,2019,22.0876,92.5826,479603,246729,232874,394,24,,7,0.313,0.8215,0.2706,0.5653,0
IND_0697,Aizawl,Mizoram,2020,22.0876,92.5826,485555,252218,233337,419,19,478,6,0.3878,0.8629,0.1969,0.4703,0
IND_0697,Aizawl,Mizoram,2021,22.0876,92.5826,492576,258328,234248,527,18,360,4,0.5118,1.0699,0.1462,0.4193,0
IND_0697,Aizawl,Mizoram,2022,22.0876,92.5826,505668,267723,237945,435,21,535,5,,0.8602,0.2116,0.4676,0
IND_0697,Aizawl,Mizoram,2023,22.0876,92.5826,510981,273090,237891,410,23,695,8,0.3416,0.8024,0.272,0.5655,0
IND_0698,Champhai,Mizoram,2019,22.6188,92.784,661301,403247,258054,574,22,718,6,0.336,,,0.5079,0
IND_0698,Champhai,Mizoram,2020,22.6188,92.784,672933,413704,259229,607,31,491,4,0.4816,0.902,0.1459,0.3993,0
IND_0698,Champhai,Mizoram,2021,22.6188,92.784,680926,422023,258903,681,25,547,8,0.4664,1.0001,0.1607,0.5194,0
IND_0698,Champhai,Mizoram,2022,22.6188,92.784,695875,434767,,713,34,885,9,0.3306,1.0246,0.2544,0.5956,0
IND_0698,Champhai,Mizoram,2023,22.6188,92.784,697990,439579,258411,618,24,655,,0.3685,0.8854,0.1877,0.4466,0
IND_0699,Hnahthial,Mizoram,2019,24.0853,93.2703,1174542,659011,515531,328,21,763,5,0.4666,0.2793,0.1299,0.2858,1
IND_0699,Hnahthial,Mizoram,2020,24.0853,93.2703,1193006,675336,517670,285,28,449,5,0.461,0.2389,0.0753,0.2529,1
IND_0699,Hnahthial,Mizoram,2021,24.0853,93.2703,1205911,688671,517240,333,24,385,8,0.5206,0.2761,0.0639,0.2549,1
IND_0699,Hnahthial,Mizoram,2022,24.0853,93.2703,1235928,711992,523936,417,16,563,8,0.3753,0.3374,0.0911,0.3295,1
IND_0699,Hnahthial,Mizoram,2023,24.0853,93.2703,1240974,721104,519870,,35,1193,8,0.4805,0.4698,0.1923,0.3514,1
IND_0700,Khawzawl,Mizoram,2019,24.1282,92.9444,1251727,796167,455560,1497,37,1135,10,0.3178,1.1959,0.1813,0.5572,0
IND_0700,Khawzawl,Mizoram,2020,24.1282,92.9444,1270249,814300,455949,1496,50,1343,11,0.4659,1.1777,0.2115,0.5234,0
IND_0700,Khawzawl,Mizoram,2021,24.1282,92.9444,1288422,832392,456030,1399,40,,15,0.5177,1.0858,0.2397,0.5407,0
IND_0700,Khawzawl,Mizoram,2022,24.1282,92.9444,1304860,,455324,785,,1259,12,0.2801,0.6016,0.193,0.4642,0
IND_0700,Khawzawl,Mizoram,2023,24.1282,92.9444,1322941,867922,455019,942,57,1561,14,0.3553,,0.236,0.5029,0
IND_0701,Kolasib,Mizoram,2019,23.6247,92.4788,1737441,892452,844989,1933,50,1572,16,0.2875,1.1126,0.181,0.538,0
IND_0701,Kolasib,Mizoram,2020,23.6247,92.4788,1759511,912586,846925,1675,82,2316,24,,0.952,0.2633,0.5031,0
IND_0701,Kolasib,Mizoram,2021,23.6247,92.4788,1792442,938628,853814,977,83,1770,22,0.4918,0.5451,0.1975,0.3804,0
IND_0701,Kolasib,Mizoram,2022,23.6247,92.4788,1807131,955356,851775,,60,1489,,0.3545,1.2008,0.1648,0.4874,0
IND_0701,Kolasib,Mizoram,2023,23.6247,92.4788,1839361,981591,857770,1765,92,1864,19,0.3269,0.9596,0.2027,0.5161,0
IND_0702,Lawngtlai,Mizoram,2019,22.7344,92.4629,504630,268137,236493,314,20,470,5,0.3579,0.6222,0.1863,0.4449,0
IND_0702,Lawngtlai,Mizoram,2020,22.7344,92.4629,513592,275467,238125,647,20,717,5,0.4653,1.2598,0.2792,0.5323,0
IND_0702,Lawngtlai,Mizoram,2021,22.7344,92.4629,518320,280594,237726,337,20,530,7,0.3739,0.6502,0.2045,0.4631,0
IND_0702,Lawngtlai,Mizoram,2022,22.7344,92.4629,532248,290795,241453,,16,474,8,0.3772,0.7966,0.1781,0.5332,0
IND_0702,Lawngtlai,Mizoram,2023,22.7344,92.4629,537329,296258,241071,373,16,458,7,0.3248,0.6942,0.1705,0.4828,0
IND_0703,Lunglei,Mizoram,2019,23.9101,93.3506,1292184,636571,655613,,38,730,23,0.3631,0.6431,0.113,0.5015,0
IND_0703,Lunglei,Mizoram,2020,23.9101,93.3506,1311432,652611,658821,1242,51,1972,16,0.4041,0.9471,0.3007,0.5124,0
IND_0703,Lunglei,Mizoram,2021,23.9101,93.3506,1330756,668881,661875,997,51,1157,14,0.488,0.7492,0.1739,0.4189,0
IND_0703,Lunglei,Mizoram,2022,23.9101,93.3506,1358230,689481,668749,999,49,1867,23,0.2952,0.7355,0.2749,0.5644,0
IND_0703,Lunglei,Mizoram,2023,23.9101,93.3506,1367831,701194,666637,1800,,2462,20,0.4071,1.316,,0.632,0
IND_0704,Mamit,Mizoram,2019,23.9014,92.3568,1342019,683373,658646,729,36,684,9,0.3934,0.5432,0.1019,0.3234,1
IND_0704,Mamit,Mizoram,2020,23.9014,92.3568,1362270,700496,661774,585,21,510,7,0.4026,0.4294,0.0749,0.2945,1
IND_0704,Mamit,Mizoram,2021,23.9014,92.3568,1387611,720465,667146,753,,843,,0.5288,0.5427,0.1215,0.2858,1
IND_0704,Mamit,Mizoram,2022,23.9014,92.3568,1403477,735720,667757,496,23,791,6,0.4413,0.3534,0.1127,0.2498,1
IND_0704,Mamit,Mizoram,2023,23.9014,92.3568,1421182,752107,669075,658,28,731,8,0.4748,0.463,0.1029,0.2874,1
IND_0705,Saitual,Mizoram,2019,22.9592,93.0925,1365537,762504,603033,818,49,1848,21,0.3194,0.599,0.2707,0.5656,0
IND_0705,Saitual,Mizoram,2020,22.9592,93.0925,1385836,780768,605068,1729,65,1724,20,,1.2476,0.2488,0.5537,0
IND_0705,Saitual,Mizoram,2021,22.9592,93.0925,1413281,,609985,1006,69,2540,14,0.4847,0.7118,0.3594,0.4616,0
IND_0705,Saitual,Mizoram,2022,22.9592,93.0925,1417224,812624,604600,1812,56,1778,20,0.3809,1.2786,0.2509,0.6185,0
IND_0705,Saitual,Mizoram,2023,22.9592,93.0925,1440071,832924,,1590,80,1519,14,0.3106,,0.211,0.542,0
IND_0706,Serchhip,Mizoram,2019,23.1907,92.6146,110778,,61992,88,5,164,1,0.2913,0.7944,0.2961,0.4621,0
IND_0706,Serchhip,Mizoram,2020,23.1907,92.6146,112302,50018,62284,,4,88,1,0.4118,1.0418,0.1567,0.4422,0
IND_0706,Serchhip,Mizoram,2021,23.1907,92.6146,113608,51168,62440,82,5,181,1,0.4549,0.7218,0.3186,0.3944,0
IND_0706,Serchhip,Mizoram,2022,23.1907,92.6146,115614,52650,62964,132,4,157,1,0.4052,1.1417,0.2716,0.478,0
IND_0706,Serchhip,Mizoram,2023,23.1907,92.6146,116646,53703,62943,,3,109,2,0.306,1.2431,0.1869,0.5849,0
IND_0707,East Sikkim,Sikkim,2019,27.7312,88.5981,1969250,812669,1156581,2627,108,3134,37,0.2677,1.334,0.3183,0.6515,0
IND_0707,East Sikkim,Sikkim,2020,27.7312,88.5981,1999289,835062,1164227,1984,92,3763,23,0.2962,,0.3764,0.5183,0
IND_0707,East Sikkim,Sikkim,2021,27.7312,88.5981,2025377,856085,1169292,2174,117,3123,27,0.338,1.0734,0.3084,0.5329,0
IND_0707,East Sikkim,Sikkim,2022,27.7312,88.5981,2051274,877288,1173986,1990,115,4073,35,0.2293,0.9701,0.3971,0.6197,0
IND_0707,East Sikkim,Sikkim,2023,27.7312,88.5981,2098129,907817,1190312,2848,95,2941,34,0.2521,1.3574,0.2803,0.6381,0
IND_0708,North Sikkim,Sikkim,2019,27.6907,88.4911,378749,122476,256273,401,20,774,,,,0.4087,0.5131,0
IND_0708,North Sikkim,Sikkim,2020,27.6907,88.4911,383698,125995,257703,489,22,976,7,0.422,1.2744,0.5087,0.6191,0
IND_0708,North Sikkim,Sikkim,2021,27.6907,88.4911,388994,,259315,562,16,748,6,0.366,1.4448,0.3846,0.5924,0
IND_0708,North Sikkim,Sikkim,2022,27.6907,88.4911,394851,133605,261246,410,17,618,7,0.3068,,0.313,0.557,0
IND_0708,North Sikkim,Sikkim,2023,27.6907,88.4911,405787,,266452,,21,949,6,0.3368,1.1188,0.4677,0.5764,0
IND_0709,Pakyong,Sikkim,2019,27.6177,88.431,418006,161010,256996,393,22,772,5,0.3013,0.9402,0.3694,0.5427,0
IND_0709,Pakyong,Sikkim,2020,27.6177,88.431,423821,165369,,564,21,787,4,0.3861,1.3308,0.3714,0.5663,0
IND_0709,Pakyong,Sikkim,2021,27.6177,88.431,429304,169655,,582,23,1020,,0.3925,,0.4752,0.6109,0
IND_0709,Pakyong,Sikkim,2022,27.6177,88.431,433669,173549,260120,,24,1108,6,0.3532,1.3835,0.511,0.6187,0
IND_0709,Pakyong,Sikkim,2023,27.6177,88.431,441839,179027,262812,367,19,418,5,0.3254,0.8306,0.1892,0.4588,0
IND_0710,Soreng,Sikkim,2019,27.9152,88.8096,2121031,895795,1225236,2577,116,4660,20,0.304,1.215,0.4394,0.5631,0
IND_0710,Soreng,Sikkim,2020,27.9152,88.8096,2157582,,1235562,2330,104,2160,43,0.3743,1.0799,0.2002,0.5934,0
IND_0710,Soreng,Sikkim,2021,27.9152,88.8096,2188442,946150,1242292,,116,5334,41,0.3305,0.7106,0.4875,0.6028,0
IND_0710,Soreng,Sikkim,2022,27.9152,88.8096,2211009,966961,1244048,2885,80,1993,36,0.2328,1.3048,0.1803,0.5967,0
IND_0710,Soreng,Sikkim,2023,27.9152,88.8096,2232755,987636,1245119,3179,134,2499,30,,1.4238,0.2238,0.5783,0
IND_0711,South Sikkim,Sikkim,2019,27.8508,88.3064,221583,71215,150368,,10,419,2,0.2578,0.862,0.3782,0.4904,0
IND_0711,South Sikkim,Sikkim,2020,27.8508,88.3064,224638,,,172,10,224,3,0.2739,0.7657,0.1994,0.4665,0
IND_0711,South Sikkim,Sikkim,2021,27.8508,88.3064,227799,75491,152308,254,,153,5,0.3228,1.115,0.1343,0.5651,0
IND_0711,South Sikkim,Sikkim,2022,27.8508,88.3064,231037,77719,153318,314,9,275,4,0.2465,1.3591,0.2381,0.6095,0
IND_0711,South Sikkim,Sikkim,2023,27.8508,88.3064,234994,80225,154769,264,14,,3,0.3489,1.1234,0.2962,0.5336,0
IND_0712,West Sikkim,Sikkim,2019,27.2093,88.0931,100336,33962,66374,117,5,234,1,0.3026,1.1661,0.4664,0.5505,0
IND_0712,West Sikkim,Sikkim,2020,27.2093,88.0931,101984,35030,66954,87,6,237,1,0.3529,0.8531,0.4648,0.5144,0
IND_0712,West Sikkim,Sikkim,2021,27.2093,88.0931,102906,35861,67045,70,6,,1,0.4025,0.6802,0.4878,0.4604,0
IND_0712,West Sikkim,Sikkim,2022,27.2093,88.0931,105051,37134,67917,136,4,87,1,0.23,1.2946,0.1656,0.5239,0
IND_0712,West Sikkim,Sikkim,2023,27.2093,88.0931,107270,38455,68815,81,4,79,1,0.2718,0.7551,0.1473,0.4242,0
IND_0713,North Goa,Goa,2019,15.0483,73.902,369178,261256,107922,636,33,,2,0.109,1.7227,0.532,0.7265,0
IND_0713,North Goa,Goa,2020,15.0483,73.902,374815,267119,107696,594,19,556,2,,1.5848,0.2967,0.6087,0
IND_0713,North Goa,Goa,2021,15.0483,73.902,379052,272034,107018,768,26,1100,3,0.171,2.0261,0.5804,0.8281,0
IND_0713,North Goa,Goa,2022,15.0483,73.902,383706,277292,106414,408,22,822,3,0.1557,,0.4285,0.649,0
IND_0713,North Goa,Goa,2023,15.0483,73.902,388429,282647,105782,639,,1752,2,0.1599,1.6451,0.9021,0.792,0
IND_0714,South Goa,Goa,2019,14.9968,74.2262,371385,224591,146794,805,33,2111,5,,2.1676,1.0,0.9645,0
IND_0714,South Goa,Goa,2020,14.9968,74.2262,376376,229491,146885,547,21,1339,4,0.2729,1.4533,0.7115,0.7321,0
IND_0714,South Goa,Goa,2021,14.9968,74.2262,381907,234773,147134,710,19,,2,0.3355,1.8591,0.5593,0.6671,0
IND_0714,South Goa,Goa,2022,14.9968,74.2262,387634,,147402,831,32,1787,4,0.2403,2.1438,0.922,0.8974,0
IND_0714,South Goa,Goa,2023,14.9968,74.2262,398475,248943,149532,761,27,1124,2,0.2437,1.9098,0.5642,0.7159,0
IND_0715,Anantnag,Jammu and Kashmir,2019,35.2674,75.4549,337250,107408,229842,210,13,421,6,0.3173,0.6227,0.2497,0.4909,0
IND_0715,Anantnag,Jammu and Kashmir,2020,35.2674,75.4549,343107,110989,,178,14,300,,0.4664,0.5188,0.1749,0.4185,0
IND_0715,Anantnag,Jammu and Kashmir,2021,35.2674,75.4549,347956,114297,233659,341,9,149,5,0.3911,0.98,0.0856,0.4319,0
IND_0715,Anantnag,Jammu and Kashmir,2022,35.2674,75.4549,351875,117344,,359,15,406,8,0.4368,1.0202,0.2308,0.5614,0
IND_0715,Anantnag,Jammu and Kashmir,2023,35.2674,75.4549,357665,121063,236602,265,11,367,6,0.4029,0.7409,0.2052,0.4523,0
IND_0716,Bandipora,Jammu and Kashmir,2019,34.2589,74.7188,422183,143049,279134,213,13,312,7,0.4384,0.5045,0.1478,0.4066,0
IND_0716,Bandipora,Jammu and Kashmir,2020,34.2589,74.7188,429619,147717,281902,304,,379,5,0.4526,0.7076,0.1764,0.3987,0
IND_0716,Bandipora,Jammu and Kashmir,2021,34.2589,74.7188,433751,151307,282444,284,14,472,7,0.4664,0.6548,0.2176,0.421,0
IND_0716,Bandipora,Jammu and Kashmir,2022,34.2589,74.7188,440596,155897,284699,411,11,201,8,0.4135,0.9328,0.0912,0.5186,0
IND_0716,Bandipora,Jammu and Kashmir,2023,34.2589,74.7188,452184,162258,289926,475,18,614,9,,1.0505,0.2716,0.5531,0
IND_0717,Baramulla,Jammu and Kashmir,2019,36.0341,75.5777,618699,183790,434909,333,19,664,10,0.4061,0.5382,0.2146,0.4322,0
IND_0717,Baramulla,Jammu and Kashmir,2020,36.0341,75.5777,627371,189503,437868,427,21,541,15,0.3745,0.6806,0.1725,0.4935,0
IND_0717,Baramulla,Jammu and Kashmir,2021,36.0341,75.5777,640504,196673,443831,745,29,746,15,0.4186,1.1631,0.2329,0.5835,0
IND_0717,Baramulla,Jammu and Kashmir,2022,36.0341,75.5777,651605,203339,448266,579,20,437,11,0.3792,0.8886,0.1341,0.4469,0
IND_0717,Baramulla,Jammu and Kashmir,2023,36.0341,75.5777,662950,210195,,642,28,657,16,0.3291,,0.1982,0.5724,0
IND_0718,Budgam,Jammu and Kashmir,2019,36.3757,77.9042,443497,146835,296662,433,14,218,9,0.2983,0.9763,0.0983,0.5395,0
IND_0718,Budgam,Jammu and Kashmir,2020,36.3757,77.9042,450377,151365,299012,376,18,357,10,0.5086,0.8349,0.1585,0.4721,0
IND_0718,Budgam,Jammu and Kashmir,2021,36.3757,77.9042,458079,156243,301836,,16,540,6,,,0.2358,0.4767,0
IND_0718,Budgam,Jammu and Kashmir,2022,36.3757,77.9042,464948,160911,,386,13,262,5,0.3016,0.8302,0.1127,0.4245,0
IND_0718,Budgam,Jammu and Kashmir,2023,36.3757,77.9042,468865,164611,304254,441,13,315,5,0.3736,0.9406,0.1344,0.4476,0
IND_0719,Doda,Jammu and Kashmir,2019,36.5652,74.6996,391919,151450,240469,298,17,478,7,0.309,0.7604,0.2439,0.539,0
IND_0719,Doda,Jammu and Kashmir,2020,36.5652,74.6996,398684,156058,242626,199,,511,5,0.4101,0.4991,0.2563,0.4174,0
IND_0719,Doda,Jammu and Kashmir,2021,36.5652,74.6996,405771,160861,244910,,11,,8,0.4191,1.0745,0.1735,0.5524,0
IND_0719,Doda,Jammu and Kashmir,2022,36.5652,74.6996,411148,165048,246100,388,,326,8,0.3779,0.9437,0.1586,0.5233,0
IND_0719,Doda,Jammu and Kashmir,2023,36.5652,74.6996,412632,167707,244925,327,18,546,7,0.3006,0.7925,0.2646,0.5499,0
IND_0720,Ganderbal,Jammu and Kashmir,2019,34.1015,75.0117,818664,207831,,863,35,671,15,0.3154,,,0.4935,0
IND_0720,Ganderbal,Jammu and Kashmir,2020,34.1015,75.0117,829612,214758,614854,772,36,715,13,0.4715,0.9306,0.1724,0.4193,0
IND_0720,Ganderbal,Jammu and Kashmir,2021,34.1015,75.0117,844420,222813,621607,978,34,467,13,0.3731,1.1582,0.1106,0.4751,0
IND_0720,Ganderbal,Jammu and Kashmir,2022,34.1015,75.0117,863607,232194,631413,535,37,1124,15,0.3206,0.6195,0.2603,0.4906,0
IND_0720,Ganderbal,Jammu and Kashmir,2023,34.1015,75.0117,867242,237508,629734,592,25,702,13,0.4331,0.6826,0.1619,0.4016,0
IND_0721,Jammu,Jammu and Kashmir,2019,34.9314,77.1113,1016175,375358,640817,,29,396,22,,1.0677,0.0779,0.5659,0
IND_0721,Jammu,Jammu and Kashmir,2020,34.9314,77.1113,1031787,386284,645503,576,35,990,17,0.3484,0.5583,0.1919,0.4561,0
IND_0721,Jammu,Jammu and Kashmir,2021,34.9314,77.1113,1041345,395069,646276,,37,1071,17,0.4339,0.8883,0.2057,0.4984,0
IND_0721,Jammu,Jammu and Kashmir,2022,34.9314,77.1113,1064365,409124,655241,,,1245,18,0.3395,0.7901,0.2339,0.51,0
IND_0721,Jammu,Jammu and Kashmir,2023,34.9314,77.1113,1080288,420646,659642,593,40,1091,12,0.4362,0.5489,0.202,0.3933,0
IND_0722,Kathua,Jammu and Kashmir,2019,35.2689,74.5361,225472,66683,158789,,7,169,5,,0.6919,0.1499,0.4759,0
IND_0722,Kathua,Jammu and Kashmir,2020,35.2689,74.5361,228510,68724,159786,166,7,190,5,0.3869,0.7264,0.1663,0.5162,0
IND_0722,Kathua,Jammu and Kashmir,2021,35.2689,74.5361,232863,71198,161665,217,6,169,3,,0.9319,,0.4739,0
IND_0722,Kathua,Jammu and Kashmir,2022,35.2689,74.5361,234629,72911,161718,128,8,,4,0.4003,0.5455,0.1048,0.4105,0
IND_0722,Kathua,Jammu and Kashmir,2023,35.2689,74.5361,238631,75348,163283,226,8,200,,0.352,0.9471,0.1676,0.4885,0
IND_0723,Kishtwar,Jammu and Kashmir,2019,33.6482,73.9523,672398,205175,467223,557,29,893,8,0.316,0.8284,0.2656,0.4719,0
IND_0723,Kishtwar,Jammu and Kashmir,2020,33.6482,73.9523,684022,,471880,636,18,582,15,0.5138,0.9298,0.1702,0.5247,0
IND_0723,Kishtwar,Jammu and Kashmir,2021,33.6482,73.9523,696438,219475,476963,544,19,557,14,0.4049,0.7811,0.16,0.5098,0
IND_0723,Kishtwar,Jammu and Kashmir,2022,33.6482,73.9523,703620,225256,478364,672,21,718,8,0.3232,0.9551,0.2041,0.4686,0
IND_0723,Kishtwar,Jammu and Kashmir,2023,33.6482,73.9523,708041,230212,477829,773,24,691,16,0.3978,1.0917,,0.5813,0
IND_0724,Kulgam,Jammu and Kashmir,2019,34.23,75.5719,283816,63014,220802,183,8,,3,0.4027,0.6448,0.1621,0.3343,0
IND_0724,Kulgam,Jammu and Kashmir,2020,34.23,75.5719,288340,65460,,225,11,353,7,0.4549,0.7803,0.2448,0.5003,0
IND_0724,Kulgam,Jammu and Kashmir,2021,34.23,75.5719,290680,67445,223235,294,9,150,7,,1.0114,0.1032,0.5118,0
IND_0724,Kulgam,Jammu and Kashmir,2022,34.23,75.5719,296598,70301,226297,344,10,197,3,0.4253,1.1598,0.1328,0.4178,0
IND_0724,Kulgam,Jammu and Kashmir,2023,34.23,75.5719,302669,73253,229416,288,13,445,4,0.4372,0.9515,,0.4663,0
IND_0725,Kupwara,Jammu and Kashmir,2019,32.6439,77.3291,450895,162146,288749,,15,337,5,0.3313,0.743,0.1495,0.4422,0
IND_0725,Kupwara,Jammu and Kashmir,2020,32.6439,77.3291,458123,167036,291087,,15,,9,0.3936,1.0194,0.162,0.5278,0
IND_0725,Kupwara,Jammu and Kashmir,2021,32.6439,77.3291,463385,171271,292114,488,15,463,8,0.4141,1.0531,0.1998,0.5086,0
IND_0725,Kupwara,Jammu and Kashmir,2022,32.6439,77.3291,471698,176702,294996,,21,689,9,0.3028,1.0706,,0.5646,0
IND_0725,Kupwara,Jammu and Kashmir,2023,32.6439,77.3291,474777,180230,294547,569,18,331,7,0.4071,1.1985,0.1394,0.5088,0
IND_0726,Poonch,Jammu and Kashmir,2019,33.1312,76.2713,717636,156810,560826,572,20,416,,0.2994,0.7971,0.1159,0.4957,0
IND_0726,Poonch,Jammu and Kashmir,2020,33.1312,76.2713,727319,162563,564756,496,21,484,10,,0.682,0.1331,0.3864,0
IND_0726,Poonch,Jammu and Kashmir,2021,33.1312,76.2713,737722,168577,569145,867,19,408,9,0.3707,1.1752,0.1106,0.4468,0
IND_0726,Poonch,Jammu and Kashmir,2022,33.1312,76.2713,750610,175275,575335,,20,366,19,0.3923,0.858,0.0975,0.5111,0
IND_0726,Poonch,Jammu and Kashmir,2023,33.1312,76.2713,767952,,584788,574,30,969,20,0.3992,0.7474,,0.5048,0
IND_0727,Pulwama,Jammu and Kashmir,2019,35.0202,75.1564,1262648,424483,838165,1305,40,1146,,0.391,1.0335,0.1815,0.4806,0
IND_0727,Pulwama,Jammu and Kashmir,2020,35.0202,75.1564,1278622,436246,842376,785,54,1329,23,0.5262,0.6139,0.2079,0.4169,0
IND_0727,Pulwama,Jammu and Kashmir,2021,35.0202,75.1564,1296825,448941,847884,774,55,749,30,0.458,0.5968,0.1155,0.4545,0
IND_0727,Pulwama,Jammu and Kashmir,2022,35.0202,75.1564,1329006,,,1000,38,675,,,0.7524,0.1016,0.4321,0
IND_0727,Pulwama,Jammu and Kashmir,2023,35.0202,75.1564,1353289,482021,871268,1440,51,1610,19,0.3952,1.0641,0.2379,0.5154,0
IND_0728,Rajouri,Jammu and Kashmir,2019,32.8571,77.9817,781242,237476,543766,637,,863,12,0.4033,0.8154,0.2209,0.4531,0
IND_0728,Rajouri,Jammu and Kashmir,2020,32.8571,77.9817,794856,245589,549267,674,36,806,12,0.3526,0.848,0.2028,0.4659,0
IND_0728,Rajouri,Jammu and Kashmir,2021,32.8571,77.9817,800174,251233,548941,522,29,441,11,0.3861,0.6524,0.1102,0.4026,0
IND_0728,Rajouri,Jammu and Kashmir,2022,32.8571,77.9817,813694,259546,554148,820,36,856,13,0.3876,1.0077,,0.5287,0
IND_0728,Rajouri,Jammu and Kashmir,2023,32.8571,77.9817,834348,270306,564042,908,26,734,11,0.3613,1.0883,0.1759,0.4633,0
IND_0729,Ramban,Jammu and Kashmir,2019,33.3599,77.4122,148397,56664,91733,56,3,51,1,0.4123,0.3774,0.0687,0.3002,1
IND_0729,Ramban,Jammu and Kashmir,2020,33.3599,77.4122,151019,58420,92599,60,2,,1,0.6093,0.3973,0.0662,0.2507,1
IND_0729,Ramban,Jammu and Kashmir,2021,33.3599,77.4122,153252,60050,93202,,2,50,1,0.4781,0.3589,0.0653,0.2643,1
IND_0729,Ramban,Jammu and Kashmir,2022,33.3599,77.4122,155138,61565,93573,58,3,84,1,0.434,0.3739,0.1083,0.295,1
IND_0729,Ramban,Jammu and Kashmir,2023,33.3599,77.4122,156597,62927,93670,72,3,81,1,0.3961,0.4598,0.1035,0.3079,1
IND_0730,Reasi,Jammu and Kashmir,2019,34.3732,76.1637,319256,110110,209146,251,8,110,,0.334,0.7862,0.0689,0.4658,0
IND_0730,Reasi,Jammu and Kashmir,2020,34.3732,76.1637,323528,,210327,163,11,264,7,0.4969,0.5038,0.1632,0.4627,0
IND_0730,Reasi,Jammu and Kashmir,2021,34.3732,76.1637,328598,,211980,222,12,234,7,0.4059,0.6756,0.1424,0.5012,0
IND_0730,Reasi,Jammu and Kashmir,2022,34.3732,76.1637,332207,119560,212647,318,9,144,,0.3221,0.9572,0.0867,0.4719,0
IND_0730,Reasi,Jammu and Kashmir,2023,34.3732,76.1637,337924,123307,214617,266,13,233,6,0.3881,0.7872,0.1379,0.4892,0
IND_0731,Samba,Jammu and Kashmir,2019,35.6289,75.7789,184710,36670,148040,179,7,105,4,0.4014,0.9691,0.1137,0.4756,0
IND_0731,Samba,Jammu and Kashmir,2020,35.6289,75.7789,187858,38234,149624,150,5,108,4,0.3868,0.7985,0.115,0.4749,0
IND_0731,Samba,Jammu and Kashmir,2021,35.6289,75.7789,191384,,151475,178,6,139,2,0.4025,0.9301,0.1453,0.41,0
IND_0731,Samba,Jammu and Kashmir,2022,35.6289,75.7789,191933,40983,150950,158,5,126,3,,0.8232,0.1313,0.4364,0
IND_0731,Samba,Jammu and Kashmir,2023,35.6289,75.7789,194562,42517,152045,127,6,151,4,0.3687,0.6527,0.1552,0.4565,0
IND_0732,Shopian,Jammu and Kashmir,2019,36.4697,73.9576,1835436,382870,1452566,1618,53,772,28,,0.8815,0.0841,0.4012,0
IND_0732,Shopian,Jammu and Kashmir,2020,36.4697,73.9576,1865609,398492,1467117,1929,62,1496,,0.3957,1.034,0.1604,0.5167,0
IND_0732,Shopian,Jammu and Kashmir,2021,36.4697,73.9576,1898520,415015,,1390,70,1467,52,0.4307,0.7321,0.1545,0.5415,0
IND_0732,Shopian,Jammu and Kashmir,2022,36.4697,73.9576,1922769,429929,1492840,1190,89,2953,32,0.3786,0.6189,0.3072,0.444,0
IND_0732,Shopian,Jammu and Kashmir,2023,36.4697,73.9576,1930929,441409,1489520,,58,1580,49,0.419,,0.1637,0.4877,0
IND_0733,Srinagar,Jammu and Kashmir,2019,36.2665,75.1325,578532,144954,433578,172,,,4,0.449,0.2973,,0.2494,1
IND_0733,Srinagar,Jammu and Kashmir,2020,36.2665,75.1325,587309,150089,437220,143,7,186,4,0.6095,0.2435,0.0633,0.1711,1
IND_0733,Srinagar,Jammu and Kashmir,2021,36.2665,75.1325,594533,154908,439625,203,10,186,7,0.543,0.3414,0.0626,0.2812,1
IND_0733,Srinagar,Jammu and Kashmir,2022,36.2665,75.1325,606693,161110,445583,245,13,228,4,0.4991,0.4038,0.0752,0.2396,1
IND_0733,Srinagar,Jammu and Kashmir,2023,36.2665,75.1325,619550,167622,451928,159,,176,4,0.5425,0.2566,,0.2217,1
IND_0734,Udhampur,Jammu and Kashmir,2019,34.3764,78.849,554884,147125,,332,19,485,9,,0.5983,0.1748,0.408,0
IND_0734,Udhampur,Jammu and Kashmir,2020,34.3764,78.849,564542,152508,412034,396,23,583,9,0.3964,0.7015,0.2065,0.4216,0
IND_0734,Udhampur,Jammu and Kashmir,2021,34.3764,78.849,573271,157733,415538,539,21,575,,0.5088,0.9402,0.2006,0.4681,0
IND_0734,Udhampur,Jammu and Kashmir,2022,34.3764,78.849,582794,163267,,521,17,462,9,0.3668,0.894,0.1585,0.472,0
IND_0734,Udhampur,Jammu and Kashmir,2023,34.3764,78.849,588841,167905,420936,507,26,443,14,0.3326,0.861,0.1505,0.5164,0
IND_0735,Kargil,Ladakh,2019,35.6371,77.1874,1356285,504303,851982,,49,658,18,0.4525,0.5463,0.097,0.3595,0
IND_0735,Kargil,Ladakh,2020,35.6371,77.1874,1380362,520158,860204,622,56,1456,30,0.4674,0.4506,0.211,0.4726,0
IND_0735,Kargil,Ladakh,2021,35.6371,77.1874,1398342,533925,864417,1206,56,900,21,0.5432,0.8624,0.1287,0.4194,0
IND_0735,Kargil,Ladakh,2022,35.6371,77.1874,1429058,552798,,619,,1353,24,0.4185,0.4332,0.1894,0.4344,0
IND_0735,Kargil,Ladakh,2023,35.6371,77.1874,1456599,570735,885864,714,43,864,32,0.3896,0.4902,0.1186,0.4837,0
IND_0736,Leh,Ladakh,2019,34.7796,76.4114,316770,85226,231544,72,5,80,2,0.5025,0.2273,0.0505,0.2117,1
IND_0736,Leh,Ladakh,2020,34.7796,76.4114,322361,88342,234019,53,4,90,1,0.5339,0.1644,0.0558,0.1798,1
IND_0736,Leh,Ladakh,2021,34.7796,76.4114,324731,90615,234116,140,,70,2,0.5552,0.4311,0.0431,0.2531,1
IND_0736,Leh,Ladakh,2022,34.7796,76.4114,333979,94865,239114,109,3,,3,0.547,0.3264,0.0395,0.2177,1
IND_0736,Leh,Ladakh,2023,34.7796,76.4114,332985,96248,236737,79,7,145,3,0.5662,,0.0871,0.253,1
IND_0737,Central Delhi,Delhi,2019,28.8505,77.3583,328595,318737,9858,526,28,1305,1,0.1628,,0.7943,0.8486,0
IND_0737,Central Delhi,Delhi,2020,28.8505,77.3583,333626,323617,10009,506,32,1307,1,0.1912,1.5167,0.7835,0.8213,0
IND_0737,Central Delhi,Delhi,2021,28.8505,77.3583,339225,329048,10177,547,32,1874,1,,1.6125,1.0,0.8935,0
IND_0737,Central Delhi,Delhi,2022,28.8505,77.3583,346656,,10400,960,24,1529,1,0.1965,2.7693,0.8821,0.9253,0
IND_0737,Central Delhi,Delhi,2023,28.8505,77.3583,350737,340214,10523,814,23,1405,1,0.1546,2.3208,,0.9168,0
IND_0738,East Delhi,Delhi,2019,28.8957,76.9856,445105,431751,,1147,29,1459,1,0.0814,2.5769,0.6556,0.8981,0
IND_0738,East Delhi,Delhi,2020,28.8957,76.9856,450816,437291,13525,1103,35,2011,1,0.1525,2.4467,0.8922,0.9422,0
IND_0738,East Delhi,Delhi,2021,28.8957,76.9856,457131,443417,13714,865,29,2544,1,0.1617,1.8922,1.0,0.951,0
IND_0738,East Delhi,Delhi,2022,28.8957,76.9856,467775,453741,14034,614,42,3346,1,0.1515,1.3126,1.0,0.8765,0
IND_0738,East Delhi,Delhi,2023,28.8957,76.9856,472322,458152,,622,40,1459,1,0.0951,,0.6178,0.7809,0
IND_0739,New Delhi,Delhi,2019,28.4494,77.1987,367675,318630,49045,482,25,1388,1,0.0924,1.3109,0.755,0.7298,0
IND_0739,New Delhi,Delhi,2020,28.4494,77.1987,372619,324777,,884,35,2033,1,0.2203,2.3724,1.0,0.8836,0
IND_0739,New Delhi,Delhi,2021,28.4494,77.1987,378605,331888,46717,686,35,1179,1,0.1893,,0.6228,0.7615,0
IND_0739,New Delhi,Delhi,2022,28.4494,77.1987,385822,340143,45679,655,35,,,0.092,1.6977,0.6822,0.7684,0
IND_0739,New Delhi,Delhi,2023,28.4494,77.1987,391483,347091,44392,715,36,2956,1,0.179,,1.0,0.8754,0
IND_0740,North Delhi,Delhi,2019,28.78,76.8647,1666924,1574743,92181,3676,185,14847,,0.0905,2.2053,1.0,0.9701,0
IND_0740,North Delhi,Delhi,2020,28.78,76.8647,1694316,1609091,85225,2527,158,7601,2,0.2048,1.4915,0.8972,0.7907,0
IND_0740,North Delhi,Delhi,2021,28.78,76.8647,1722210,1644193,78017,4816,155,9410,2,0.109,2.7964,1.0,0.9186,0
IND_0740,North Delhi,Delhi,2022,28.78,76.8647,1744934,1674613,70321,4676,136,7738,1,0.1174,,0.8869,0.825,0
IND_0740,North Delhi,Delhi,2023,28.78,76.8647,1783438,1720482,62956,3760,154,8375,1,0.0685,2.1083,0.9392,0.8635,0
IND_0741,North East Delhi,Delhi,2019,28.4619,76.9972,636846,617740,19106,1670,46,4041,1,,2.6223,1.0,0.9349,0
IND_0741,North East Delhi,Delhi,2020,28.4619,76.9972,646537,627140,19397,886,50,1830,1,0.136,1.3704,0.5661,0.7841,0
IND_0741,North East Delhi,Delhi,2021,28.4619,76.9972,659733,,19792,1827,69,,1,0.2518,,,0.9358,0
IND_0741,North East Delhi,Delhi,2022,28.4619,76.9972,667046,,20012,1957,56,4878,1,0.1637,2.9338,1.0,0.9673,0
IND_0741,North East Delhi,Delhi,2023,28.4619,76.9972,678465,658111,20354,1750,58,,1,0.0816,2.5794,,0.9723,0
IND_0742,North West Delhi,Delhi,2019,28.7471,77.121,364008,353087,10921,447,37,1310,1,0.1681,1.228,0.7198,0.7897,0
IND_0742,North West Delhi,Delhi,2020,28.7471,77.121,368636,357576,11060,1021,41,3293,1,0.2585,2.7697,1.0,0.9288,0
IND_0742,North West Delhi,Delhi,2021,28.7471,77.121,372879,361692,,725,36,2185,1,,,1.0,0.9554,0
IND_0742,North West Delhi,Delhi,2022,28.7471,77.121,381765,370312,,930,27,2312,1,0.1628,2.4361,1.0,0.9456,0
IND_0742,North West Delhi,Delhi,2023,28.7471,77.121,388117,376473,,729,41,1520,1,,1.8783,0.7833,0.8799,0
IND_0743,Shahdara,Delhi,2019,28.5029,76.8405,892855,866069,26786,1683,91,7545,1,0.1022,1.885,1.0,0.9492,0
IND_0743,Shahdara,Delhi,2020,28.5029,76.8405,906319,,27190,1937,97,4034,1,,,0.8902,0.9064,0
IND_0743,Shahdara,Delhi,2021,28.5029,76.8405,914663,887223,27440,,97,7593,1,0.248,1.5273,1.0,0.8572,0
IND_0743,Shahdara,Delhi,2022,28.5029,76.8405,932887,904900,27987,1994,86,4724,1,0.1259,2.1375,1.0,0.9366,0
IND_0743,Shahdara,Delhi,2023,28.5029,76.8405,955568,926900,28668,2215,106,4598,1,0.1254,2.318,0.9624,0.9738,0
IND_0744,South Delhi,Delhi,2019,28.6125,77.3945,251649,242573,9076,465,18,929,1,0.1597,1.8478,0.7383,0.8638,0
IND_0744,South Delhi,Delhi,2020,28.6125,77.3945,255712,247768,7944,340,,940,1,0.1334,,0.7352,0.8155,0
IND_0744,South Delhi,Delhi,2021,28.6125,77.3945,260233,252426,7807,471,30,1286,1,0.2673,1.8099,0.9883,0.9209,0
IND_0744,South Delhi,Delhi,2022,28.6125,77.3945,261531,253685,,335,29,1618,1,0.117,1.2809,1.0,0.8544,0
IND_0744,South Delhi,Delhi,2023,28.6125,77.3945,265230,,7957,391,26,1410,1,0.1356,1.4742,1.0,0.895,0
IND_0745,South East Delhi,Delhi,2019,28.7408,77.1316,5369621,5141336,228285,12965,,29672,8,0.1323,2.4145,1.0,0.98,0
IND_0745,South East Delhi,Delhi,2020,28.7408,77.1316,5440606,5236506,204100,11481,377,28057,6,0.2466,2.1102,1.0,0.9104,0
IND_0745,South East Delhi,Delhi,2021,28.7408,77.1316,5536332,5356323,180009,,499,37761,4,0.286,2.5183,1.0,0.8493,0
IND_0745,South East Delhi,Delhi,2022,28.7408,77.1316,5645454,5476090,169364,13795,466,28725,,,2.4436,1.0,0.9378,0
IND_0745,South East Delhi,Delhi,2023,28.7408,77.1316,5646570,5477172,169398,10963,466,27887,2,0.1297,,0.9878,0.8297,0
IND_0746,South West Delhi,Delhi,2019,28.5914,76.8238,401491,385707,,775,42,1641,1,0.099,1.9303,0.8175,0.938,0
IND_0746,South West Delhi,Delhi,2020,28.5914,76.8238,406575,392624,13951,949,,2305,1,0.2503,2.3341,1.0,0.9536,0
IND_0746,South West Delhi,Delhi,2021,28.5914,76.8238,415434,402970,12464,1152,46,2030,1,0.1327,2.773,0.9773,0.9768,0
IND_0746,South West Delhi,Delhi,2022,28.5914,76.8238,418343,405792,12551,608,31,1928,1,0.1291,1.4534,0.9217,0.8802,0
IND_0746,South West Delhi,Delhi,2023,28.5914,76.8238,428923,416055,12868,1101,30,1268,,0.1163,2.5669,0.5912,0.8774,0
IND_0747,West Delhi,Delhi,2019,28.574,76.9211,237708,230576,7132,428,23,,1,0.1551,1.8005,0.6394,0.8265,0
IND_0747,West Delhi,Delhi,2020,28.574,76.9211,240899,233672,7227,530,23,1647,1,0.1586,2.2001,1.0,0.9309,0
IND_0747,West Delhi,Delhi,2021,28.574,76.9211,246150,238765,7385,677,21,1009,1,0.1161,2.7504,0.8198,0.9385,0
IND_0747,West Delhi,Delhi,2022,28.574,76.9211,249139,241664,7475,,28,1921,1,,2.0471,1.0,0.98,0
IND_0747,West Delhi,Delhi,2023,28.574,76.9211,253898,246281,7617,,26,1684,,0.1003,1.3667,1.0,0.8873,0
IND_0748,Karaikal,Puducherry,2019,12.0583,79.7475,364106,250382,113724,463,27,1496,4,0.1885,1.2716,0.8217,0.7901,0
IND_0748,Karaikal,Puducherry,2020,12.0583,79.7475,370040,256313,113727,499,19,1207,3,0.2555,1.3485,0.6524,0.7068,0
IND_0748,Karaikal,Puducherry,2021,12.0583,79.7475,374328,261155,113173,598,19,1249,3,0.2411,,0.6673,0.74,0
IND_0748,Karaikal,Puducherry,2022,12.0583,79.7475,383774,269664,114110,,24,1637,,0.1737,1.355,0.8531,0.7522,0
IND_0748,Karaikal,Puducherry,2023,12.0583,79.7475,386310,273378,112932,896,21,,2,0.2706,2.3194,0.6446,0.7441,0
IND_0749,Mahe,Puducherry,2019,11.9859,79.7905,169617,,71115,278,12,456,2,0.2801,1.639,0.5377,0.7024,0
IND_0749,Mahe,Puducherry,2020,11.9859,79.7905,172297,100920,71377,181,14,765,1,0.2628,1.0505,0.888,0.6591,0
IND_0749,Mahe,Puducherry,2021,11.9859,79.7905,175283,103545,71738,190,8,316,1,0.2458,1.084,0.3606,0.5349,0
IND_0749,Mahe,Puducherry,2022,11.9859,79.7905,176512,105154,,,,510,2,0.203,1.6996,0.5779,0.7653,0
IND_0749,Mahe,Puducherry,2023,11.9859,79.7905,178087,106983,,323,9,,,0.2074,1.8137,0.7221,0.7538,0
IND_0750,Puducherry,Puducherry,2019,11.8883,79.818,1073097,977576,95521,1039,63,3538,2,0.2262,0.9682,0.6594,0.6381,0
IND_0750,Puducherry,Puducherry,2020,11.8883,79.818,1087882,996485,91397,1524,66,3517,1,0.364,1.4009,0.6466,0.5965,0
IND_0750,Puducherry,Puducherry,2021,11.8883,79.818,1106259,1018849,87410,2310,96,4514,,0.2026,2.0881,0.8161,0.8556,0
IND_0750,Puducherry,Puducherry,2022,11.8883,79.818,1113911,1031466,82445,1522,94,4256,1,0.1407,1.3664,0.7642,0.7108,0
IND_0750,Puducherry,Puducherry,2023,11.8883,79.818,1146442,1067321,79121,1278,68,2816,2,0.2304,1.1148,0.4913,0.6464,0
IND_0751,Yanam,Puducherry,2019,12.0219,79.8254,173648,123552,50096,268,10,678,1,0.2737,1.5434,,0.7259,0
IND_0751,Yanam,Puducherry,2020,12.0219,79.8254,176590,126528,50062,,11,326,1,0.3027,1.7668,0.3692,0.6696,0
IND_0751,Yanam,Puducherry,2021,12.0219,79.8254,179936,129825,50111,421,12,,1,0.2645,,0.7247,0.7893,0
IND_0751,Yanam,Puducherry,2022,12.0219,79.8254,182851,132842,50009,272,14,434,1,0.2355,1.4875,0.4747,0.64,0
IND_0751,Yanam,Puducherry,2023,12.0219,79.8254,185376,135604,,,,440,1,0.2287,,0.4747,0.6629,0
